reading_id,machine_id,machine_name,department,install_year,age_years,reading_date,pressure_bar,temperature_c,vibration_mm_s,oil_viscosity,cycle_count,maintenance_score,failure_occurred,priority
RD-20000,MCH-001,Pipe Bending Line A,Production,2018,6,2024-06-05,132.69,68.11,3.33,46.67,121359,24,False,LOW
RD-20001,MCH-002,Hydraulic Press #1,Production,2015,9,2023-08-01,122.58,94.17,5.431,63.87,96068,50,False,MEDIUM
RD-20002,MCH-003,CNC Lathe Station 3,Machining,2019,5,2023-06-01,91.15,88.66,3.692,48.64,34548,28,False,LOW
RD-20003,MCH-004,Valve Assembly Robot,Assembly,2020,4,2023-12-17,125.21,94.52,3.872,53.13,45200,27,False,LOW
RD-20004,MCH-005,Quality Test Bench,QA,2017,7,2023-10-07,125.24,51.12,0.706,43.13,91521,28,False,LOW
RD-20005,MCH-006,Packaging Unit B,Logistics,2016,8,2023-12-25,169.85,54.56,6.579,40.46,28785,44,False,MEDIUM
RD-20006,MCH-007,Hydraulic Press #2,Production,2014,10,2024-09-17,84.66,57.82,7.234,53.33,62648,61,False,MEDIUM
RD-20007,MCH-008,Welding Station Alpha,Production,2021,3,2024-12-01,139.01,86.35,5.145,39.88,24132,14,False,LOW
RD-20008,MCH-009,Cooling Circuit Pump,Utilities,2013,11,2024-03-05,125.11,74.8,2.978,57.51,74576,36,True,LOW
RD-20009,MCH-010,Conveyor System Main,Logistics,2016,8,2024-09-05,120.46,67.64,12.957,51.55,36720,95,True,HIGH
RD-20010,MCH-001,Pipe Bending Line A,Production,2018,6,2023-06-17,111.4,57.26,1.013,38.41,60522,24,True,LOW
RD-20011,MCH-002,Hydraulic Press #1,Production,2015,9,2024-07-15,145.64,82.42,0.392,51.58,172788,36,False,LOW
RD-20012,MCH-003,CNC Lathe Station 3,Machining,2019,5,2023-03-22,119.7,42.06,1.644,51.91,95996,20,False,LOW
RD-20013,MCH-004,Valve Assembly Robot,Assembly,2020,4,2024-08-28,103.69,78.51,4.287,48.78,55080,16,False,LOW
RD-20014,MCH-005,Quality Test Bench,QA,2017,7,2023-10-25,154.68,88.17,3.743,30.94,122967,31,False,LOW
RD-20015,MCH-006,Packaging Unit B,Logistics,2016,8,2023-02-28,105.31,86.96,3.653,39.91,108258,34,False,LOW
RD-20016,MCH-007,Hydraulic Press #2,Production,2014,10,2024-12-28,134.86,81.83,1.741,47.63,171544,36,True,LOW
RD-20017,MCH-008,Welding Station Alpha,Production,2021,3,2024-06-21,129.31,62.51,2.287,52.89,21400,12,False,LOW
RD-20018,MCH-009,Cooling Circuit Pump,Utilities,2013,11,2023-08-24,111.02,84.4,3.917,51.32,20104,36,False,LOW
RD-20019,MCH-010,Conveyor System Main,Logistics,2016,8,2023-07-22,122.67,72.56,3.043,54.95,87462,32,False,LOW
RD-20020,MCH-001,Pipe Bending Line A,Production,2018,6,2024-12-25,121.87,65.78,2.764,53.88,17388,24,False,LOW
RD-20021,MCH-002,Hydraulic Press #1,Production,2015,9,2024-03-19,122.4,84.57,4.8,49.66,91612,36,False,LOW
RD-20022,MCH-003,CNC Lathe Station 3,Machining,2019,5,2024-04-12,97.76,56.26,6.074,56.56,67104,29,False,LOW
RD-20023,MCH-004,Valve Assembly Robot,Assembly,2020,4,2024-05-07,135.47,41.5,1.353,45.39,51908,16,False,LOW
RD-20024,MCH-005,Quality Test Bench,QA,2017,7,2024-04-04,152.35,59.99,3.631,43.31,47787,28,True,LOW
RD-20025,MCH-006,Packaging Unit B,Logistics,2016,8,2023-12-17,116.32,70.52,3.658,44.98,49968,32,False,LOW
RD-20026,MCH-007,Hydraulic Press #2,Production,2014,10,2024-12-17,123.6,88.68,6.594,49.34,45748,53,True,MEDIUM
RD-20027,MCH-008,Welding Station Alpha,Production,2021,3,2024-04-28,122.68,72.53,3.657,45.9,63136,12,True,LOW
RD-20028,MCH-009,Cooling Circuit Pump,Utilities,2013,11,2023-02-21,72.24,81.38,2.371,48.72,94772,49,False,MEDIUM
RD-20029,MCH-010,Conveyor System Main,Logistics,2016,8,2023-12-23,85.33,64.76,4.701,52.32,149289,39,True,LOW
RD-20030,MCH-001,Pipe Bending Line A,Production,2018,6,2023-09-15,121.99,63.96,0.505,37.31,26043,24,False,LOW
RD-20031,MCH-002,Hydraulic Press #1,Production,2015,9,2023-12-17,128.97,85.73,3.824,55.37,91016,36,False,LOW
RD-20032,MCH-003,CNC Lathe Station 3,Machining,2019,5,2023-02-06,124.99,35.95,3.095,44.56,53398,20,True,LOW
RD-20033,MCH-004,Valve Assembly Robot,Assembly,2020,4,2023-03-31,135.38,78.51,3.704,48.02,88846,16,False,LOW
RD-20034,MCH-005,Quality Test Bench,QA,2017,7,2024-07-29,178.99,68.28,0.079,59.28,24261,28,False,LOW
RD-20035,MCH-006,Packaging Unit B,Logistics,2016,8,2023-09-01,118.45,85.15,5.772,52.77,25176,38,False,LOW
RD-20036,MCH-007,Hydraulic Press #2,Production,2014,10,2024-05-27,136.23,74.28,4.202,56.02,189360,36,False,LOW
RD-20037,MCH-008,Welding Station Alpha,Production,2021,3,2024-11-30,144.34,40.95,7.194,35.42,12738,29,False,LOW
RD-20038,MCH-009,Cooling Circuit Pump,Utilities,2013,11,2023-01-17,116.48,94.32,0.326,48.24,26844,47,False,MEDIUM
RD-20039,MCH-010,Conveyor System Main,Logistics,2016,8,2023-04-28,106.7,80.43,3.319,46.76,63660,32,True,LOW
RD-20040,MCH-001,Pipe Bending Line A,Production,2018,6,2023-07-18,126.03,90.85,2.064,39.57,80352,31,True,LOW
RD-20041,MCH-002,Hydraulic Press #1,Production,2015,9,2023-12-08,87.85,64.45,2.1,53.27,179700,42,True,MEDIUM
RD-20042,MCH-003,CNC Lathe Station 3,Machining,2019,5,2024-12-06,132.89,65.87,3.114,45.33,85912,20,False,LOW
RD-20043,MCH-004,Valve Assembly Robot,Assembly,2020,4,2024-01-01,158.78,82.28,3.786,39.41,59610,16,False,LOW
RD-20044,MCH-005,Quality Test Bench,QA,2017,7,2024-02-14,104.23,52.89,3.768,50.61,54786,28,False,LOW
RD-20045,MCH-006,Packaging Unit B,Logistics,2016,8,2023-07-12,135.91,66.59,4.948,39.87,77016,32,False,LOW
RD-20046,MCH-007,Hydraulic Press #2,Production,2014,10,2024-08-05,143.73,67.68,5.311,58.05,113536,38,False,LOW
RD-20047,MCH-008,Welding Station Alpha,Production,2021,3,2024-10-12,119.53,58.15,6.33,36.71,26062,22,False,LOW
RD-20048,MCH-009,Cooling Circuit Pump,Utilities,2013,11,2023-04-14,143.95,79.05,3.068,55.31,31232,36,False,LOW
RD-20049,MCH-010,Conveyor System Main,Logistics,2016,8,2023-02-11,146.19,113.52,0.781,49.48,78831,66,True,MEDIUM
RD-20050,MCH-001,Pipe Bending Line A,Production,2018,6,2024-06-14,146.6,58.69,3.228,41.89,42957,24,False,LOW
RD-20051,MCH-002,Hydraulic Press #1,Production,2015,9,2024-11-19,132.85,98.21,1.84,55.15,108580,51,False,MEDIUM
RD-20052,MCH-003,CNC Lathe Station 3,Machining,2019,5,2023-08-28,108.16,103.34,2.166,41.58,56602,42,False,MEDIUM
RD-20053,MCH-004,Valve Assembly Robot,Assembly,2020,4,2023-07-08,134.8,85.02,5.204,46.03,84644,17,False,LOW
RD-20054,MCH-005,Quality Test Bench,QA,2017,7,2024-04-14,145.28,64.03,6.187,41.93,101622,37,False,LOW
RD-20055,MCH-006,Packaging Unit B,Logistics,2016,8,2023-04-16,97.04,43.07,6.926,40.24,53079,48,False,MEDIUM
RD-20056,MCH-007,Hydraulic Press #2,Production,2014,10,2023-03-11,135.9,75.73,8.632,54.87,149144,65,True,MEDIUM
RD-20057,MCH-008,Welding Station Alpha,Production,2021,3,2024-09-11,126.64,48.17,2.237,52.73,23636,12,False,LOW
RD-20058,MCH-009,Cooling Circuit Pump,Utilities,2013,11,2024-03-14,142.57,78.58,0.637,51.51,175524,36,True,LOW
RD-20059,MCH-010,Conveyor System Main,Logistics,2016,8,2023-11-03,121.4,110.44,3.728,55.67,49170,62,True,MEDIUM
RD-20060,MCH-001,Pipe Bending Line A,Production,2018,6,2024-05-29,121.21,84.1,1.265,55.66,105666,24,False,LOW
RD-20061,MCH-002,Hydraulic Press #1,Production,2015,9,2023-12-26,146.29,73.37,1.402,42.62,128860,36,False,LOW
RD-20062,MCH-003,CNC Lathe Station 3,Machining,2019,5,2024-01-21,143.17,74.65,3.234,39.4,54436,20,True,LOW
RD-20063,MCH-004,Valve Assembly Robot,Assembly,2020,4,2023-02-05,127.8,93.46,3.21,48.68,69312,26,False,LOW
RD-20064,MCH-005,Quality Test Bench,QA,2017,7,2024-12-14,70.37,82.59,3.952,41.18,24618,42,True,MEDIUM
RD-20065,MCH-006,Packaging Unit B,Logistics,2016,8,2024-06-05,99.92,90.25,2.573,55.54,60735,38,False,LOW
RD-20066,MCH-007,Hydraulic Press #2,Production,2014,10,2024-05-13,161.94,36.45,0.514,42.23,44456,36,False,LOW
RD-20067,MCH-008,Welding Station Alpha,Production,2021,3,2024-06-14,97.59,84.78,1.855,51.4,18152,13,False,LOW
RD-20068,MCH-009,Cooling Circuit Pump,Utilities,2013,11,2024-10-31,118.42,98.51,2.176,48.59,95044,52,True,MEDIUM
RD-20069,MCH-010,Conveyor System Main,Logistics,2016,8,2023-03-12,123.48,38.72,7.288,49.4,81393,50,False,MEDIUM
RD-20070,MCH-001,Pipe Bending Line A,Production,2018,6,2023-01-05,129.17,58.11,2.864,36.55,125421,24,False,LOW
RD-20071,MCH-002,Hydraulic Press #1,Production,2015,9,2024-04-10,136.08,118.33,1.928,64.48,129172,75,False,HIGH
RD-20072,MCH-003,CNC Lathe Station 3,Machining,2019,5,2023-01-31,130.92,67.55,7.254,33.65,84468,38,True,LOW
RD-20073,MCH-004,Valve Assembly Robot,Assembly,2020,4,2024-04-12,96.63,66.75,2.787,55.67,97052,17,True,LOW
RD-20074,MCH-005,Quality Test Bench,QA,2017,7,2023-08-08,118.64,95.25,3.792,45.67,29352,40,False,MEDIUM
RD-20075,MCH-006,Packaging Unit B,Logistics,2016,8,2023-01-11,131.71,63.66,8.028,39.68,80193,56,False,MEDIUM
RD-20076,MCH-007,Hydraulic Press #2,Production,2014,10,2023-08-31,130.83,80.33,2.929,51.75,144028,36,True,LOW
RD-20077,MCH-008,Welding Station Alpha,Production,2021,3,2024-11-08,100.4,83.09,4.513,45.15,51892,12,False,LOW
RD-20078,MCH-009,Cooling Circuit Pump,Utilities,2013,11,2024-02-24,111.46,106.64,3.705,47.09,162956,61,False,MEDIUM
RD-20079,MCH-010,Conveyor System Main,Logistics,2016,8,2024-02-24,138.32,105.62,2.59,53.05,76335,56,False,MEDIUM
RD-20080,MCH-001,Pipe Bending Line A,Production,2018,6,2023-07-03,128.08,88.42,6.19,57.62,98736,37,False,LOW
RD-20081,MCH-002,Hydraulic Press #1,Production,2015,9,2024-09-08,131.99,87.63,3.848,60.14,36360,39,False,LOW
RD-20082,MCH-003,CNC Lathe Station 3,Machining,2019,5,2024-08-26,127.83,123.83,4.032,35.52,58146,66,False,MEDIUM
RD-20083,MCH-004,Valve Assembly Robot,Assembly,2020,4,2024-08-01,116.25,70.28,2.97,52.29,92892,16,False,LOW
RD-20084,MCH-005,Quality Test Bench,QA,2017,7,2023-09-04,89.38,76.74,2.087,47.64,88542,33,False,LOW
RD-20085,MCH-006,Packaging Unit B,Logistics,2016,8,2023-05-10,117.22,97.38,4.269,41.57,38553,46,True,MEDIUM
RD-20086,MCH-007,Hydraulic Press #2,Production,2014,10,2023-10-22,118.93,69.96,5.826,34.11,78028,42,False,MEDIUM
RD-20087,MCH-008,Welding Station Alpha,Production,2021,3,2023-06-15,151.4,84.56,3.869,48.54,60764,12,False,LOW
RD-20088,MCH-009,Cooling Circuit Pump,Utilities,2013,11,2024-11-07,86.23,42.24,4.614,38.43,58844,42,False,MEDIUM
RD-20089,MCH-010,Conveyor System Main,Logistics,2016,8,2024-01-17,134.82,77.7,4.965,39.44,71346,32,False,LOW
RD-20090,MCH-001,Pipe Bending Line A,Production,2018,6,2023-12-14,125.83,80.38,3.168,43.21,25563,24,False,LOW
RD-20091,MCH-002,Hydraulic Press #1,Production,2015,9,2023-10-04,114.41,88.96,3.295,44.67,168612,40,False,MEDIUM
RD-20092,MCH-003,CNC Lathe Station 3,Machining,2019,5,2024-12-11,124.14,71.17,6.752,35.62,25850,34,False,LOW
RD-20093,MCH-004,Valve Assembly Robot,Assembly,2020,4,2024-05-02,113.33,78.64,4.989,53.0,73244,16,False,LOW
RD-20094,MCH-005,Quality Test Bench,QA,2017,7,2023-09-10,87.7,72.37,5.008,46.36,136671,34,False,LOW
RD-20095,MCH-006,Packaging Unit B,Logistics,2016,8,2024-12-02,125.65,73.59,1.13,32.04,53097,32,False,LOW
RD-20096,MCH-007,Hydraulic Press #2,Production,2014,10,2023-12-19,53.67,106.09,0.178,43.54,104572,84,False,HIGH
RD-20097,MCH-008,Welding Station Alpha,Production,2021,3,2024-02-04,113.25,97.59,2.082,50.07,22900,27,False,LOW
RD-20098,MCH-009,Cooling Circuit Pump,Utilities,2013,11,2024-03-10,111.76,96.93,6.972,44.53,99188,66,False,MEDIUM
RD-20099,MCH-010,Conveyor System Main,Logistics,2016,8,2023-11-27,147.22,53.57,0.129,47.85,126363,32,False,LOW
RD-20100,MCH-001,Pipe Bending Line A,Production,2018,6,2023-03-31,134.27,63.07,1.575,42.86,119511,24,False,LOW
RD-20101,MCH-002,Hydraulic Press #1,Production,2015,9,2024-09-08,121.52,69.7,0.024,30.39,183004,36,False,LOW
RD-20102,MCH-003,CNC Lathe Station 3,Machining,2019,5,2024-03-28,145.12,94.0,1.705,37.92,56422,30,True,LOW
RD-20103,MCH-004,Valve Assembly Robot,Assembly,2020,4,2023-07-21,127.6,44.39,1.766,45.8,92460,16,False,LOW
RD-20104,MCH-005,Quality Test Bench,QA,2017,7,2023-07-02,123.17,80.82,3.721,51.35,126390,28,False,LOW
RD-20105,MCH-006,Packaging Unit B,Logistics,2016,8,2023-07-20,160.56,90.88,0.059,53.78,57987,39,False,LOW
RD-20106,MCH-007,Hydraulic Press #2,Production,2014,10,2023-10-31,124.03,63.51,4.371,34.74,162288,36,False,LOW
RD-20107,MCH-008,Welding Station Alpha,Production,2021,3,2024-11-20,122.17,47.38,5.578,48.71,58128,16,False,LOW
RD-20108,MCH-009,Cooling Circuit Pump,Utilities,2013,11,2024-03-05,119.45,71.53,1.89,43.04,38028,36,False,LOW
RD-20109,MCH-010,Conveyor System Main,Logistics,2016,8,2024-01-31,142.29,98.28,2.321,33.2,129195,47,False,MEDIUM
RD-20110,MCH-001,Pipe Bending Line A,Production,2018,6,2023-08-11,107.95,46.67,3.463,38.94,36666,24,False,LOW
RD-20111,MCH-002,Hydraulic Press #1,Production,2015,9,2024-11-15,89.64,106.24,6.524,34.91,44296,78,False,HIGH
RD-20112,MCH-003,CNC Lathe Station 3,Machining,2019,5,2023-11-03,182.99,92.69,3.269,53.37,80596,29,True,LOW
RD-20113,MCH-004,Valve Assembly Robot,Assembly,2020,4,2024-07-27,118.53,76.33,0.913,43.98,43272,16,False,LOW
RD-20114,MCH-005,Quality Test Bench,QA,2017,7,2024-09-20,91.55,50.61,3.957,54.98,51810,32,False,LOW
RD-20115,MCH-006,Packaging Unit B,Logistics,2016,8,2024-12-21,113.36,87.44,5.815,43.89,133476,41,True,MEDIUM
RD-20116,MCH-007,Hydraulic Press #2,Production,2014,10,2024-06-03,141.09,45.35,8.531,42.08,106632,64,True,MEDIUM
RD-20117,MCH-008,Welding Station Alpha,Production,2021,3,2024-09-04,117.9,78.08,1.742,46.99,63996,12,True,LOW
RD-20118,MCH-009,Cooling Circuit Pump,Utilities,2013,11,2024-06-02,100.96,91.76,1.287,29.23,179176,44,False,MEDIUM
RD-20119,MCH-010,Conveyor System Main,Logistics,2016,8,2023-08-01,84.81,72.46,2.26,51.21,69522,39,False,LOW
RD-20120,MCH-001,Pipe Bending Line A,Production,2018,6,2024-10-08,96.51,85.8,0.257,43.78,97563,26,False,LOW
RD-20121,MCH-002,Hydraulic Press #1,Production,2015,9,2023-08-31,111.21,78.39,3.567,37.51,168584,36,False,LOW
RD-20122,MCH-003,CNC Lathe Station 3,Machining,2019,5,2024-10-19,137.45,94.64,4.257,39.64,40338,31,False,LOW
RD-20123,MCH-004,Valve Assembly Robot,Assembly,2020,4,2023-01-31,117.24,80.28,1.524,45.03,98218,16,True,LOW
RD-20124,MCH-005,Quality Test Bench,QA,2017,7,2024-11-08,115.62,78.25,4.365,50.37,146025,28,False,LOW
RD-20125,MCH-006,Packaging Unit B,Logistics,2016,8,2024-10-09,126.89,54.1,4.412,47.56,54195,32,True,LOW
RD-20126,MCH-007,Hydraulic Press #2,Production,2014,10,2024-06-11,111.99,92.4,2.681,43.42,74484,44,False,MEDIUM
RD-20127,MCH-008,Welding Station Alpha,Production,2021,3,2024-03-01,143.28,81.08,3.746,47.42,98690,12,False,LOW
RD-20128,MCH-009,Cooling Circuit Pump,Utilities,2013,11,2024-08-16,122.85,58.75,1.679,42.44,43068,36,False,LOW
RD-20129,MCH-010,Conveyor System Main,Logistics,2016,8,2023-10-25,95.23,71.43,1.18,41.0,149118,34,False,LOW
RD-20130,MCH-001,Pipe Bending Line A,Production,2018,6,2024-09-19,113.57,91.26,1.165,34.75,127959,31,False,LOW
RD-20131,MCH-002,Hydraulic Press #1,Production,2015,9,2024-07-18,87.93,54.35,0.439,63.38,164504,42,False,MEDIUM
RD-20132,MCH-003,CNC Lathe Station 3,Machining,2019,5,2024-04-02,143.34,100.42,1.993,51.61,59948,38,False,LOW
RD-20133,MCH-004,Valve Assembly Robot,Assembly,2020,4,2023-05-28,139.1,72.95,3.361,48.86,92256,16,False,LOW
RD-20134,MCH-005,Quality Test Bench,QA,2017,7,2023-05-23,91.9,81.59,4.016,66.97,85521,32,False,LOW
RD-20135,MCH-006,Packaging Unit B,Logistics,2016,8,2023-08-18,80.89,61.48,2.955,51.46,26553,41,False,MEDIUM
RD-20136,MCH-007,Hydraulic Press #2,Production,2014,10,2023-12-01,101.14,91.29,9.005,41.65,186360,75,False,HIGH
RD-20137,MCH-008,Welding Station Alpha,Production,2021,3,2024-12-01,95.04,73.39,3.81,46.28,24242,14,False,LOW
RD-20138,MCH-009,Cooling Circuit Pump,Utilities,2013,11,2023-09-03,115.61,93.42,5.576,43.51,129416,50,True,MEDIUM
RD-20139,MCH-010,Conveyor System Main,Logistics,2016,8,2024-01-24,113.06,47.69,7.079,45.5,37596,48,False,MEDIUM
RD-20140,MCH-001,Pipe Bending Line A,Production,2018,6,2023-03-20,115.4,79.08,2.853,46.51,26052,24,False,LOW
RD-20141,MCH-002,Hydraulic Press #1,Production,2015,9,2024-08-02,89.53,62.72,11.094,35.22,134560,89,True,HIGH
RD-20142,MCH-003,CNC Lathe Station 3,Machining,2019,5,2023-10-11,100.97,49.41,4.193,44.87,26616,20,False,LOW
RD-20143,MCH-004,Valve Assembly Robot,Assembly,2020,4,2024-06-05,128.67,69.42,1.707,49.78,56808,16,False,LOW
RD-20144,MCH-005,Quality Test Bench,QA,2017,7,2023-06-05,140.31,65.84,0.654,57.62,143199,28,True,LOW
RD-20145,MCH-006,Packaging Unit B,Logistics,2016,8,2023-02-25,112.28,53.75,0.516,32.19,43164,32,False,LOW
RD-20146,MCH-007,Hydraulic Press #2,Production,2014,10,2024-05-20,116.6,80.8,7.627,42.52,90180,57,False,MEDIUM
RD-20147,MCH-008,Welding Station Alpha,Production,2021,3,2024-06-25,117.64,66.68,4.755,43.85,95750,12,False,LOW
RD-20148,MCH-009,Cooling Circuit Pump,Utilities,2013,11,2023-10-30,149.19,77.99,0.289,35.43,137416,36,True,LOW
RD-20149,MCH-010,Conveyor System Main,Logistics,2016,8,2023-07-13,112.15,93.8,5.553,57.3,116298,46,False,MEDIUM
RD-20150,MCH-001,Pipe Bending Line A,Production,2018,6,2023-10-12,135.94,82.53,7.178,49.11,28566,41,False,MEDIUM
RD-20151,MCH-002,Hydraulic Press #1,Production,2015,9,2024-06-10,105.01,97.64,1.562,35.6,124876,51,False,MEDIUM
RD-20152,MCH-003,CNC Lathe Station 3,Machining,2019,5,2024-04-12,103.83,94.58,1.447,45.21,57126,31,False,LOW
RD-20153,MCH-004,Valve Assembly Robot,Assembly,2020,4,2024-03-09,110.94,76.79,6.938,49.55,73504,31,False,LOW
RD-20154,MCH-005,Quality Test Bench,QA,2017,7,2024-09-15,146.85,110.44,4.135,48.14,76653,58,False,MEDIUM
RD-20155,MCH-006,Packaging Unit B,Logistics,2016,8,2023-05-29,84.97,65.22,2.959,54.61,138774,39,True,LOW
RD-20156,MCH-007,Hydraulic Press #2,Production,2014,10,2024-05-06,122.49,73.4,3.776,57.9,151224,36,True,LOW
RD-20157,MCH-008,Welding Station Alpha,Production,2021,3,2024-02-17,124.4,83.17,3.424,46.21,28610,12,False,LOW
RD-20158,MCH-009,Cooling Circuit Pump,Utilities,2013,11,2023-12-17,121.72,107.86,1.209,35.81,54800,63,False,MEDIUM
RD-20159,MCH-010,Conveyor System Main,Logistics,2016,8,2024-10-25,132.85,75.63,2.858,29.54,105828,32,False,LOW
RD-20160,MCH-001,Pipe Bending Line A,Production,2018,6,2024-05-30,105.46,67.19,0.984,52.42,110004,24,False,LOW
RD-20161,MCH-002,Hydraulic Press #1,Production,2015,9,2024-12-13,150.18,64.76,0.42,42.06,139816,36,True,LOW
RD-20162,MCH-003,CNC Lathe Station 3,Machining,2019,5,2024-01-25,124.63,78.98,2.309,54.22,87994,20,False,LOW
RD-20163,MCH-004,Valve Assembly Robot,Assembly,2020,4,2023-11-16,103.88,50.5,1.358,52.83,77904,16,False,LOW
RD-20164,MCH-005,Quality Test Bench,QA,2017,7,2024-02-24,130.1,98.09,0.06,64.1,105483,43,False,MEDIUM
RD-20165,MCH-006,Packaging Unit B,Logistics,2016,8,2024-11-06,170.5,50.89,2.386,44.31,129405,32,False,LOW
RD-20166,MCH-007,Hydraulic Press #2,Production,2014,10,2023-01-01,144.94,89.47,3.557,57.39,109012,41,False,MEDIUM
RD-20167,MCH-008,Welding Station Alpha,Production,2021,3,2024-09-14,129.45,41.44,1.385,52.08,61824,12,False,LOW
RD-20168,MCH-009,Cooling Circuit Pump,Utilities,2013,11,2023-08-26,135.39,75.03,2.279,58.98,63328,36,False,LOW
RD-20169,MCH-010,Conveyor System Main,Logistics,2016,8,2024-01-08,109.68,96.71,6.225,46.78,123459,55,False,MEDIUM
RD-20170,MCH-001,Pipe Bending Line A,Production,2018,6,2024-01-15,140.33,43.32,4.722,52.67,82344,24,False,LOW
RD-20171,MCH-002,Hydraulic Press #1,Production,2015,9,2023-09-14,90.93,69.04,4.094,37.69,153472,40,True,MEDIUM
RD-20172,MCH-003,CNC Lathe Station 3,Machining,2019,5,2024-02-22,120.31,49.37,1.97,45.6,36672,20,True,LOW
RD-20173,MCH-004,Valve Assembly Robot,Assembly,2020,4,2024-12-02,95.42,88.7,6.437,48.52,33590,34,False,LOW
RD-20174,MCH-005,Quality Test Bench,QA,2017,7,2023-01-29,137.2,73.85,3.465,37.37,93783,28,False,LOW
RD-20175,MCH-006,Packaging Unit B,Logistics,2016,8,2024-08-21,128.82,56.76,7.223,32.26,85185,49,True,MEDIUM
RD-20176,MCH-007,Hydraulic Press #2,Production,2014,10,2023-06-05,100.64,107.2,2.195,34.69,55032,62,True,MEDIUM
RD-20177,MCH-008,Welding Station Alpha,Production,2021,3,2023-04-27,104.95,59.22,8.483,44.44,54578,39,False,LOW
RD-20178,MCH-009,Cooling Circuit Pump,Utilities,2013,11,2024-11-23,134.67,60.28,0.701,51.79,192752,36,False,LOW
RD-20179,MCH-010,Conveyor System Main,Logistics,2016,8,2023-01-21,105.65,90.54,3.293,52.28,82377,38,False,LOW
RD-20180,MCH-001,Pipe Bending Line A,Production,2018,6,2023-09-14,127.13,85.25,3.316,42.28,23412,24,False,LOW
RD-20181,MCH-002,Hydraulic Press #1,Production,2015,9,2024-03-30,105.22,70.24,3.58,51.89,46024,36,False,LOW
RD-20182,MCH-003,CNC Lathe Station 3,Machining,2019,5,2023-02-20,104.49,107.95,6.277,52.93,90180,57,True,MEDIUM
RD-20183,MCH-004,Valve Assembly Robot,Assembly,2020,4,2023-12-29,105.56,64.21,3.76,38.98,23106,16,False,LOW
RD-20184,MCH-005,Quality Test Bench,QA,2017,7,2023-01-23,131.76,43.88,6.087,53.31,67008,36,True,LOW
RD-20185,MCH-006,Packaging Unit B,Logistics,2016,8,2023-04-18,125.06,94.0,8.886,38.19,82140,73,False,HIGH
RD-20186,MCH-007,Hydraulic Press #2,Production,2014,10,2023-12-22,145.88,73.34,3.111,32.79,192608,36,True,LOW
RD-20187,MCH-008,Welding Station Alpha,Production,2021,3,2023-12-16,136.58,57.37,3.822,51.64,21812,12,False,LOW
RD-20188,MCH-009,Cooling Circuit Pump,Utilities,2013,11,2024-04-28,144.84,59.51,8.745,29.05,51448,65,False,MEDIUM
RD-20189,MCH-010,Conveyor System Main,Logistics,2016,8,2024-02-28,147.08,62.54,1.097,47.22,144945,32,False,LOW
RD-20190,MCH-001,Pipe Bending Line A,Production,2018,6,2024-07-01,113.4,79.37,1.59,40.08,108759,24,True,LOW
RD-20191,MCH-002,Hydraulic Press #1,Production,2015,9,2023-02-27,115.32,103.14,5.278,49.3,175828,59,True,MEDIUM
RD-20192,MCH-003,CNC Lathe Station 3,Machining,2019,5,2024-10-26,124.67,62.04,0.695,34.15,84876,20,True,LOW
RD-20193,MCH-004,Valve Assembly Robot,Assembly,2020,4,2023-03-25,129.89,41.5,2.644,54.85,80170,16,False,LOW
RD-20194,MCH-005,Quality Test Bench,QA,2017,7,2023-03-11,137.32,50.12,4.9,52.64,62709,28,False,LOW
RD-20195,MCH-006,Packaging Unit B,Logistics,2016,8,2023-02-01,120.37,76.44,5.456,53.22,59631,35,False,LOW
RD-20196,MCH-007,Hydraulic Press #2,Production,2014,10,2024-10-17,80.35,55.76,6.866,49.69,129484,60,True,MEDIUM
RD-20197,MCH-008,Welding Station Alpha,Production,2021,3,2024-02-03,107.76,68.9,4.153,41.73,98582,12,False,LOW
RD-20198,MCH-009,Cooling Circuit Pump,Utilities,2013,11,2024-10-08,168.11,59.54,1.549,55.62,75176,36,True,LOW
RD-20199,MCH-010,Conveyor System Main,Logistics,2016,8,2024-10-10,91.04,56.5,1.475,49.01,113238,36,False,LOW
RD-20200,MCH-001,Pipe Bending Line A,Production,2018,6,2024-09-28,155.42,63.41,5.358,51.25,47895,26,False,LOW
RD-20201,MCH-002,Hydraulic Press #1,Production,2015,9,2024-01-11,89.11,83.6,4.513,49.08,73344,41,True,MEDIUM
RD-20202,MCH-003,CNC Lathe Station 3,Machining,2019,5,2023-08-10,134.3,68.71,0.008,44.55,67412,20,False,LOW
RD-20203,MCH-004,Valve Assembly Robot,Assembly,2020,4,2024-11-02,97.24,68.52,2.721,54.95,29772,17,False,LOW
RD-20204,MCH-005,Quality Test Bench,QA,2017,7,2023-10-15,106.88,61.28,1.698,56.46,62160,28,False,LOW
RD-20205,MCH-006,Packaging Unit B,Logistics,2016,8,2023-07-24,100.67,67.66,4.819,38.78,46998,32,True,LOW
RD-20206,MCH-007,Hydraulic Press #2,Production,2014,10,2024-11-05,125.43,79.34,1.627,43.77,74652,36,False,LOW
RD-20207,MCH-008,Welding Station Alpha,Production,2021,3,2024-04-04,102.4,66.18,0.062,58.57,57318,12,False,LOW
RD-20208,MCH-009,Cooling Circuit Pump,Utilities,2013,11,2023-06-26,82.11,68.29,5.849,49.23,132736,51,False,MEDIUM
RD-20209,MCH-010,Conveyor System Main,Logistics,2016,8,2024-01-30,75.0,49.85,5.081,54.71,131322,45,True,MEDIUM
RD-20210,MCH-001,Pipe Bending Line A,Production,2018,6,2023-10-03,79.96,98.7,4.615,45.48,113124,50,False,MEDIUM
RD-20211,MCH-002,Hydraulic Press #1,Production,2015,9,2023-07-07,129.09,71.8,6.819,34.71,23736,50,False,MEDIUM
RD-20212,MCH-003,CNC Lathe Station 3,Machining,2019,5,2024-12-05,123.22,99.59,3.228,51.2,13010,37,False,LOW
RD-20213,MCH-004,Valve Assembly Robot,Assembly,2020,4,2024-08-29,134.3,69.93,2.689,49.21,74980,16,False,LOW
RD-20214,MCH-005,Quality Test Bench,QA,2017,7,2024-02-11,112.17,81.48,3.081,40.6,48267,28,False,LOW
RD-20215,MCH-006,Packaging Unit B,Logistics,2016,8,2023-12-15,122.17,40.18,7.66,38.33,29163,53,False,MEDIUM
RD-20216,MCH-007,Hydraulic Press #2,Production,2014,10,2023-09-11,142.88,61.73,1.187,51.75,74404,36,False,LOW
RD-20217,MCH-008,Welding Station Alpha,Production,2021,3,2023-02-08,117.08,92.21,2.636,47.67,82352,20,False,LOW
RD-20218,MCH-009,Cooling Circuit Pump,Utilities,2013,11,2023-09-06,110.99,70.07,4.59,65.0,121108,36,False,LOW
RD-20219,MCH-010,Conveyor System Main,Logistics,2016,8,2024-04-01,61.37,79.74,0.403,42.01,108390,51,False,MEDIUM
RD-20220,MCH-001,Pipe Bending Line A,Production,2018,6,2024-06-21,106.64,64.47,2.993,44.12,80616,24,False,LOW
RD-20221,MCH-002,Hydraulic Press #1,Production,2015,9,2024-05-29,110.29,37.04,0.172,43.69,189672,36,False,LOW
RD-20222,MCH-003,CNC Lathe Station 3,Machining,2019,5,2024-10-24,115.89,78.97,2.581,46.29,93724,20,False,LOW
RD-20223,MCH-004,Valve Assembly Robot,Assembly,2020,4,2024-01-17,136.51,53.12,7.496,53.78,38176,35,False,LOW
RD-20224,MCH-005,Quality Test Bench,QA,2017,7,2023-08-22,127.71,93.49,2.289,42.47,66291,38,False,LOW
RD-20225,MCH-006,Packaging Unit B,Logistics,2016,8,2024-04-18,96.84,106.72,1.699,53.91,16329,59,True,MEDIUM
RD-20226,MCH-007,Hydraulic Press #2,Production,2014,10,2024-07-27,105.03,41.9,3.436,45.85,53164,36,False,LOW
RD-20227,MCH-008,Welding Station Alpha,Production,2021,3,2023-09-20,115.51,80.39,5.721,41.32,15906,17,False,LOW
RD-20228,MCH-009,Cooling Circuit Pump,Utilities,2013,11,2023-05-03,111.1,88.43,2.477,48.74,56188,40,False,MEDIUM
RD-20229,MCH-010,Conveyor System Main,Logistics,2016,8,2023-12-29,172.45,61.5,0.869,38.24,93702,32,False,LOW
RD-20230,MCH-001,Pipe Bending Line A,Production,2018,6,2023-05-03,132.0,98.36,4.628,46.77,69003,40,False,MEDIUM
RD-20231,MCH-002,Hydraulic Press #1,Production,2015,9,2024-02-09,171.75,67.69,2.372,41.17,81976,36,True,LOW
RD-20232,MCH-003,CNC Lathe Station 3,Machining,2019,5,2023-10-10,106.68,57.76,6.808,46.72,39354,34,False,LOW
RD-20233,MCH-004,Valve Assembly Robot,Assembly,2020,4,2024-01-05,134.97,107.49,2.115,38.13,29480,42,False,MEDIUM
RD-20234,MCH-005,Quality Test Bench,QA,2017,7,2023-05-13,82.25,67.78,6.57,33.77,145872,49,False,MEDIUM
RD-20235,MCH-006,Packaging Unit B,Logistics,2016,8,2024-08-11,76.42,50.69,7.37,46.49,88980,62,False,MEDIUM
RD-20236,MCH-007,Hydraulic Press #2,Production,2014,10,2024-09-18,90.5,114.14,6.792,50.09,149624,90,False,HIGH
RD-20237,MCH-008,Welding Station Alpha,Production,2021,3,2023-07-04,89.54,86.46,5.958,44.61,97868,26,False,LOW
RD-20238,MCH-009,Cooling Circuit Pump,Utilities,2013,11,2024-07-10,91.97,96.82,2.356,48.6,125068,54,False,MEDIUM
RD-20239,MCH-010,Conveyor System Main,Logistics,2016,8,2023-03-22,78.01,93.44,5.146,34.97,42435,54,False,MEDIUM
RD-20240,MCH-001,Pipe Bending Line A,Production,2018,6,2024-07-21,101.87,109.27,8.311,45.28,23247,79,True,HIGH
RD-20241,MCH-002,Hydraulic Press #1,Production,2015,9,2023-12-04,113.04,61.42,1.569,26.56,140044,36,True,LOW
RD-20242,MCH-003,CNC Lathe Station 3,Machining,2019,5,2024-12-21,111.96,90.58,2.11,42.31,75256,26,False,LOW
RD-20243,MCH-004,Valve Assembly Robot,Assembly,2020,4,2023-12-15,121.74,68.82,4.642,61.18,26002,16,False,LOW
RD-20244,MCH-005,Quality Test Bench,QA,2017,7,2023-03-15,101.84,81.9,3.577,54.17,52248,28,True,LOW
RD-20245,MCH-006,Packaging Unit B,Logistics,2016,8,2024-01-20,93.2,86.23,0.465,55.71,143031,36,False,LOW
RD-20246,MCH-007,Hydraulic Press #2,Production,2014,10,2023-08-03,88.51,87.97,8.35,42.34,118672,72,False,HIGH
RD-20247,MCH-008,Welding Station Alpha,Production,2021,3,2023-11-17,128.4,67.35,5.119,57.85,45890,12,True,LOW
RD-20248,MCH-009,Cooling Circuit Pump,Utilities,2013,11,2023-04-05,95.94,98.41,7.861,40.33,22652,77,False,HIGH
RD-20249,MCH-010,Conveyor System Main,Logistics,2016,8,2024-01-11,113.84,30.19,1.17,40.6,83361,32,False,LOW
RD-20250,MCH-001,Pipe Bending Line A,Production,2018,6,2023-07-04,96.0,49.31,2.955,52.8,111756,25,False,LOW
RD-20251,MCH-002,Hydraulic Press #1,Production,2015,9,2024-05-04,131.63,69.21,11.091,44.04,82764,84,False,HIGH
RD-20252,MCH-003,CNC Lathe Station 3,Machining,2019,5,2023-06-01,97.51,57.37,2.901,33.22,42450,21,False,LOW
RD-20253,MCH-004,Valve Assembly Robot,Assembly,2020,4,2023-07-11,134.72,97.59,1.273,54.88,62282,31,False,LOW
RD-20254,MCH-005,Quality Test Bench,QA,2017,7,2024-02-04,111.33,50.44,3.331,49.5,73266,28,False,LOW
RD-20255,MCH-006,Packaging Unit B,Logistics,2016,8,2023-10-05,89.63,82.1,5.29,51.36,98970,39,False,LOW
RD-20256,MCH-007,Hydraulic Press #2,Production,2014,10,2023-12-09,141.77,84.92,8.507,39.21,89704,64,True,MEDIUM
RD-20257,MCH-008,Welding Station Alpha,Production,2021,3,2024-09-24,137.55,68.91,3.849,42.54,44676,12,False,LOW
RD-20258,MCH-009,Cooling Circuit Pump,Utilities,2013,11,2023-06-18,116.59,79.06,5.28,46.53,54936,38,False,LOW
RD-20259,MCH-010,Conveyor System Main,Logistics,2016,8,2023-10-15,117.36,101.98,2.535,57.71,102225,52,False,MEDIUM
RD-20260,MCH-001,Pipe Bending Line A,Production,2018,6,2023-05-07,119.89,61.18,4.292,43.24,52818,24,False,LOW
RD-20261,MCH-002,Hydraulic Press #1,Production,2015,9,2023-10-04,90.95,79.72,4.733,52.66,154224,40,False,MEDIUM
RD-20262,MCH-003,CNC Lathe Station 3,Machining,2019,5,2023-02-08,112.73,78.53,4.277,34.46,27504,20,True,LOW
RD-20263,MCH-004,Valve Assembly Robot,Assembly,2020,4,2024-06-23,126.86,86.43,4.611,46.33,68976,17,False,LOW
RD-20264,MCH-005,Quality Test Bench,QA,2017,7,2024-04-04,113.35,58.28,7.549,50.38,120804,48,False,MEDIUM
RD-20265,MCH-006,Packaging Unit B,Logistics,2016,8,2023-02-17,124.44,105.85,0.882,41.07,137097,57,True,MEDIUM
RD-20266,MCH-007,Hydraulic Press #2,Production,2014,10,2024-07-07,113.56,81.85,7.781,49.19,122624,58,False,MEDIUM
RD-20267,MCH-008,Welding Station Alpha,Production,2021,3,2024-05-31,117.93,57.96,5.181,49.12,73478,13,False,LOW
RD-20268,MCH-009,Cooling Circuit Pump,Utilities,2013,11,2024-09-29,81.87,82.66,3.433,51.27,190908,45,False,MEDIUM
RD-20269,MCH-010,Conveyor System Main,Logistics,2016,8,2024-12-02,135.27,65.62,5.615,47.72,70920,36,False,LOW
RD-20270,MCH-001,Pipe Bending Line A,Production,2018,6,2023-10-24,120.07,71.3,5.253,43.25,77703,26,True,LOW
RD-20271,MCH-002,Hydraulic Press #1,Production,2015,9,2023-07-08,126.96,102.12,1.43,43.97,57828,56,False,MEDIUM
RD-20272,MCH-003,CNC Lathe Station 3,Machining,2019,5,2024-08-27,130.45,64.55,1.259,40.3,61200,20,False,LOW
RD-20273,MCH-004,Valve Assembly Robot,Assembly,2020,4,2023-11-28,149.72,87.19,1.164,52.69,44338,18,False,LOW
RD-20274,MCH-005,Quality Test Bench,QA,2017,7,2023-09-03,94.37,64.26,0.18,39.91,145218,30,False,LOW
RD-20275,MCH-006,Packaging Unit B,Logistics,2016,8,2023-08-19,110.8,84.28,3.727,44.79,97647,32,False,LOW
RD-20276,MCH-007,Hydraulic Press #2,Production,2014,10,2023-01-26,136.48,62.68,1.792,51.09,137892,36,True,LOW
RD-20277,MCH-008,Welding Station Alpha,Production,2021,3,2024-07-21,130.0,104.58,4.59,48.93,59018,35,True,LOW
RD-20278,MCH-009,Cooling Circuit Pump,Utilities,2013,11,2023-04-22,149.63,94.34,1.434,44.2,95464,47,False,MEDIUM
RD-20279,MCH-010,Conveyor System Main,Logistics,2016,8,2024-01-06,153.54,76.5,0.192,25.55,107412,32,False,LOW
RD-20280,MCH-001,Pipe Bending Line A,Production,2018,6,2023-01-04,113.48,87.87,5.786,45.37,84417,33,True,LOW
RD-20281,MCH-002,Hydraulic Press #1,Production,2015,9,2024-11-14,91.22,83.6,5.133,36.59,45892,41,False,MEDIUM
RD-20282,MCH-003,CNC Lathe Station 3,Machining,2019,5,2024-10-31,125.12,57.09,6.254,52.41,16566,30,True,LOW
RD-20283,MCH-004,Valve Assembly Robot,Assembly,2020,4,2023-07-02,140.83,98.62,0.581,51.95,45352,32,False,LOW
RD-20284,MCH-005,Quality Test Bench,QA,2017,7,2024-06-20,111.43,74.57,2.051,58.33,104430,28,True,LOW
RD-20285,MCH-006,Packaging Unit B,Logistics,2016,8,2023-01-26,165.15,81.12,5.914,48.55,48303,39,False,LOW
RD-20286,MCH-007,Hydraulic Press #2,Production,2014,10,2024-07-03,139.32,53.2,2.807,53.0,117484,36,False,LOW
RD-20287,MCH-008,Welding Station Alpha,Production,2021,3,2024-11-24,122.17,65.61,3.394,46.29,28212,12,False,LOW
RD-20288,MCH-009,Cooling Circuit Pump,Utilities,2013,11,2024-10-30,113.62,73.3,3.227,53.16,59120,36,True,LOW
RD-20289,MCH-010,Conveyor System Main,Logistics,2016,8,2023-05-17,144.7,68.14,7.506,54.56,43806,52,False,MEDIUM
RD-20290,MCH-001,Pipe Bending Line A,Production,2018,6,2023-06-20,118.71,48.37,1.624,44.46,106827,24,True,LOW
RD-20291,MCH-002,Hydraulic Press #1,Production,2015,9,2023-02-26,115.03,41.05,5.494,51.22,110240,39,False,LOW
RD-20292,MCH-003,CNC Lathe Station 3,Machining,2019,5,2023-01-03,73.14,65.18,3.064,55.1,68656,33,False,LOW
RD-20293,MCH-004,Valve Assembly Robot,Assembly,2020,4,2023-05-22,109.86,81.47,5.279,52.78,46576,18,False,LOW
RD-20294,MCH-005,Quality Test Bench,QA,2017,7,2023-09-03,126.34,96.67,4.491,51.03,24183,42,False,MEDIUM
RD-20295,MCH-006,Packaging Unit B,Logistics,2016,8,2024-10-21,106.53,104.91,10.419,41.72,103428,99,False,HIGH
RD-20296,MCH-007,Hydraulic Press #2,Production,2014,10,2023-03-13,135.77,39.26,2.002,43.65,33456,36,False,LOW
RD-20297,MCH-008,Welding Station Alpha,Production,2021,3,2023-08-11,111.19,86.19,4.469,56.56,37730,13,False,LOW
RD-20298,MCH-009,Cooling Circuit Pump,Utilities,2013,11,2024-08-30,91.86,69.01,5.433,37.52,150972,43,False,MEDIUM
RD-20299,MCH-010,Conveyor System Main,Logistics,2016,8,2024-05-06,106.93,59.43,1.542,42.83,109230,32,False,LOW
RD-20300,MCH-001,Pipe Bending Line A,Production,2018,6,2023-11-04,152.8,63.17,3.076,53.58,54636,24,False,LOW
RD-20301,MCH-002,Hydraulic Press #1,Production,2015,9,2024-12-01,117.59,77.05,1.033,45.26,143388,36,False,LOW
RD-20302,MCH-003,CNC Lathe Station 3,Machining,2019,5,2024-03-16,117.04,68.48,1.687,53.1,30698,20,False,LOW
RD-20303,MCH-004,Valve Assembly Robot,Assembly,2020,4,2023-09-02,135.67,61.08,2.293,55.63,25320,16,False,LOW
RD-20304,MCH-005,Quality Test Bench,QA,2017,7,2024-04-09,124.77,86.52,4.863,38.68,49929,29,False,LOW
RD-20305,MCH-006,Packaging Unit B,Logistics,2016,8,2023-09-06,103.96,81.58,1.826,42.61,59757,32,False,LOW
RD-20306,MCH-007,Hydraulic Press #2,Production,2014,10,2024-01-06,107.39,81.01,5.287,40.77,179912,38,True,LOW
RD-20307,MCH-008,Welding Station Alpha,Production,2021,3,2024-07-24,94.02,99.49,5.422,37.35,10828,35,True,LOW
RD-20308,MCH-009,Cooling Circuit Pump,Utilities,2013,11,2023-03-22,99.64,75.98,4.612,55.52,184112,36,False,LOW
RD-20309,MCH-010,Conveyor System Main,Logistics,2016,8,2023-08-28,120.18,65.61,1.886,48.92,29256,32,False,LOW
RD-20310,MCH-001,Pipe Bending Line A,Production,2018,6,2023-11-18,109.28,52.75,7.941,50.41,63438,47,False,MEDIUM
RD-20311,MCH-002,Hydraulic Press #1,Production,2015,9,2024-06-10,137.91,78.0,5.899,56.25,81460,43,False,MEDIUM
RD-20312,MCH-003,CNC Lathe Station 3,Machining,2019,5,2023-10-16,113.09,71.6,1.943,49.82,85520,20,True,LOW
RD-20313,MCH-004,Valve Assembly Robot,Assembly,2020,4,2023-08-05,116.1,71.54,3.817,43.03,28720,16,False,LOW
RD-20314,MCH-005,Quality Test Bench,QA,2017,7,2024-10-15,113.54,81.75,1.187,42.53,27780,28,False,LOW
RD-20315,MCH-006,Packaging Unit B,Logistics,2016,8,2023-08-12,126.29,103.83,5.177,47.44,109128,56,True,MEDIUM
RD-20316,MCH-007,Hydraulic Press #2,Production,2014,10,2023-03-12,162.71,101.17,1.967,54.97,54756,55,True,MEDIUM
RD-20317,MCH-008,Welding Station Alpha,Production,2021,3,2023-08-22,120.87,76.12,7.109,44.71,51564,28,False,LOW
RD-20318,MCH-009,Cooling Circuit Pump,Utilities,2013,11,2024-10-24,126.68,43.78,3.407,48.87,169996,36,False,LOW
RD-20319,MCH-010,Conveyor System Main,Logistics,2016,8,2023-12-31,131.25,64.95,3.213,50.43,88311,32,False,LOW
RD-20320,MCH-001,Pipe Bending Line A,Production,2018,6,2024-11-13,88.49,51.17,2.5,34.62,53448,29,False,LOW
RD-20321,MCH-002,Hydraulic Press #1,Production,2015,9,2024-09-04,105.53,83.98,6.152,47.78,135176,45,False,MEDIUM
RD-20322,MCH-003,CNC Lathe Station 3,Machining,2019,5,2024-09-05,132.62,97.67,3.017,40.06,68744,35,True,LOW
RD-20323,MCH-004,Valve Assembly Robot,Assembly,2020,4,2023-10-19,96.89,67.36,7.077,37.11,23600,34,False,LOW
RD-20324,MCH-005,Quality Test Bench,QA,2017,7,2024-07-06,128.41,66.94,1.282,47.67,136089,28,False,LOW
RD-20325,MCH-006,Packaging Unit B,Logistics,2016,8,2024-09-21,93.57,109.85,0.525,48.33,15615,65,False,MEDIUM
RD-20326,MCH-007,Hydraulic Press #2,Production,2014,10,2024-11-21,155.6,23.42,4.735,43.65,175192,36,False,LOW
RD-20327,MCH-008,Welding Station Alpha,Production,2021,3,2023-03-13,123.08,73.77,0.725,46.58,78620,12,False,LOW
RD-20328,MCH-009,Cooling Circuit Pump,Utilities,2013,11,2023-09-16,88.75,51.14,1.705,50.7,157076,41,False,MEDIUM
RD-20329,MCH-010,Conveyor System Main,Logistics,2016,8,2024-05-17,155.04,62.8,7.092,47.0,67512,48,True,MEDIUM
RD-20330,MCH-001,Pipe Bending Line A,Production,2018,6,2024-04-20,118.36,84.23,7.121,54.28,78402,40,False,MEDIUM
RD-20331,MCH-002,Hydraulic Press #1,Production,2015,9,2024-05-30,146.74,75.09,3.033,43.52,149056,36,False,LOW
RD-20332,MCH-003,CNC Lathe Station 3,Machining,2019,5,2023-03-29,79.36,97.65,3.257,58.82,72434,45,False,MEDIUM
RD-20333,MCH-004,Valve Assembly Robot,Assembly,2020,4,2024-07-30,147.64,103.59,4.594,49.95,77942,38,False,LOW
RD-20334,MCH-005,Quality Test Bench,QA,2017,7,2023-03-17,103.46,46.89,1.5,52.2,135462,28,False,LOW
RD-20335,MCH-006,Packaging Unit B,Logistics,2016,8,2024-10-20,135.94,75.93,6.569,57.19,82740,44,False,MEDIUM
RD-20336,MCH-007,Hydraulic Press #2,Production,2014,10,2023-01-23,85.29,106.57,5.573,30.0,106708,73,False,HIGH
RD-20337,MCH-008,Welding Station Alpha,Production,2021,3,2024-10-29,142.43,56.65,4.328,56.7,51834,12,True,LOW
RD-20338,MCH-009,Cooling Circuit Pump,Utilities,2013,11,2024-01-16,127.02,85.98,5.383,54.83,26316,40,False,MEDIUM
RD-20339,MCH-010,Conveyor System Main,Logistics,2016,8,2023-02-20,85.72,77.69,6.752,44.48,21465,53,True,MEDIUM
RD-20340,MCH-001,Pipe Bending Line A,Production,2018,6,2023-09-08,130.72,102.79,2.239,58.55,56757,45,True,MEDIUM
RD-20341,MCH-002,Hydraulic Press #1,Production,2015,9,2024-02-08,158.92,65.02,0.497,51.43,107040,36,True,LOW
RD-20342,MCH-003,CNC Lathe Station 3,Machining,2019,5,2024-04-21,108.84,90.91,4.662,40.62,77394,27,False,LOW
RD-20343,MCH-004,Valve Assembly Robot,Assembly,2020,4,2023-08-03,133.03,71.01,2.629,45.78,21666,16,False,LOW
RD-20344,MCH-005,Quality Test Bench,QA,2017,7,2023-09-03,133.0,72.25,5.486,49.13,35196,31,False,LOW
RD-20345,MCH-006,Packaging Unit B,Logistics,2016,8,2023-05-17,116.59,84.3,2.472,42.8,46146,32,False,LOW
RD-20346,MCH-007,Hydraulic Press #2,Production,2014,10,2024-08-01,101.75,85.96,3.855,49.37,37480,37,False,LOW
RD-20347,MCH-008,Welding Station Alpha,Production,2021,3,2023-03-27,126.22,74.11,5.376,47.45,71132,15,False,LOW
RD-20348,MCH-009,Cooling Circuit Pump,Utilities,2013,11,2024-12-22,110.37,45.54,5.043,43.19,117624,36,False,LOW
RD-20349,MCH-010,Conveyor System Main,Logistics,2016,8,2024-08-08,116.02,43.72,0.571,36.26,37866,32,False,LOW
RD-20350,MCH-001,Pipe Bending Line A,Production,2018,6,2024-09-15,148.94,61.27,8.53,31.58,94641,52,False,MEDIUM
RD-20351,MCH-002,Hydraulic Press #1,Production,2015,9,2024-06-25,113.84,97.62,0.281,50.14,120164,51,True,MEDIUM
RD-20352,MCH-003,CNC Lathe Station 3,Machining,2019,5,2023-05-08,135.75,75.54,2.324,46.65,83686,20,False,LOW
RD-20353,MCH-004,Valve Assembly Robot,Assembly,2020,4,2023-03-01,136.5,65.02,1.711,41.91,22752,16,False,LOW
RD-20354,MCH-005,Quality Test Bench,QA,2017,7,2024-10-19,116.2,77.02,3.852,27.32,132948,28,False,LOW
RD-20355,MCH-006,Packaging Unit B,Logistics,2016,8,2024-05-19,113.41,65.77,0.48,52.91,54009,32,False,LOW
RD-20356,MCH-007,Hydraulic Press #2,Production,2014,10,2023-12-12,165.49,72.11,4.1,45.42,121588,36,False,LOW
RD-20357,MCH-008,Welding Station Alpha,Production,2021,3,2024-02-11,110.5,58.77,2.689,33.59,31638,12,False,LOW
RD-20358,MCH-009,Cooling Circuit Pump,Utilities,2013,11,2024-08-18,134.82,62.07,6.163,58.03,162536,45,False,MEDIUM
RD-20359,MCH-010,Conveyor System Main,Logistics,2016,8,2023-03-18,104.69,70.38,8.419,44.69,75585,59,False,MEDIUM
RD-20360,MCH-001,Pipe Bending Line A,Production,2018,6,2024-09-03,147.5,93.42,4.848,47.94,114978,34,True,LOW
RD-20361,MCH-002,Hydraulic Press #1,Production,2015,9,2023-08-19,124.28,71.93,5.621,44.49,33300,40,False,MEDIUM
RD-20362,MCH-003,CNC Lathe Station 3,Machining,2019,5,2023-03-13,92.61,103.24,1.797,44.43,97802,45,False,MEDIUM
RD-20363,MCH-004,Valve Assembly Robot,Assembly,2020,4,2023-09-07,148.75,86.8,1.918,51.76,32150,18,False,LOW
RD-20364,MCH-005,Quality Test Bench,QA,2017,7,2023-01-17,92.64,62.36,3.808,37.17,39117,31,False,LOW
RD-20365,MCH-006,Packaging Unit B,Logistics,2016,8,2023-09-02,123.89,100.55,7.476,62.65,41718,70,False,HIGH
RD-20366,MCH-007,Hydraulic Press #2,Production,2014,10,2024-05-23,109.32,85.4,6.171,52.97,190712,45,False,MEDIUM
RD-20367,MCH-008,Welding Station Alpha,Production,2021,3,2023-02-13,110.65,59.26,5.393,47.29,72472,15,False,LOW
RD-20368,MCH-009,Cooling Circuit Pump,Utilities,2013,11,2024-08-20,75.45,48.56,3.389,48.25,187200,48,False,MEDIUM
RD-20369,MCH-010,Conveyor System Main,Logistics,2016,8,2024-05-09,159.03,111.62,2.552,46.93,65028,63,False,MEDIUM
RD-20370,MCH-001,Pipe Bending Line A,Production,2018,6,2024-01-16,181.26,83.04,3.544,55.71,146634,24,False,LOW
RD-20371,MCH-002,Hydraulic Press #1,Production,2015,9,2024-01-09,114.95,78.91,4.78,53.44,122752,36,False,LOW
RD-20372,MCH-003,CNC Lathe Station 3,Machining,2019,5,2023-10-31,81.45,68.81,5.597,49.24,32046,34,False,LOW
RD-20373,MCH-004,Valve Assembly Robot,Assembly,2020,4,2024-12-12,130.01,49.69,1.847,38.79,37814,16,True,LOW
RD-20374,MCH-005,Quality Test Bench,QA,2017,7,2024-06-25,143.21,91.62,0.441,55.76,113637,35,True,LOW
RD-20375,MCH-006,Packaging Unit B,Logistics,2016,8,2023-09-03,160.5,72.69,1.942,40.21,95970,32,False,LOW
RD-20376,MCH-007,Hydraulic Press #2,Production,2014,10,2023-03-17,117.97,66.17,1.948,41.7,163116,36,False,LOW
RD-20377,MCH-008,Welding Station Alpha,Production,2021,3,2023-04-09,111.05,61.27,4.153,38.72,37396,12,False,LOW
RD-20378,MCH-009,Cooling Circuit Pump,Utilities,2013,11,2024-08-08,94.74,80.74,0.284,33.18,97328,38,False,LOW
RD-20379,MCH-010,Conveyor System Main,Logistics,2016,8,2023-12-31,83.07,61.47,4.038,33.13,90957,40,False,MEDIUM
RD-20380,MCH-001,Pipe Bending Line A,Production,2018,6,2024-01-10,101.94,96.83,3.59,39.31,117309,38,False,LOW
RD-20381,MCH-002,Hydraulic Press #1,Production,2015,9,2023-04-23,129.18,96.26,5.485,64.56,93476,53,False,MEDIUM
RD-20382,MCH-003,CNC Lathe Station 3,Machining,2019,5,2023-11-14,81.23,77.03,0.544,44.79,70422,29,True,LOW
RD-20383,MCH-004,Valve Assembly Robot,Assembly,2020,4,2023-12-12,118.86,73.81,5.51,45.65,83054,20,False,LOW
RD-20384,MCH-005,Quality Test Bench,QA,2017,7,2023-03-30,115.41,85.29,5.499,31.66,55686,32,False,LOW
RD-20385,MCH-006,Packaging Unit B,Logistics,2016,8,2023-11-02,116.46,98.14,6.642,56.87,80712,60,True,MEDIUM
RD-20386,MCH-007,Hydraulic Press #2,Production,2014,10,2024-04-21,135.17,83.3,0.814,32.36,90416,36,False,LOW
RD-20387,MCH-008,Welding Station Alpha,Production,2021,3,2023-08-18,87.79,81.92,2.553,38.75,77482,18,False,LOW
RD-20388,MCH-009,Cooling Circuit Pump,Utilities,2013,11,2024-07-24,129.31,59.42,5.622,40.37,84808,40,False,MEDIUM
RD-20389,MCH-010,Conveyor System Main,Logistics,2016,8,2024-03-04,90.15,48.1,6.327,33.58,51084,47,False,MEDIUM
RD-20390,MCH-001,Pipe Bending Line A,Production,2018,6,2024-05-20,117.84,97.91,2.448,50.53,48402,39,False,LOW
RD-20391,MCH-002,Hydraulic Press #1,Production,2015,9,2023-06-26,175.2,47.33,7.367,51.65,143132,54,False,MEDIUM
RD-20392,MCH-003,CNC Lathe Station 3,Machining,2019,5,2023-03-05,110.41,101.07,0.566,42.35,19078,39,True,LOW
RD-20393,MCH-004,Valve Assembly Robot,Assembly,2020,4,2024-04-19,144.02,87.8,1.053,34.67,87694,19,False,LOW
RD-20394,MCH-005,Quality Test Bench,QA,2017,7,2024-05-07,128.61,105.27,1.897,56.07,73011,52,False,MEDIUM
RD-20395,MCH-006,Packaging Unit B,Logistics,2016,8,2023-01-15,156.27,92.04,10.003,34.16,76731,80,False,HIGH
RD-20396,MCH-007,Hydraulic Press #2,Production,2014,10,2023-02-08,113.15,89.9,3.92,49.96,103728,41,False,MEDIUM
RD-20397,MCH-008,Welding Station Alpha,Production,2021,3,2023-11-05,118.54,87.03,4.105,49.1,19564,14,False,LOW
RD-20398,MCH-009,Cooling Circuit Pump,Utilities,2013,11,2023-03-07,143.03,55.84,7.51,41.08,70092,56,False,MEDIUM
RD-20399,MCH-010,Conveyor System Main,Logistics,2016,8,2024-06-10,133.74,108.93,3.542,45.91,69165,60,False,MEDIUM
RD-20400,MCH-001,Pipe Bending Line A,Production,2018,6,2023-04-20,117.85,79.8,4.706,48.91,47883,24,False,LOW
RD-20401,MCH-002,Hydraulic Press #1,Production,2015,9,2023-10-10,135.62,100.67,2.947,57.34,187632,54,False,MEDIUM
RD-20402,MCH-003,CNC Lathe Station 3,Machining,2019,5,2023-01-28,119.17,48.09,2.127,47.19,25498,20,True,LOW
RD-20403,MCH-004,Valve Assembly Robot,Assembly,2020,4,2024-11-02,84.83,78.49,2.748,46.5,36362,23,False,LOW
RD-20404,MCH-005,Quality Test Bench,QA,2017,7,2023-11-30,95.07,51.79,2.811,34.92,101793,30,False,LOW
RD-20405,MCH-006,Packaging Unit B,Logistics,2016,8,2024-08-26,63.65,110.58,3.716,26.01,63072,80,False,HIGH
RD-20406,MCH-007,Hydraulic Press #2,Production,2014,10,2023-03-23,145.66,71.0,1.137,47.95,82140,36,True,LOW
RD-20407,MCH-008,Welding Station Alpha,Production,2021,3,2024-04-22,155.34,79.83,2.847,36.53,18332,12,False,LOW
RD-20408,MCH-009,Cooling Circuit Pump,Utilities,2013,11,2023-03-04,138.27,82.42,3.232,42.25,124980,36,True,LOW
RD-20409,MCH-010,Conveyor System Main,Logistics,2016,8,2024-06-16,124.65,82.83,3.602,32.54,33909,32,True,LOW
RD-20410,MCH-001,Pipe Bending Line A,Production,2018,6,2023-03-07,149.49,79.12,5.779,33.31,50955,30,False,LOW
RD-20411,MCH-002,Hydraulic Press #1,Production,2015,9,2023-04-01,140.45,92.57,3.697,40.83,156988,45,False,MEDIUM
RD-20412,MCH-003,CNC Lathe Station 3,Machining,2019,5,2024-06-21,123.31,81.86,1.969,48.6,80782,20,False,LOW
RD-20413,MCH-004,Valve Assembly Robot,Assembly,2020,4,2023-11-28,119.56,77.23,2.9,52.59,57656,16,False,LOW
RD-20414,MCH-005,Quality Test Bench,QA,2017,7,2024-05-20,143.51,73.44,5.28,37.6,36228,30,True,LOW
RD-20415,MCH-006,Packaging Unit B,Logistics,2016,8,2023-01-19,113.55,88.59,4.441,40.76,130647,36,False,LOW
RD-20416,MCH-007,Hydraulic Press #2,Production,2014,10,2023-11-07,126.92,54.82,2.367,46.83,108868,36,True,LOW
RD-20417,MCH-008,Welding Station Alpha,Production,2021,3,2024-04-06,141.15,105.47,0.924,34.08,84658,36,True,LOW
RD-20418,MCH-009,Cooling Circuit Pump,Utilities,2013,11,2024-10-21,116.49,86.88,5.814,58.9,91880,44,False,MEDIUM
RD-20419,MCH-010,Conveyor System Main,Logistics,2016,8,2023-12-09,143.69,106.89,8.215,36.05,69804,83,True,HIGH
RD-20420,MCH-001,Pipe Bending Line A,Production,2018,6,2024-04-26,95.67,46.02,4.253,41.0,108606,26,False,LOW
RD-20421,MCH-002,Hydraulic Press #1,Production,2015,9,2024-06-05,116.91,47.92,2.34,45.94,114776,36,False,LOW
RD-20422,MCH-003,CNC Lathe Station 3,Machining,2019,5,2023-10-04,98.48,86.65,6.877,31.58,54516,37,False,LOW
RD-20423,MCH-004,Valve Assembly Robot,Assembly,2020,4,2023-09-25,151.89,73.89,3.137,39.79,84358,16,False,LOW
RD-20424,MCH-005,Quality Test Bench,QA,2017,7,2024-02-27,78.32,72.18,4.346,54.58,103917,38,False,LOW
RD-20425,MCH-006,Packaging Unit B,Logistics,2016,8,2024-08-22,148.86,98.03,4.78,51.18,23766,47,False,MEDIUM
RD-20426,MCH-007,Hydraulic Press #2,Production,2014,10,2023-05-13,103.22,80.9,2.061,19.82,98668,36,False,LOW
RD-20427,MCH-008,Welding Station Alpha,Production,2021,3,2023-09-09,95.48,57.53,7.192,45.95,43710,31,False,LOW
RD-20428,MCH-009,Cooling Circuit Pump,Utilities,2013,11,2024-08-30,110.73,87.81,6.938,65.27,65020,54,False,MEDIUM
RD-20429,MCH-010,Conveyor System Main,Logistics,2016,8,2024-10-30,84.75,56.55,2.375,50.15,133815,39,False,LOW
RD-20430,MCH-001,Pipe Bending Line A,Production,2018,6,2023-07-25,121.98,50.25,0.464,47.92,125040,24,False,LOW
RD-20431,MCH-002,Hydraulic Press #1,Production,2015,9,2024-06-03,131.59,98.94,4.43,37.9,52308,52,False,MEDIUM
RD-20432,MCH-003,CNC Lathe Station 3,Machining,2019,5,2024-10-27,158.3,72.18,3.61,41.42,88360,20,False,LOW
RD-20433,MCH-004,Valve Assembly Robot,Assembly,2020,4,2024-06-18,96.96,29.25,3.187,53.28,13296,17,False,LOW
RD-20434,MCH-005,Quality Test Bench,QA,2017,7,2023-08-26,98.35,120.05,7.105,45.86,126372,87,True,HIGH
RD-20435,MCH-006,Packaging Unit B,Logistics,2016,8,2023-12-01,117.39,76.25,2.928,54.77,136167,32,False,LOW
RD-20436,MCH-007,Hydraulic Press #2,Production,2014,10,2024-07-28,132.64,68.94,3.485,49.54,53396,36,False,LOW
RD-20437,MCH-008,Welding Station Alpha,Production,2021,3,2023-08-26,114.3,84.52,1.599,41.46,60446,12,False,LOW
RD-20438,MCH-009,Cooling Circuit Pump,Utilities,2013,11,2024-03-11,106.53,70.18,8.436,43.98,121772,63,False,MEDIUM
RD-20439,MCH-010,Conveyor System Main,Logistics,2016,8,2024-04-24,107.37,64.06,0.083,36.78,15534,32,False,LOW
RD-20440,MCH-001,Pipe Bending Line A,Production,2018,6,2024-08-15,102.58,84.94,2.585,44.47,114564,24,False,LOW
RD-20441,MCH-002,Hydraulic Press #1,Production,2015,9,2024-12-11,113.23,62.89,0.907,51.96,36196,36,False,LOW
RD-20442,MCH-003,CNC Lathe Station 3,Machining,2019,5,2024-04-26,103.73,62.69,4.204,36.79,87306,20,True,LOW
RD-20443,MCH-004,Valve Assembly Robot,Assembly,2020,4,2024-02-04,145.44,74.68,2.811,39.45,71138,16,False,LOW
RD-20444,MCH-005,Quality Test Bench,QA,2017,7,2024-12-09,109.69,74.8,1.373,57.92,61032,28,False,LOW
RD-20445,MCH-006,Packaging Unit B,Logistics,2016,8,2023-09-16,126.17,78.94,3.107,51.33,145326,32,False,LOW
RD-20446,MCH-007,Hydraulic Press #2,Production,2014,10,2024-04-27,103.21,59.37,6.511,39.48,182200,48,False,MEDIUM
RD-20447,MCH-008,Welding Station Alpha,Production,2021,3,2023-03-30,123.62,70.02,1.57,51.16,78912,12,False,LOW
RD-20448,MCH-009,Cooling Circuit Pump,Utilities,2013,11,2023-11-18,126.87,56.82,1.58,39.03,181236,36,False,LOW
RD-20449,MCH-010,Conveyor System Main,Logistics,2016,8,2024-03-25,145.11,80.43,1.168,57.91,48114,32,False,LOW
RD-20450,MCH-001,Pipe Bending Line A,Production,2018,6,2024-07-18,142.1,31.96,4.591,44.13,147291,24,False,LOW
RD-20451,MCH-002,Hydraulic Press #1,Production,2015,9,2024-09-08,83.65,85.54,3.252,31.34,184784,44,False,MEDIUM
RD-20452,MCH-003,CNC Lathe Station 3,Machining,2019,5,2024-02-18,151.58,54.54,3.63,41.13,40068,20,True,LOW
RD-20453,MCH-004,Valve Assembly Robot,Assembly,2020,4,2023-04-28,121.37,95.47,7.304,50.33,33424,46,False,MEDIUM
RD-20454,MCH-005,Quality Test Bench,QA,2017,7,2023-10-10,116.94,97.26,1.95,48.97,61758,42,False,MEDIUM
RD-20455,MCH-006,Packaging Unit B,Logistics,2016,8,2024-06-27,125.03,70.44,2.41,35.2,23889,32,True,LOW
RD-20456,MCH-007,Hydraulic Press #2,Production,2014,10,2024-06-29,60.18,87.67,0.149,36.99,40444,59,False,MEDIUM
RD-20457,MCH-008,Welding Station Alpha,Production,2021,3,2024-09-26,136.52,92.43,2.339,50.92,17062,20,True,LOW
RD-20458,MCH-009,Cooling Circuit Pump,Utilities,2013,11,2024-12-17,103.37,94.7,6.031,48.72,107464,55,False,MEDIUM
RD-20459,MCH-010,Conveyor System Main,Logistics,2016,8,2023-02-21,70.47,79.13,4.479,47.09,60270,46,False,MEDIUM
RD-20460,MCH-001,Pipe Bending Line A,Production,2018,6,2024-10-29,143.43,85.82,1.677,49.37,28551,24,True,LOW
RD-20461,MCH-002,Hydraulic Press #1,Production,2015,9,2023-07-31,146.24,89.52,2.008,52.99,66732,41,False,MEDIUM
RD-20462,MCH-003,CNC Lathe Station 3,Machining,2019,5,2024-02-21,117.26,67.3,1.876,35.7,27848,20,False,LOW
RD-20463,MCH-004,Valve Assembly Robot,Assembly,2020,4,2024-12-09,138.41,91.08,5.969,28.06,25664,31,True,LOW
RD-20464,MCH-005,Quality Test Bench,QA,2017,7,2024-02-28,121.04,73.21,0.065,48.81,38805,28,False,LOW
RD-20465,MCH-006,Packaging Unit B,Logistics,2016,8,2023-08-15,157.07,77.83,0.378,33.49,58164,32,False,LOW
RD-20466,MCH-007,Hydraulic Press #2,Production,2014,10,2024-10-23,124.38,53.41,1.755,55.71,53852,36,False,LOW
RD-20467,MCH-008,Welding Station Alpha,Production,2021,3,2023-11-18,120.92,78.02,4.5,39.91,81878,12,False,LOW
RD-20468,MCH-009,Cooling Circuit Pump,Utilities,2013,11,2023-03-23,103.09,89.81,3.055,50.01,182932,41,False,MEDIUM
RD-20469,MCH-010,Conveyor System Main,Logistics,2016,8,2024-08-12,95.15,65.03,4.786,52.51,139512,34,False,LOW
RD-20470,MCH-001,Pipe Bending Line A,Production,2018,6,2024-12-12,110.4,78.79,7.572,37.6,111066,44,False,MEDIUM
RD-20471,MCH-002,Hydraulic Press #1,Production,2015,9,2023-10-03,138.32,92.71,3.873,59.74,168968,45,False,MEDIUM
RD-20472,MCH-003,CNC Lathe Station 3,Machining,2019,5,2024-03-22,123.29,78.6,4.412,37.13,51920,20,True,LOW
RD-20473,MCH-004,Valve Assembly Robot,Assembly,2020,4,2024-08-12,115.59,72.27,2.533,50.53,90956,16,False,LOW
RD-20474,MCH-005,Quality Test Bench,QA,2017,7,2023-05-15,123.61,61.93,2.184,37.16,53010,28,False,LOW
RD-20475,MCH-006,Packaging Unit B,Logistics,2016,8,2024-08-02,119.9,90.81,7.575,41.18,133623,59,False,MEDIUM
RD-20476,MCH-007,Hydraulic Press #2,Production,2014,10,2023-07-14,115.52,116.69,7.833,31.62,191488,96,False,HIGH
RD-20477,MCH-008,Welding Station Alpha,Production,2021,3,2023-05-26,134.88,64.27,1.989,41.81,65962,12,False,LOW
RD-20478,MCH-009,Cooling Circuit Pump,Utilities,2013,11,2024-11-01,106.27,90.65,0.044,40.65,85132,42,False,MEDIUM
RD-20479,MCH-010,Conveyor System Main,Logistics,2016,8,2023-10-06,116.89,52.11,2.807,66.31,120804,32,False,LOW
RD-20480,MCH-001,Pipe Bending Line A,Production,2018,6,2023-06-19,107.8,58.14,7.803,34.61,51300,46,False,MEDIUM
RD-20481,MCH-002,Hydraulic Press #1,Production,2015,9,2023-04-16,119.21,68.94,8.343,27.84,25844,62,True,MEDIUM
RD-20482,MCH-003,CNC Lathe Station 3,Machining,2019,5,2023-09-11,125.74,61.71,6.151,54.08,17152,29,False,LOW
RD-20483,MCH-004,Valve Assembly Robot,Assembly,2020,4,2023-10-28,93.57,78.43,3.594,43.62,75064,19,False,LOW
RD-20484,MCH-005,Quality Test Bench,QA,2017,7,2023-01-17,124.12,71.58,8.604,30.48,84636,56,False,MEDIUM
RD-20485,MCH-006,Packaging Unit B,Logistics,2016,8,2024-08-22,114.89,51.0,3.994,32.71,73908,32,False,LOW
RD-20486,MCH-007,Hydraulic Press #2,Production,2014,10,2023-05-10,106.04,95.09,0.49,32.73,165740,48,False,MEDIUM
RD-20487,MCH-008,Welding Station Alpha,Production,2021,3,2024-07-30,109.16,67.1,6.433,44.16,46858,23,False,LOW
RD-20488,MCH-009,Cooling Circuit Pump,Utilities,2013,11,2024-08-26,125.41,100.87,1.192,42.76,132820,55,False,MEDIUM
RD-20489,MCH-010,Conveyor System Main,Logistics,2016,8,2023-09-25,74.05,49.55,6.584,42.41,94713,57,True,MEDIUM
RD-20490,MCH-001,Pipe Bending Line A,Production,2018,6,2024-10-04,139.29,52.03,2.104,39.15,103446,24,False,LOW
RD-20491,MCH-002,Hydraulic Press #1,Production,2015,9,2024-02-24,118.58,60.11,2.695,43.91,42456,36,True,LOW
RD-20492,MCH-003,CNC Lathe Station 3,Machining,2019,5,2024-02-24,138.39,92.7,4.207,40.46,44566,29,False,LOW
RD-20493,MCH-004,Valve Assembly Robot,Assembly,2020,4,2023-10-05,91.06,45.33,7.205,44.04,60874,38,False,LOW
RD-20494,MCH-005,Quality Test Bench,QA,2017,7,2024-08-28,123.69,68.05,1.49,52.74,67083,28,False,LOW
RD-20495,MCH-006,Packaging Unit B,Logistics,2016,8,2024-09-04,146.24,17.99,7.468,55.9,42420,51,False,MEDIUM
RD-20496,MCH-007,Hydraulic Press #2,Production,2014,10,2024-07-21,129.88,55.53,2.772,54.6,196416,36,False,LOW
RD-20497,MCH-008,Welding Station Alpha,Production,2021,3,2023-03-14,124.72,88.44,2.849,47.11,80274,16,False,LOW
RD-20498,MCH-009,Cooling Circuit Pump,Utilities,2013,11,2023-02-12,108.8,67.92,7.364,46.7,122616,54,True,MEDIUM
RD-20499,MCH-010,Conveyor System Main,Logistics,2016,8,2023-10-26,119.13,77.47,8.022,43.8,96897,56,False,MEDIUM
RD-20500,MCH-001,Pipe Bending Line A,Production,2018,6,2024-02-24,139.04,50.61,1.905,45.1,50433,24,False,LOW
RD-20501,MCH-002,Hydraulic Press #1,Production,2015,9,2023-12-21,149.91,104.78,4.241,32.66,169852,59,False,MEDIUM
RD-20502,MCH-003,CNC Lathe Station 3,Machining,2019,5,2024-06-12,127.34,75.9,1.986,37.24,68502,20,False,LOW
RD-20503,MCH-004,Valve Assembly Robot,Assembly,2020,4,2024-11-21,132.2,69.18,1.654,44.22,63252,16,False,LOW
RD-20504,MCH-005,Quality Test Bench,QA,2017,7,2023-01-25,123.53,94.86,6.504,43.62,144186,51,False,MEDIUM
RD-20505,MCH-006,Packaging Unit B,Logistics,2016,8,2024-11-29,125.93,92.99,6.621,55.22,144711,54,False,MEDIUM
RD-20506,MCH-007,Hydraulic Press #2,Production,2014,10,2023-10-14,124.62,72.24,3.217,47.56,181712,36,False,LOW
RD-20507,MCH-008,Welding Station Alpha,Production,2021,3,2023-09-17,147.6,69.31,2.687,55.51,51520,12,False,LOW
RD-20508,MCH-009,Cooling Circuit Pump,Utilities,2013,11,2023-08-15,118.43,97.33,4.773,49.76,138428,50,True,MEDIUM
RD-20509,MCH-010,Conveyor System Main,Logistics,2016,8,2023-09-09,138.1,65.3,3.763,53.56,56616,32,False,LOW
RD-20510,MCH-001,Pipe Bending Line A,Production,2018,6,2023-12-09,127.03,69.39,1.896,30.45,47715,24,False,LOW
RD-20511,MCH-002,Hydraulic Press #1,Production,2015,9,2023-05-30,135.34,85.33,6.71,55.52,83740,50,False,MEDIUM
RD-20512,MCH-003,CNC Lathe Station 3,Machining,2019,5,2023-10-24,152.12,82.6,1.173,49.89,94248,20,False,LOW
RD-20513,MCH-004,Valve Assembly Robot,Assembly,2020,4,2024-09-02,98.18,68.08,7.288,48.15,40818,35,False,LOW
RD-20514,MCH-005,Quality Test Bench,QA,2017,7,2024-08-25,97.86,71.62,1.135,31.51,23964,29,False,LOW
RD-20515,MCH-006,Packaging Unit B,Logistics,2016,8,2023-10-26,107.94,64.73,1.361,40.01,111684,32,False,LOW
RD-20516,MCH-007,Hydraulic Press #2,Production,2014,10,2023-01-18,155.35,68.65,1.539,49.3,102212,36,True,LOW
RD-20517,MCH-008,Welding Station Alpha,Production,2021,3,2024-09-28,138.87,69.26,2.678,51.57,66044,12,False,LOW
RD-20518,MCH-009,Cooling Circuit Pump,Utilities,2013,11,2024-05-12,101.08,54.69,3.758,50.35,40096,36,True,LOW
RD-20519,MCH-010,Conveyor System Main,Logistics,2016,8,2023-01-08,74.86,66.28,2.599,43.66,94653,44,False,MEDIUM
RD-20520,MCH-001,Pipe Bending Line A,Production,2018,6,2023-03-29,153.74,85.64,6.251,44.08,105090,34,False,LOW
RD-20521,MCH-002,Hydraulic Press #1,Production,2015,9,2023-06-24,99.63,49.87,3.039,38.55,125516,36,False,LOW
RD-20522,MCH-003,CNC Lathe Station 3,Machining,2019,5,2023-05-03,132.38,93.0,4.102,45.85,77524,29,False,LOW
RD-20523,MCH-004,Valve Assembly Robot,Assembly,2020,4,2024-05-17,110.04,90.48,3.734,44.9,86660,22,False,LOW
RD-20524,MCH-005,Quality Test Bench,QA,2017,7,2023-07-20,131.87,56.48,0.188,47.93,138909,28,False,LOW
RD-20525,MCH-006,Packaging Unit B,Logistics,2016,8,2024-01-26,131.68,95.25,0.49,38.01,141870,44,False,MEDIUM
RD-20526,MCH-007,Hydraulic Press #2,Production,2014,10,2024-07-13,125.51,61.09,13.633,50.44,33916,100,False,HIGH
RD-20527,MCH-008,Welding Station Alpha,Production,2021,3,2023-02-21,118.59,67.58,2.636,46.19,43186,12,False,LOW
RD-20528,MCH-009,Cooling Circuit Pump,Utilities,2013,11,2024-11-09,113.44,100.81,7.654,48.17,54764,76,False,HIGH
RD-20529,MCH-010,Conveyor System Main,Logistics,2016,8,2024-04-13,155.75,100.2,5.556,57.66,64599,54,False,MEDIUM
RD-20530,MCH-001,Pipe Bending Line A,Production,2018,6,2023-05-15,121.12,85.55,1.866,48.16,98580,24,False,LOW
RD-20531,MCH-002,Hydraulic Press #1,Production,2015,9,2023-03-02,121.36,64.29,7.49,38.37,88520,55,False,MEDIUM
RD-20532,MCH-003,CNC Lathe Station 3,Machining,2019,5,2024-10-26,124.13,77.6,4.973,42.5,43106,20,False,LOW
RD-20533,MCH-004,Valve Assembly Robot,Assembly,2020,4,2023-11-19,119.84,89.83,4.67,46.37,75598,21,False,LOW
RD-20534,MCH-005,Quality Test Bench,QA,2017,7,2023-03-06,130.53,74.52,0.217,34.92,113499,28,False,LOW
RD-20535,MCH-006,Packaging Unit B,Logistics,2016,8,2024-01-01,107.16,71.81,4.478,48.57,70764,32,False,LOW
RD-20536,MCH-007,Hydraulic Press #2,Production,2014,10,2024-01-17,127.33,70.7,2.584,54.69,180388,36,True,LOW
RD-20537,MCH-008,Welding Station Alpha,Production,2021,3,2023-01-02,115.0,75.51,2.191,45.07,74080,12,True,LOW
RD-20538,MCH-009,Cooling Circuit Pump,Utilities,2013,11,2023-04-07,113.76,67.44,1.968,36.48,172964,36,True,LOW
RD-20539,MCH-010,Conveyor System Main,Logistics,2016,8,2024-01-28,146.5,53.31,3.92,49.98,127461,32,False,LOW
RD-20540,MCH-001,Pipe Bending Line A,Production,2018,6,2023-01-18,109.18,75.45,5.927,45.39,50346,31,True,LOW
RD-20541,MCH-002,Hydraulic Press #1,Production,2015,9,2024-10-12,141.67,66.03,6.491,43.09,158112,47,True,MEDIUM
RD-20542,MCH-003,CNC Lathe Station 3,Machining,2019,5,2024-05-26,148.47,69.72,3.456,35.71,72186,20,False,LOW
RD-20543,MCH-004,Valve Assembly Robot,Assembly,2020,4,2023-03-08,140.47,68.01,6.154,28.31,97820,25,False,LOW
RD-20544,MCH-005,Quality Test Bench,QA,2017,7,2024-02-02,154.06,73.8,4.384,37.71,125820,28,False,LOW
RD-20545,MCH-006,Packaging Unit B,Logistics,2016,8,2024-02-29,125.31,86.59,2.891,31.39,123282,33,False,LOW
RD-20546,MCH-007,Hydraulic Press #2,Production,2014,10,2024-12-20,167.85,80.42,1.441,50.61,196140,36,False,LOW
RD-20547,MCH-008,Welding Station Alpha,Production,2021,3,2023-10-17,130.59,81.3,2.461,36.64,40442,12,False,LOW
RD-20548,MCH-009,Cooling Circuit Pump,Utilities,2013,11,2023-09-19,96.75,31.05,4.844,51.19,44292,37,False,LOW
RD-20549,MCH-010,Conveyor System Main,Logistics,2016,8,2023-08-10,107.89,55.08,0.285,53.14,102816,32,False,LOW
RD-20550,MCH-001,Pipe Bending Line A,Production,2018,6,2024-04-08,121.07,86.7,2.502,52.87,104535,26,False,LOW
RD-20551,MCH-002,Hydraulic Press #1,Production,2015,9,2024-04-24,118.55,73.94,2.004,41.38,184392,36,False,LOW
RD-20552,MCH-003,CNC Lathe Station 3,Machining,2019,5,2023-04-27,107.46,94.32,1.71,47.26,76822,31,False,LOW
RD-20553,MCH-004,Valve Assembly Robot,Assembly,2020,4,2023-08-20,124.3,94.73,6.025,45.62,78468,35,False,LOW
RD-20554,MCH-005,Quality Test Bench,QA,2017,7,2023-04-03,137.07,67.51,4.481,24.84,118503,28,False,LOW
RD-20555,MCH-006,Packaging Unit B,Logistics,2016,8,2024-06-02,101.5,103.29,4.822,53.46,79689,53,True,MEDIUM
RD-20556,MCH-007,Hydraulic Press #2,Production,2014,10,2023-11-04,112.32,84.55,7.416,41.19,158864,55,False,MEDIUM
RD-20557,MCH-008,Welding Station Alpha,Production,2021,3,2023-01-31,116.86,58.94,2.765,45.0,33504,12,False,LOW
RD-20558,MCH-009,Cooling Circuit Pump,Utilities,2013,11,2023-10-23,88.35,95.87,5.207,36.98,96336,56,True,MEDIUM
RD-20559,MCH-010,Conveyor System Main,Logistics,2016,8,2023-11-28,106.51,59.99,8.128,39.81,89151,57,False,MEDIUM
RD-20560,MCH-001,Pipe Bending Line A,Production,2018,6,2023-09-02,135.81,88.16,6.567,49.88,70893,40,False,MEDIUM
RD-20561,MCH-002,Hydraulic Press #1,Production,2015,9,2023-01-07,147.84,82.94,0.934,48.09,122328,36,True,LOW
RD-20562,MCH-003,CNC Lathe Station 3,Machining,2019,5,2024-03-03,145.06,73.56,6.087,53.94,74470,28,False,LOW
RD-20563,MCH-004,Valve Assembly Robot,Assembly,2020,4,2023-06-21,128.17,82.73,4.345,32.71,35482,16,False,LOW
RD-20564,MCH-005,Quality Test Bench,QA,2017,7,2023-03-24,119.28,31.67,2.107,49.7,39324,28,False,LOW
RD-20565,MCH-006,Packaging Unit B,Logistics,2016,8,2024-12-06,111.48,79.97,2.088,45.14,121752,32,False,LOW
RD-20566,MCH-007,Hydraulic Press #2,Production,2014,10,2024-12-14,107.1,84.0,7.148,39.81,152712,53,False,MEDIUM
RD-20567,MCH-008,Welding Station Alpha,Production,2021,3,2024-11-21,113.77,59.18,4.182,48.63,90136,12,False,LOW
RD-20568,MCH-009,Cooling Circuit Pump,Utilities,2013,11,2023-07-08,104.29,67.78,9.062,59.78,141120,68,False,MEDIUM
RD-20569,MCH-010,Conveyor System Main,Logistics,2016,8,2024-08-03,95.83,104.19,1.8,33.91,40935,57,False,MEDIUM
RD-20570,MCH-001,Pipe Bending Line A,Production,2018,6,2024-09-28,123.65,100.1,1.772,45.24,94710,42,True,MEDIUM
RD-20571,MCH-002,Hydraulic Press #1,Production,2015,9,2023-07-10,152.6,44.61,6.328,36.79,71808,46,False,MEDIUM
RD-20572,MCH-003,CNC Lathe Station 3,Machining,2019,5,2024-08-28,101.0,77.14,3.671,49.44,40064,20,False,LOW
RD-20573,MCH-004,Valve Assembly Robot,Assembly,2020,4,2024-09-13,122.09,96.58,0.253,40.73,36142,29,False,LOW
RD-20574,MCH-005,Quality Test Bench,QA,2017,7,2023-05-12,116.34,57.91,9.161,31.77,107106,61,False,MEDIUM
RD-20575,MCH-006,Packaging Unit B,Logistics,2016,8,2023-02-20,114.48,27.1,2.417,51.95,88545,32,False,LOW
RD-20576,MCH-007,Hydraulic Press #2,Production,2014,10,2024-09-29,132.63,87.63,1.859,45.84,34912,39,False,LOW
RD-20577,MCH-008,Welding Station Alpha,Production,2021,3,2024-11-24,84.54,94.05,3.512,48.63,64938,30,False,LOW
RD-20578,MCH-009,Cooling Circuit Pump,Utilities,2013,11,2024-12-06,118.01,96.06,7.278,46.46,81620,67,False,MEDIUM
RD-20579,MCH-010,Conveyor System Main,Logistics,2016,8,2024-05-28,119.65,68.27,0.577,63.25,124920,32,False,LOW
RD-20580,MCH-001,Pipe Bending Line A,Production,2018,6,2024-04-05,101.88,76.34,3.304,51.79,102012,24,False,LOW
RD-20581,MCH-002,Hydraulic Press #1,Production,2015,9,2023-10-06,124.24,49.09,5.852,44.2,90112,42,True,MEDIUM
RD-20582,MCH-003,CNC Lathe Station 3,Machining,2019,5,2024-05-10,90.28,80.88,3.737,43.06,95950,24,False,LOW
RD-20583,MCH-004,Valve Assembly Robot,Assembly,2020,4,2023-01-16,107.41,79.4,2.945,49.6,73204,16,False,LOW
RD-20584,MCH-005,Quality Test Bench,QA,2017,7,2023-11-20,95.71,58.14,0.924,43.76,126525,30,False,LOW
RD-20585,MCH-006,Packaging Unit B,Logistics,2016,8,2023-05-30,147.21,84.33,6.619,23.04,113658,44,False,MEDIUM
RD-20586,MCH-007,Hydraulic Press #2,Production,2014,10,2024-04-22,138.5,75.44,4.826,59.99,112892,36,False,LOW
RD-20587,MCH-008,Welding Station Alpha,Production,2021,3,2023-02-21,109.33,54.4,4.741,48.0,62680,12,False,LOW
RD-20588,MCH-009,Cooling Circuit Pump,Utilities,2013,11,2024-03-18,147.43,68.42,6.249,53.27,69312,45,False,MEDIUM
RD-20589,MCH-010,Conveyor System Main,Logistics,2016,8,2024-01-06,120.29,95.93,5.795,60.02,55560,51,True,MEDIUM
RD-20590,MCH-001,Pipe Bending Line A,Production,2018,6,2023-10-05,101.77,67.4,1.158,40.32,139269,24,False,LOW
RD-20591,MCH-002,Hydraulic Press #1,Production,2015,9,2024-08-05,146.18,60.37,3.57,42.41,31232,36,True,LOW
RD-20592,MCH-003,CNC Lathe Station 3,Machining,2019,5,2024-02-21,130.38,67.25,3.001,45.72,45606,20,True,LOW
RD-20593,MCH-004,Valve Assembly Robot,Assembly,2020,4,2023-04-30,95.59,61.07,1.768,45.92,90022,18,False,LOW
RD-20594,MCH-005,Quality Test Bench,QA,2017,7,2024-09-30,131.01,45.11,3.411,39.78,102069,28,True,LOW
RD-20595,MCH-006,Packaging Unit B,Logistics,2016,8,2024-02-04,96.81,44.85,5.662,47.3,117561,38,True,LOW
RD-20596,MCH-007,Hydraulic Press #2,Production,2014,10,2024-04-21,93.77,64.71,2.905,46.55,84188,39,False,LOW
RD-20597,MCH-008,Welding Station Alpha,Production,2021,3,2023-06-07,102.09,76.9,3.278,47.62,73032,12,False,LOW
RD-20598,MCH-009,Cooling Circuit Pump,Utilities,2013,11,2024-04-12,126.6,67.83,7.548,39.3,172368,56,False,MEDIUM
RD-20599,MCH-010,Conveyor System Main,Logistics,2016,8,2023-09-03,143.13,131.44,4.004,45.21,52503,87,True,HIGH
RD-20600,MCH-001,Pipe Bending Line A,Production,2018,6,2024-05-22,98.24,71.86,10.447,46.89,46683,68,False,MEDIUM
RD-20601,MCH-002,Hydraulic Press #1,Production,2015,9,2024-12-07,110.12,95.13,3.229,59.84,74328,48,False,MEDIUM
RD-20602,MCH-003,CNC Lathe Station 3,Machining,2019,5,2023-04-22,102.06,68.87,0.314,31.09,38056,20,False,LOW
RD-20603,MCH-004,Valve Assembly Robot,Assembly,2020,4,2024-08-28,127.71,67.39,5.379,34.63,27454,19,False,LOW
RD-20604,MCH-005,Quality Test Bench,QA,2017,7,2024-08-17,132.46,92.85,4.087,33.54,37518,37,True,LOW
RD-20605,MCH-006,Packaging Unit B,Logistics,2016,8,2023-06-18,120.18,52.29,4.624,52.96,21588,32,False,LOW
RD-20606,MCH-007,Hydraulic Press #2,Production,2014,10,2023-04-21,139.65,92.55,5.878,43.3,181636,52,False,MEDIUM
RD-20607,MCH-008,Welding Station Alpha,Production,2021,3,2024-04-29,102.5,69.51,2.545,33.68,60538,12,False,LOW
RD-20608,MCH-009,Cooling Circuit Pump,Utilities,2013,11,2024-04-25,112.44,81.26,5.607,43.14,69436,40,False,MEDIUM
RD-20609,MCH-010,Conveyor System Main,Logistics,2016,8,2024-10-04,85.92,83.31,7.5,41.4,74022,59,False,MEDIUM
RD-20610,MCH-001,Pipe Bending Line A,Production,2018,6,2024-04-02,122.8,69.5,3.495,33.64,88773,24,False,LOW
RD-20611,MCH-002,Hydraulic Press #1,Production,2015,9,2023-12-22,158.9,67.54,1.435,48.73,168308,36,False,LOW
RD-20612,MCH-003,CNC Lathe Station 3,Machining,2019,5,2024-03-08,119.55,80.5,7.625,46.73,35644,41,False,MEDIUM
RD-20613,MCH-004,Valve Assembly Robot,Assembly,2020,4,2024-07-21,114.41,78.05,2.782,50.61,52426,16,False,LOW
RD-20614,MCH-005,Quality Test Bench,QA,2017,7,2023-01-10,151.22,52.04,3.998,51.73,44550,28,False,LOW
RD-20615,MCH-006,Packaging Unit B,Logistics,2016,8,2023-06-10,144.78,54.77,2.304,47.53,68955,32,False,LOW
RD-20616,MCH-007,Hydraulic Press #2,Production,2014,10,2024-02-08,113.55,104.7,5.489,64.77,99540,63,False,MEDIUM
RD-20617,MCH-008,Welding Station Alpha,Production,2021,3,2023-09-21,108.86,81.04,1.44,50.59,92802,12,True,LOW
RD-20618,MCH-009,Cooling Circuit Pump,Utilities,2013,11,2023-04-25,146.1,39.49,5.126,41.26,41116,37,True,LOW
RD-20619,MCH-010,Conveyor System Main,Logistics,2016,8,2024-04-02,67.64,71.11,3.663,26.67,127257,48,True,MEDIUM
RD-20620,MCH-001,Pipe Bending Line A,Production,2018,6,2024-03-14,104.48,59.59,6.032,47.54,68625,32,True,LOW
RD-20621,MCH-002,Hydraulic Press #1,Production,2015,9,2024-05-24,126.45,55.26,0.026,40.2,73384,36,True,LOW
RD-20622,MCH-003,CNC Lathe Station 3,Machining,2019,5,2024-12-25,115.15,116.28,4.695,33.35,43918,57,False,MEDIUM
RD-20623,MCH-004,Valve Assembly Robot,Assembly,2020,4,2023-12-08,106.9,74.19,4.007,37.32,82984,16,False,LOW
RD-20624,MCH-005,Quality Test Bench,QA,2017,7,2023-10-12,117.03,62.37,0.63,48.02,86919,28,True,LOW
RD-20625,MCH-006,Packaging Unit B,Logistics,2016,8,2024-12-21,133.21,65.85,5.501,48.53,79092,36,False,LOW
RD-20626,MCH-007,Hydraulic Press #2,Production,2014,10,2023-08-01,108.07,76.42,10.82,48.59,174620,82,True,HIGH
RD-20627,MCH-008,Welding Station Alpha,Production,2021,3,2024-11-22,111.15,106.35,2.781,51.62,32798,37,False,LOW
RD-20628,MCH-009,Cooling Circuit Pump,Utilities,2013,11,2024-01-27,153.54,50.53,0.475,60.6,77640,36,False,LOW
RD-20629,MCH-010,Conveyor System Main,Logistics,2016,8,2024-04-26,95.76,88.37,1.598,44.33,83088,38,False,LOW
RD-20630,MCH-001,Pipe Bending Line A,Production,2018,6,2023-12-12,118.54,103.51,1.137,35.27,149292,46,False,MEDIUM
RD-20631,MCH-002,Hydraulic Press #1,Production,2015,9,2023-12-31,150.58,25.99,2.293,20.25,101988,36,False,LOW
RD-20632,MCH-003,CNC Lathe Station 3,Machining,2019,5,2024-02-07,147.7,81.35,1.667,53.46,71196,20,False,LOW
RD-20633,MCH-004,Valve Assembly Robot,Assembly,2020,4,2024-11-28,97.15,59.95,1.85,46.31,16318,17,False,LOW
RD-20634,MCH-005,Quality Test Bench,QA,2017,7,2023-08-08,121.71,102.18,4.501,24.88,78282,48,False,MEDIUM
RD-20635,MCH-006,Packaging Unit B,Logistics,2016,8,2024-01-22,97.78,60.06,1.643,34.72,141423,33,False,LOW
RD-20636,MCH-007,Hydraulic Press #2,Production,2014,10,2024-07-01,101.17,78.89,0.73,41.88,94380,36,False,LOW
RD-20637,MCH-008,Welding Station Alpha,Production,2021,3,2024-08-07,101.56,76.8,3.198,48.17,69674,12,False,LOW
RD-20638,MCH-009,Cooling Circuit Pump,Utilities,2013,11,2023-01-31,105.26,59.61,4.804,55.01,72536,36,False,LOW
RD-20639,MCH-010,Conveyor System Main,Logistics,2016,8,2024-08-24,110.66,57.58,4.764,36.31,61236,32,False,LOW
RD-20640,MCH-001,Pipe Bending Line A,Production,2018,6,2023-08-20,117.89,59.1,6.32,32.1,67269,34,True,LOW
RD-20641,MCH-002,Hydraulic Press #1,Production,2015,9,2024-11-15,153.23,67.15,4.255,50.2,141496,36,True,LOW
RD-20642,MCH-003,CNC Lathe Station 3,Machining,2019,5,2024-05-14,99.98,68.67,5.35,33.64,43944,22,False,LOW
RD-20643,MCH-004,Valve Assembly Robot,Assembly,2020,4,2023-06-30,121.0,77.18,4.646,44.81,72002,16,False,LOW
RD-20644,MCH-005,Quality Test Bench,QA,2017,7,2024-07-12,167.8,74.75,1.208,42.36,100287,28,False,LOW
RD-20645,MCH-006,Packaging Unit B,Logistics,2016,8,2023-06-05,110.63,99.42,4.948,45.03,138294,49,False,MEDIUM
RD-20646,MCH-007,Hydraulic Press #2,Production,2014,10,2024-10-25,58.63,67.6,0.379,57.64,144964,56,True,MEDIUM
RD-20647,MCH-008,Welding Station Alpha,Production,2021,3,2023-06-11,150.22,41.25,5.059,52.63,77194,12,False,LOW
RD-20648,MCH-009,Cooling Circuit Pump,Utilities,2013,11,2023-09-06,132.39,91.69,0.223,56.32,72172,44,False,MEDIUM
RD-20649,MCH-010,Conveyor System Main,Logistics,2016,8,2023-06-29,133.03,51.62,0.85,45.01,97752,32,False,LOW
RD-20650,MCH-001,Pipe Bending Line A,Production,2018,6,2024-02-08,123.68,62.96,1.458,49.71,69843,24,False,LOW
RD-20651,MCH-002,Hydraulic Press #1,Production,2015,9,2024-09-16,87.76,41.79,9.714,44.43,75744,79,True,HIGH
RD-20652,MCH-003,CNC Lathe Station 3,Machining,2019,5,2024-12-23,125.88,50.95,1.202,49.18,48224,20,False,LOW
RD-20653,MCH-004,Valve Assembly Robot,Assembly,2020,4,2024-12-03,151.85,86.04,6.018,46.62,66964,25,True,LOW
RD-20654,MCH-005,Quality Test Bench,QA,2017,7,2023-08-04,102.24,73.98,1.408,58.15,127002,28,True,LOW
RD-20655,MCH-006,Packaging Unit B,Logistics,2016,8,2024-05-04,138.18,84.58,6.961,29.44,146862,47,False,MEDIUM
RD-20656,MCH-007,Hydraulic Press #2,Production,2014,10,2023-07-12,125.56,63.95,4.707,38.68,101524,36,False,LOW
RD-20657,MCH-008,Welding Station Alpha,Production,2021,3,2023-04-07,129.92,56.89,8.952,53.33,38460,43,True,MEDIUM
RD-20658,MCH-009,Cooling Circuit Pump,Utilities,2013,11,2023-09-11,141.73,56.88,5.474,40.28,108476,39,True,LOW
RD-20659,MCH-010,Conveyor System Main,Logistics,2016,8,2024-04-10,104.39,91.5,4.726,54.4,19512,39,False,LOW
RD-20660,MCH-001,Pipe Bending Line A,Production,2018,6,2024-11-06,124.52,72.21,0.632,51.12,78969,24,True,LOW
RD-20661,MCH-002,Hydraulic Press #1,Production,2015,9,2023-06-25,106.9,91.36,2.248,37.15,118684,43,False,MEDIUM
RD-20662,MCH-003,CNC Lathe Station 3,Machining,2019,5,2024-02-10,112.96,70.83,6.703,45.96,20700,33,False,LOW
RD-20663,MCH-004,Valve Assembly Robot,Assembly,2020,4,2023-06-10,141.37,71.95,3.761,37.35,42012,16,False,LOW
RD-20664,MCH-005,Quality Test Bench,QA,2017,7,2023-01-21,111.75,75.77,2.747,40.12,42306,28,False,LOW
RD-20665,MCH-006,Packaging Unit B,Logistics,2016,8,2024-01-12,111.78,58.8,5.003,56.14,139260,32,True,LOW
RD-20666,MCH-007,Hydraulic Press #2,Production,2014,10,2023-08-14,135.44,79.92,1.789,45.58,70068,36,False,LOW
RD-20667,MCH-008,Welding Station Alpha,Production,2021,3,2023-10-04,107.57,73.76,3.363,46.5,48870,12,False,LOW
RD-20668,MCH-009,Cooling Circuit Pump,Utilities,2013,11,2024-05-07,71.14,64.58,2.297,43.16,117612,50,False,MEDIUM
RD-20669,MCH-010,Conveyor System Main,Logistics,2016,8,2023-06-09,119.93,79.1,0.121,48.16,50058,32,False,LOW
RD-20670,MCH-001,Pipe Bending Line A,Production,2018,6,2024-04-01,107.87,63.92,4.054,49.53,41688,24,False,LOW
RD-20671,MCH-002,Hydraulic Press #1,Production,2015,9,2023-01-23,136.24,90.0,3.262,48.4,79200,42,False,MEDIUM
RD-20672,MCH-003,CNC Lathe Station 3,Machining,2019,5,2024-11-07,106.83,77.78,1.634,46.12,14710,20,False,LOW
RD-20673,MCH-004,Valve Assembly Robot,Assembly,2020,4,2024-04-20,95.12,82.32,6.462,51.01,34078,30,False,LOW
RD-20674,MCH-005,Quality Test Bench,QA,2017,7,2023-05-17,129.95,39.7,3.706,52.43,100284,28,False,LOW
RD-20675,MCH-006,Packaging Unit B,Logistics,2016,8,2023-02-21,80.71,48.54,2.443,56.38,78492,41,True,MEDIUM
RD-20676,MCH-007,Hydraulic Press #2,Production,2014,10,2024-08-29,121.25,77.44,5.175,44.52,141380,37,False,LOW
RD-20677,MCH-008,Welding Station Alpha,Production,2021,3,2023-08-20,109.07,94.23,1.055,45.43,67198,23,False,LOW
RD-20678,MCH-009,Cooling Circuit Pump,Utilities,2013,11,2023-02-24,127.43,85.43,0.918,45.38,56892,36,False,LOW
RD-20679,MCH-010,Conveyor System Main,Logistics,2016,8,2024-03-06,172.94,60.96,6.314,42.78,128574,42,False,MEDIUM
RD-20680,MCH-001,Pipe Bending Line A,Production,2018,6,2024-02-16,88.78,63.37,0.082,44.44,143895,29,True,LOW
RD-20681,MCH-002,Hydraulic Press #1,Production,2015,9,2024-01-24,131.37,115.22,1.11,61.12,83216,72,False,HIGH
RD-20682,MCH-003,CNC Lathe Station 3,Machining,2019,5,2024-12-24,137.17,88.64,6.045,55.62,42254,32,False,LOW
RD-20683,MCH-004,Valve Assembly Robot,Assembly,2020,4,2023-08-20,113.05,57.55,6.411,43.45,93028,27,False,LOW
RD-20684,MCH-005,Quality Test Bench,QA,2017,7,2023-07-02,107.12,85.34,3.365,30.86,31680,28,False,LOW
RD-20685,MCH-006,Packaging Unit B,Logistics,2016,8,2024-07-11,116.57,71.71,2.72,47.25,74829,32,False,LOW
RD-20686,MCH-007,Hydraulic Press #2,Production,2014,10,2024-04-27,127.46,77.07,3.375,37.9,130188,36,False,LOW
RD-20687,MCH-008,Welding Station Alpha,Production,2021,3,2023-08-07,126.24,71.99,6.496,38.18,96634,23,False,LOW
RD-20688,MCH-009,Cooling Circuit Pump,Utilities,2013,11,2024-08-31,108.92,49.96,6.879,59.78,23040,51,True,MEDIUM
RD-20689,MCH-010,Conveyor System Main,Logistics,2016,8,2023-06-18,112.07,63.29,1.32,51.28,23343,32,False,LOW
RD-20690,MCH-001,Pipe Bending Line A,Production,2018,6,2023-10-02,147.2,81.8,1.487,40.96,81330,24,False,LOW
RD-20691,MCH-002,Hydraulic Press #1,Production,2015,9,2024-02-27,140.22,111.16,3.186,62.3,62776,67,False,MEDIUM
RD-20692,MCH-003,CNC Lathe Station 3,Machining,2019,5,2023-06-28,84.95,78.89,3.46,51.56,38488,27,False,LOW
RD-20693,MCH-004,Valve Assembly Robot,Assembly,2020,4,2024-12-15,141.78,52.23,1.104,45.81,97942,16,False,LOW
RD-20694,MCH-005,Quality Test Bench,QA,2017,7,2023-02-06,89.19,73.95,2.426,50.72,111513,33,True,LOW
RD-20695,MCH-006,Packaging Unit B,Logistics,2016,8,2023-01-01,114.18,104.78,6.052,44.67,94923,64,False,MEDIUM
RD-20696,MCH-007,Hydraulic Press #2,Production,2014,10,2024-07-14,108.43,84.74,5.77,39.76,61400,42,False,MEDIUM
RD-20697,MCH-008,Welding Station Alpha,Production,2021,3,2023-08-26,108.99,54.13,0.837,40.3,60180,12,False,LOW
RD-20698,MCH-009,Cooling Circuit Pump,Utilities,2013,11,2024-07-21,155.95,57.1,4.052,57.35,26404,36,False,LOW
RD-20699,MCH-010,Conveyor System Main,Logistics,2016,8,2023-07-18,123.38,64.66,0.698,51.02,146568,32,False,LOW
RD-20700,MCH-001,Pipe Bending Line A,Production,2018,6,2024-09-04,107.75,90.74,5.411,47.23,31476,34,True,LOW
RD-20701,MCH-002,Hydraulic Press #1,Production,2015,9,2024-08-17,92.25,80.95,3.429,48.77,82696,39,True,LOW
RD-20702,MCH-003,CNC Lathe Station 3,Machining,2019,5,2024-07-06,138.7,109.6,1.953,52.07,80574,49,True,MEDIUM
RD-20703,MCH-004,Valve Assembly Robot,Assembly,2020,4,2024-06-06,153.41,97.08,3.766,39.18,60926,30,False,LOW
RD-20704,MCH-005,Quality Test Bench,QA,2017,7,2024-03-18,110.17,78.64,3.327,51.52,24651,28,False,LOW
RD-20705,MCH-006,Packaging Unit B,Logistics,2016,8,2024-01-20,136.43,73.84,4.71,56.84,81693,32,False,LOW
RD-20706,MCH-007,Hydraulic Press #2,Production,2014,10,2024-07-26,95.32,84.21,4.096,49.96,65428,38,True,LOW
RD-20707,MCH-008,Welding Station Alpha,Production,2021,3,2024-02-13,121.84,89.82,2.712,50.23,37226,17,False,LOW
RD-20708,MCH-009,Cooling Circuit Pump,Utilities,2013,11,2023-10-09,108.15,53.72,1.991,25.87,186340,36,False,LOW
RD-20709,MCH-010,Conveyor System Main,Logistics,2016,8,2023-12-08,116.61,83.06,3.959,35.23,49122,32,False,LOW
RD-20710,MCH-001,Pipe Bending Line A,Production,2018,6,2024-11-01,132.97,95.54,3.378,41.98,40641,36,False,LOW
RD-20711,MCH-002,Hydraulic Press #1,Production,2015,9,2024-01-27,138.55,70.8,4.915,54.28,86188,36,False,LOW
RD-20712,MCH-003,CNC Lathe Station 3,Machining,2019,5,2024-09-29,128.93,46.38,4.524,38.12,62442,20,False,LOW
RD-20713,MCH-004,Valve Assembly Robot,Assembly,2020,4,2024-10-01,106.75,54.49,3.14,44.25,11276,16,False,LOW
RD-20714,MCH-005,Quality Test Bench,QA,2017,7,2024-04-15,134.54,79.12,2.73,46.71,83973,28,False,LOW
RD-20715,MCH-006,Packaging Unit B,Logistics,2016,8,2024-03-30,157.21,52.96,0.922,42.7,67197,32,False,LOW
RD-20716,MCH-007,Hydraulic Press #2,Production,2014,10,2023-03-22,123.15,94.74,4.431,44.68,183296,47,True,MEDIUM
RD-20717,MCH-008,Welding Station Alpha,Production,2021,3,2024-05-29,137.35,79.3,1.606,51.01,29000,12,False,LOW
RD-20718,MCH-009,Cooling Circuit Pump,Utilities,2013,11,2023-09-19,68.04,44.09,2.245,43.53,122840,51,False,MEDIUM
RD-20719,MCH-010,Conveyor System Main,Logistics,2016,8,2024-10-13,154.01,55.74,4.389,47.27,124902,32,False,LOW
RD-20720,MCH-001,Pipe Bending Line A,Production,2018,6,2023-08-28,127.37,98.12,2.97,43.0,87351,39,False,LOW
RD-20721,MCH-002,Hydraulic Press #1,Production,2015,9,2024-12-09,114.32,72.42,0.739,55.09,185784,36,False,LOW
RD-20722,MCH-003,CNC Lathe Station 3,Machining,2019,5,2024-09-14,91.23,94.95,7.125,45.23,22250,53,False,MEDIUM
RD-20723,MCH-004,Valve Assembly Robot,Assembly,2020,4,2024-03-22,88.77,91.19,8.542,55.0,86736,57,False,MEDIUM
RD-20724,MCH-005,Quality Test Bench,QA,2017,7,2023-04-13,107.03,49.11,4.709,44.56,72366,28,False,LOW
RD-20725,MCH-006,Packaging Unit B,Logistics,2016,8,2024-12-18,105.99,75.15,3.168,54.71,117222,32,False,LOW
RD-20726,MCH-007,Hydraulic Press #2,Production,2014,10,2024-06-07,72.26,75.58,5.19,39.81,53840,51,False,MEDIUM
RD-20727,MCH-008,Welding Station Alpha,Production,2021,3,2023-08-07,118.44,73.64,4.878,33.99,70698,12,False,LOW
RD-20728,MCH-009,Cooling Circuit Pump,Utilities,2013,11,2024-10-06,103.12,45.56,5.61,48.79,105468,40,False,MEDIUM
RD-20729,MCH-010,Conveyor System Main,Logistics,2016,8,2024-06-13,100.24,61.67,2.594,43.81,136488,32,False,LOW
RD-20730,MCH-001,Pipe Bending Line A,Production,2018,6,2024-07-30,109.97,74.35,5.757,32.81,82206,30,True,LOW
RD-20731,MCH-002,Hydraulic Press #1,Production,2015,9,2024-06-18,150.01,80.65,4.503,48.06,38608,36,False,LOW
RD-20732,MCH-003,CNC Lathe Station 3,Machining,2019,5,2024-07-28,99.0,58.86,3.378,33.03,36290,20,True,LOW
RD-20733,MCH-004,Valve Assembly Robot,Assembly,2020,4,2024-04-21,118.3,70.07,2.428,41.33,47604,16,False,LOW
RD-20734,MCH-005,Quality Test Bench,QA,2017,7,2023-01-16,103.19,69.35,1.147,40.68,28647,28,False,LOW
RD-20735,MCH-006,Packaging Unit B,Logistics,2016,8,2023-06-15,110.15,62.02,4.127,49.55,126747,32,False,LOW
RD-20736,MCH-007,Hydraulic Press #2,Production,2014,10,2024-08-28,112.77,46.73,1.202,53.51,35364,36,False,LOW
RD-20737,MCH-008,Welding Station Alpha,Production,2021,3,2023-08-02,120.36,85.85,4.911,48.74,24090,13,False,LOW
RD-20738,MCH-009,Cooling Circuit Pump,Utilities,2013,11,2023-05-30,111.2,68.34,6.075,49.14,30944,44,False,MEDIUM
RD-20739,MCH-010,Conveyor System Main,Logistics,2016,8,2023-03-02,72.83,80.71,4.112,59.68,106398,45,True,MEDIUM
RD-20740,MCH-001,Pipe Bending Line A,Production,2018,6,2023-12-07,121.58,83.22,7.522,50.15,127812,44,False,MEDIUM
RD-20741,MCH-002,Hydraulic Press #1,Production,2015,9,2024-11-19,125.72,108.78,1.643,41.02,101268,64,True,MEDIUM
RD-20742,MCH-003,CNC Lathe Station 3,Machining,2019,5,2023-02-15,95.97,91.02,1.557,38.16,22080,29,False,LOW
RD-20743,MCH-004,Valve Assembly Robot,Assembly,2020,4,2023-12-03,112.28,76.63,6.344,33.32,66586,26,False,LOW
RD-20744,MCH-005,Quality Test Bench,QA,2017,7,2024-11-20,142.79,90.04,4.921,43.2,118629,34,False,LOW
RD-20745,MCH-006,Packaging Unit B,Logistics,2016,8,2023-03-29,127.93,83.74,0.851,38.45,74058,32,True,LOW
RD-20746,MCH-007,Hydraulic Press #2,Production,2014,10,2023-12-15,152.63,48.77,8.028,49.29,23636,60,False,MEDIUM
RD-20747,MCH-008,Welding Station Alpha,Production,2021,3,2023-07-27,139.77,68.13,5.423,43.59,16194,15,False,LOW
RD-20748,MCH-009,Cooling Circuit Pump,Utilities,2013,11,2023-03-02,168.95,93.07,3.327,46.89,117900,45,False,MEDIUM
RD-20749,MCH-010,Conveyor System Main,Logistics,2016,8,2024-12-16,117.39,77.42,2.63,44.59,109587,32,False,LOW
RD-20750,MCH-001,Pipe Bending Line A,Production,2018,6,2024-01-31,102.81,61.48,4.112,54.83,139047,24,False,LOW
RD-20751,MCH-002,Hydraulic Press #1,Production,2015,9,2023-06-09,122.94,95.81,7.125,37.1,197584,65,True,MEDIUM
RD-20752,MCH-003,CNC Lathe Station 3,Machining,2019,5,2024-07-27,143.45,73.51,2.609,46.91,94814,20,False,LOW
RD-20753,MCH-004,Valve Assembly Robot,Assembly,2020,4,2023-01-29,104.72,103.35,4.342,49.48,23412,38,True,LOW
RD-20754,MCH-005,Quality Test Bench,QA,2017,7,2023-08-22,104.61,54.48,0.169,38.17,117093,28,False,LOW
RD-20755,MCH-006,Packaging Unit B,Logistics,2016,8,2023-02-26,94.52,88.87,3.861,26.62,51681,39,False,LOW
RD-20756,MCH-007,Hydraulic Press #2,Production,2014,10,2023-08-21,138.49,70.68,8.314,42.72,58600,62,True,MEDIUM
RD-20757,MCH-008,Welding Station Alpha,Production,2021,3,2023-09-26,72.55,62.19,4.404,46.99,82730,25,False,LOW
RD-20758,MCH-009,Cooling Circuit Pump,Utilities,2013,11,2024-02-05,102.61,36.73,3.879,35.53,184484,36,False,LOW
RD-20759,MCH-010,Conveyor System Main,Logistics,2016,8,2024-10-20,101.74,83.63,1.854,44.84,125436,32,False,LOW
RD-20760,MCH-001,Pipe Bending Line A,Production,2018,6,2024-07-21,162.45,87.43,1.265,42.47,135843,26,False,LOW
RD-20761,MCH-002,Hydraulic Press #1,Production,2015,9,2024-08-07,89.7,87.24,7.474,42.92,87068,63,True,MEDIUM
RD-20762,MCH-003,CNC Lathe Station 3,Machining,2019,5,2023-10-04,102.76,63.63,4.185,54.62,52460,20,False,LOW
RD-20763,MCH-004,Valve Assembly Robot,Assembly,2020,4,2023-08-16,117.01,54.93,4.196,50.74,52216,16,False,LOW
RD-20764,MCH-005,Quality Test Bench,QA,2017,7,2023-09-21,144.42,68.09,2.797,45.31,61887,28,False,LOW
RD-20765,MCH-006,Packaging Unit B,Logistics,2016,8,2024-04-24,120.33,78.5,2.818,46.94,105816,32,False,LOW
RD-20766,MCH-007,Hydraulic Press #2,Production,2014,10,2024-09-28,110.67,86.97,3.975,37.24,68312,38,True,LOW
RD-20767,MCH-008,Welding Station Alpha,Production,2021,3,2023-02-11,138.15,58.85,3.842,45.59,30592,12,False,LOW
RD-20768,MCH-009,Cooling Circuit Pump,Utilities,2013,11,2023-08-23,76.16,60.5,0.814,49.04,69356,47,False,MEDIUM
RD-20769,MCH-010,Conveyor System Main,Logistics,2016,8,2024-05-03,128.5,80.75,0.411,36.82,70293,32,False,LOW
RD-20770,MCH-001,Pipe Bending Line A,Production,2018,6,2024-12-17,112.96,80.22,5.841,38.61,28209,30,False,LOW
RD-20771,MCH-002,Hydraulic Press #1,Production,2015,9,2023-10-19,160.38,68.43,11.01,46.21,169488,84,False,HIGH
RD-20772,MCH-003,CNC Lathe Station 3,Machining,2019,5,2023-10-20,74.87,100.71,7.008,38.89,15624,67,False,MEDIUM
RD-20773,MCH-004,Valve Assembly Robot,Assembly,2020,4,2024-09-25,101.75,48.32,3.079,43.88,62000,16,False,LOW
RD-20774,MCH-005,Quality Test Bench,QA,2017,7,2024-07-05,144.8,60.57,6.187,34.79,41589,37,False,LOW
RD-20775,MCH-006,Packaging Unit B,Logistics,2016,8,2023-01-17,86.2,107.33,6.352,29.62,90573,76,False,HIGH
RD-20776,MCH-007,Hydraulic Press #2,Production,2014,10,2024-09-25,154.36,61.12,4.081,51.52,143796,36,False,LOW
RD-20777,MCH-008,Welding Station Alpha,Production,2021,3,2024-01-13,122.94,53.86,4.326,39.18,16364,12,False,LOW
RD-20778,MCH-009,Cooling Circuit Pump,Utilities,2013,11,2024-04-13,137.84,107.36,7.023,50.42,25092,79,False,HIGH
RD-20779,MCH-010,Conveyor System Main,Logistics,2016,8,2024-08-09,132.16,65.55,2.167,51.58,104712,32,True,LOW
RD-20780,MCH-001,Pipe Bending Line A,Production,2018,6,2023-02-02,120.12,90.12,1.175,59.24,43755,30,False,LOW
RD-20781,MCH-002,Hydraulic Press #1,Production,2015,9,2023-06-16,148.79,47.54,1.397,52.19,31096,36,False,LOW
RD-20782,MCH-003,CNC Lathe Station 3,Machining,2019,5,2024-07-22,134.37,78.57,3.523,36.2,73538,20,False,LOW
RD-20783,MCH-004,Valve Assembly Robot,Assembly,2020,4,2023-02-19,109.18,83.34,6.021,42.29,75364,24,True,LOW
RD-20784,MCH-005,Quality Test Bench,QA,2017,7,2023-04-20,131.01,43.76,0.67,52.4,45573,28,False,LOW
RD-20785,MCH-006,Packaging Unit B,Logistics,2016,8,2024-05-18,89.36,106.63,8.092,44.18,143628,88,True,HIGH
RD-20786,MCH-007,Hydraulic Press #2,Production,2014,10,2024-07-30,123.25,70.72,4.607,46.1,70852,36,False,LOW
RD-20787,MCH-008,Welding Station Alpha,Production,2021,3,2023-09-12,112.62,89.62,4.658,43.33,44748,17,False,LOW
RD-20788,MCH-009,Cooling Circuit Pump,Utilities,2013,11,2023-06-20,158.55,53.1,2.186,32.39,85360,36,False,LOW
RD-20789,MCH-010,Conveyor System Main,Logistics,2016,8,2024-03-10,82.55,42.44,3.32,36.06,72228,40,True,MEDIUM
RD-20790,MCH-001,Pipe Bending Line A,Production,2018,6,2023-07-29,117.51,57.54,3.669,37.8,52401,24,False,LOW
RD-20791,MCH-002,Hydraulic Press #1,Production,2015,9,2024-06-07,102.58,50.71,6.934,61.2,196292,51,False,MEDIUM
RD-20792,MCH-003,CNC Lathe Station 3,Machining,2019,5,2024-11-23,95.09,73.54,4.571,44.18,25468,22,False,LOW
RD-20793,MCH-004,Valve Assembly Robot,Assembly,2020,4,2024-08-20,95.91,59.19,3.674,53.25,71592,18,False,LOW
RD-20794,MCH-005,Quality Test Bench,QA,2017,7,2023-07-03,95.58,80.08,1.363,38.12,58806,30,False,LOW
RD-20795,MCH-006,Packaging Unit B,Logistics,2016,8,2023-12-23,128.73,77.3,2.069,57.71,46098,32,False,LOW
RD-20796,MCH-007,Hydraulic Press #2,Production,2014,10,2023-07-29,148.74,77.47,7.598,42.13,32740,56,False,MEDIUM
RD-20797,MCH-008,Welding Station Alpha,Production,2021,3,2023-07-24,138.5,56.69,5.463,52.48,53178,15,False,LOW
RD-20798,MCH-009,Cooling Circuit Pump,Utilities,2013,11,2024-11-07,85.04,63.0,4.937,38.66,77820,43,True,MEDIUM
RD-20799,MCH-010,Conveyor System Main,Logistics,2016,8,2024-02-03,126.07,79.44,2.976,52.83,89415,32,False,LOW
RD-20800,MCH-001,Pipe Bending Line A,Production,2018,6,2023-02-24,144.08,88.28,5.386,37.5,105801,31,False,LOW
RD-20801,MCH-002,Hydraulic Press #1,Production,2015,9,2023-12-26,132.6,58.13,0.344,45.38,50200,36,False,LOW
RD-20802,MCH-003,CNC Lathe Station 3,Machining,2019,5,2024-06-02,85.93,83.55,6.064,42.85,99708,35,True,LOW
RD-20803,MCH-004,Valve Assembly Robot,Assembly,2020,4,2024-01-09,119.26,89.99,3.083,50.02,45914,21,True,LOW
RD-20804,MCH-005,Quality Test Bench,QA,2017,7,2023-12-15,105.13,83.08,0.365,46.19,126426,28,True,LOW
RD-20805,MCH-006,Packaging Unit B,Logistics,2016,8,2024-11-09,117.48,79.82,5.077,46.82,30153,32,False,LOW
RD-20806,MCH-007,Hydraulic Press #2,Production,2014,10,2023-11-09,119.27,49.46,2.039,26.83,50796,36,False,LOW
RD-20807,MCH-008,Welding Station Alpha,Production,2021,3,2023-06-22,121.78,87.91,3.734,50.72,99890,15,False,LOW
RD-20808,MCH-009,Cooling Circuit Pump,Utilities,2013,11,2023-04-28,169.06,56.29,6.751,45.76,38232,50,False,MEDIUM
RD-20809,MCH-010,Conveyor System Main,Logistics,2016,8,2024-10-09,112.57,46.24,0.247,38.42,111942,32,False,LOW
RD-20810,MCH-001,Pipe Bending Line A,Production,2018,6,2023-02-13,134.26,76.37,4.118,40.29,127998,24,False,LOW
RD-20811,MCH-002,Hydraulic Press #1,Production,2015,9,2023-08-31,148.52,102.58,7.91,32.9,114124,80,True,HIGH
RD-20812,MCH-003,CNC Lathe Station 3,Machining,2019,5,2024-11-09,104.63,56.64,6.127,46.64,76732,29,False,LOW
RD-20813,MCH-004,Valve Assembly Robot,Assembly,2020,4,2023-08-28,129.9,78.68,2.815,47.2,31870,16,False,LOW
RD-20814,MCH-005,Quality Test Bench,QA,2017,7,2024-05-22,137.19,89.66,5.914,46.17,147819,40,False,MEDIUM
RD-20815,MCH-006,Packaging Unit B,Logistics,2016,8,2024-05-02,117.45,66.05,1.993,42.44,26166,32,False,LOW
RD-20816,MCH-007,Hydraulic Press #2,Production,2014,10,2023-10-24,122.18,50.85,5.794,41.39,30392,42,False,MEDIUM
RD-20817,MCH-008,Welding Station Alpha,Production,2021,3,2024-03-29,105.14,78.1,0.929,37.94,14028,12,False,LOW
RD-20818,MCH-009,Cooling Circuit Pump,Utilities,2013,11,2023-04-17,127.38,116.14,1.223,58.43,191592,73,False,HIGH
RD-20819,MCH-010,Conveyor System Main,Logistics,2016,8,2023-05-02,105.26,61.97,0.367,42.63,83040,32,False,LOW
RD-20820,MCH-001,Pipe Bending Line A,Production,2018,6,2023-12-14,122.33,51.04,4.36,30.25,20505,24,True,LOW
RD-20821,MCH-002,Hydraulic Press #1,Production,2015,9,2024-08-04,91.61,63.37,8.751,51.48,154696,70,False,HIGH
RD-20822,MCH-003,CNC Lathe Station 3,Machining,2019,5,2023-01-31,105.64,88.16,2.593,39.28,20602,23,False,LOW
RD-20823,MCH-004,Valve Assembly Robot,Assembly,2020,4,2024-01-11,128.88,99.86,2.112,43.05,95050,33,False,LOW
RD-20824,MCH-005,Quality Test Bench,QA,2017,7,2023-08-15,117.73,84.8,2.325,48.85,113313,28,False,LOW
RD-20825,MCH-006,Packaging Unit B,Logistics,2016,8,2024-08-25,89.37,92.32,3.434,55.97,35142,46,False,MEDIUM
RD-20826,MCH-007,Hydraulic Press #2,Production,2014,10,2024-07-09,106.13,65.27,4.913,43.45,59664,36,True,LOW
RD-20827,MCH-008,Welding Station Alpha,Production,2021,3,2023-03-18,164.92,75.47,1.469,48.47,91776,12,True,LOW
RD-20828,MCH-009,Cooling Circuit Pump,Utilities,2013,11,2023-12-27,108.07,75.35,5.369,50.23,127720,38,False,LOW
RD-20829,MCH-010,Conveyor System Main,Logistics,2016,8,2024-11-13,173.89,83.27,7.137,42.15,133698,49,False,MEDIUM
RD-20830,MCH-001,Pipe Bending Line A,Production,2018,6,2024-01-19,151.21,89.98,3.66,57.07,32709,29,False,LOW
RD-20831,MCH-002,Hydraulic Press #1,Production,2015,9,2024-09-05,129.07,67.76,4.461,46.29,157496,36,False,LOW
RD-20832,MCH-003,CNC Lathe Station 3,Machining,2019,5,2023-05-05,103.81,58.64,6.394,61.91,48270,31,False,LOW
RD-20833,MCH-004,Valve Assembly Robot,Assembly,2020,4,2024-05-10,113.52,67.69,1.327,42.26,32506,16,False,LOW
RD-20834,MCH-005,Quality Test Bench,QA,2017,7,2023-11-18,111.5,87.02,1.084,40.83,141249,30,True,LOW
RD-20835,MCH-006,Packaging Unit B,Logistics,2016,8,2024-01-24,131.05,51.26,1.245,57.67,46899,32,False,LOW
RD-20836,MCH-007,Hydraulic Press #2,Production,2014,10,2023-12-26,135.04,59.07,5.173,55.72,91456,37,False,LOW
RD-20837,MCH-008,Welding Station Alpha,Production,2021,3,2023-07-15,106.28,60.49,0.168,42.38,63730,12,False,LOW
RD-20838,MCH-009,Cooling Circuit Pump,Utilities,2013,11,2024-10-27,138.94,91.88,10.859,54.93,107152,91,False,HIGH
RD-20839,MCH-010,Conveyor System Main,Logistics,2016,8,2023-04-19,141.96,81.77,3.502,52.99,54204,32,False,LOW
RD-20840,MCH-001,Pipe Bending Line A,Production,2018,6,2024-08-13,147.13,123.44,3.67,46.73,129399,70,True,HIGH
RD-20841,MCH-002,Hydraulic Press #1,Production,2015,9,2023-07-22,105.33,89.29,7.604,39.89,84600,61,False,MEDIUM
RD-20842,MCH-003,CNC Lathe Station 3,Machining,2019,5,2024-09-04,116.56,103.29,5.231,54.5,44184,43,False,MEDIUM
RD-20843,MCH-004,Valve Assembly Robot,Assembly,2020,4,2023-02-10,122.72,52.37,5.074,40.81,96882,16,False,LOW
RD-20844,MCH-005,Quality Test Bench,QA,2017,7,2024-07-24,126.41,88.6,4.476,59.4,67974,32,False,LOW
RD-20845,MCH-006,Packaging Unit B,Logistics,2016,8,2024-09-09,130.89,73.36,1.209,35.91,44616,32,True,LOW
RD-20846,MCH-007,Hydraulic Press #2,Production,2014,10,2024-09-10,86.52,57.46,0.099,48.94,199668,42,False,MEDIUM
RD-20847,MCH-008,Welding Station Alpha,Production,2021,3,2024-08-10,110.46,76.4,1.865,43.38,20770,12,False,LOW
RD-20848,MCH-009,Cooling Circuit Pump,Utilities,2013,11,2023-02-24,164.52,82.26,4.939,50.64,135948,36,False,LOW
RD-20849,MCH-010,Conveyor System Main,Logistics,2016,8,2024-03-19,134.09,73.47,2.602,47.37,81606,32,False,LOW
RD-20850,MCH-001,Pipe Bending Line A,Production,2018,6,2024-07-23,114.95,87.9,3.033,46.25,70455,27,True,LOW
RD-20851,MCH-002,Hydraulic Press #1,Production,2015,9,2024-02-23,107.58,85.75,0.808,47.14,135188,36,False,LOW
RD-20852,MCH-003,CNC Lathe Station 3,Machining,2019,5,2024-02-09,114.74,82.87,3.954,48.11,14042,20,False,LOW
RD-20853,MCH-004,Valve Assembly Robot,Assembly,2020,4,2023-07-20,104.3,77.96,2.231,39.44,28418,16,True,LOW
RD-20854,MCH-005,Quality Test Bench,QA,2017,7,2024-03-07,132.05,87.77,7.244,54.39,57903,49,False,MEDIUM
RD-20855,MCH-006,Packaging Unit B,Logistics,2016,8,2024-05-24,134.98,75.81,2.403,31.26,48165,32,False,LOW
RD-20856,MCH-007,Hydraulic Press #2,Production,2014,10,2024-10-03,142.2,71.44,4.571,40.38,169112,36,False,LOW
RD-20857,MCH-008,Welding Station Alpha,Production,2021,3,2024-09-06,136.59,71.04,3.403,47.5,34188,12,False,LOW
RD-20858,MCH-009,Cooling Circuit Pump,Utilities,2013,11,2023-12-13,102.05,76.92,4.923,31.88,94552,36,False,LOW
RD-20859,MCH-010,Conveyor System Main,Logistics,2016,8,2024-04-27,111.94,55.04,4.808,47.47,37194,32,False,LOW
RD-20860,MCH-001,Pipe Bending Line A,Production,2018,6,2024-05-05,102.89,90.49,5.716,36.42,136227,36,False,LOW
RD-20861,MCH-002,Hydraulic Press #1,Production,2015,9,2023-03-15,131.73,120.78,6.51,56.88,179672,91,False,HIGH
RD-20862,MCH-003,CNC Lathe Station 3,Machining,2019,5,2024-08-21,104.38,67.19,1.016,40.93,60864,20,False,LOW
RD-20863,MCH-004,Valve Assembly Robot,Assembly,2020,4,2023-10-28,109.35,72.33,3.764,48.39,81348,16,True,LOW
RD-20864,MCH-005,Quality Test Bench,QA,2017,7,2023-04-06,119.67,64.77,1.605,41.51,101349,28,False,LOW
RD-20865,MCH-006,Packaging Unit B,Logistics,2016,8,2024-08-21,140.91,92.27,5.619,44.91,27270,45,False,MEDIUM
RD-20866,MCH-007,Hydraulic Press #2,Production,2014,10,2024-07-24,83.82,94.04,2.976,35.28,191944,54,False,MEDIUM
RD-20867,MCH-008,Welding Station Alpha,Production,2021,3,2024-02-22,151.68,76.67,3.316,43.82,10978,12,False,LOW
RD-20868,MCH-009,Cooling Circuit Pump,Utilities,2013,11,2024-09-15,129.1,98.14,3.821,49.36,42808,51,False,MEDIUM
RD-20869,MCH-010,Conveyor System Main,Logistics,2016,8,2023-11-02,91.37,73.05,4.118,44.62,26310,36,False,LOW
RD-20870,MCH-001,Pipe Bending Line A,Production,2018,6,2024-01-23,136.23,89.4,5.913,49.68,38217,36,False,LOW
RD-20871,MCH-002,Hydraulic Press #1,Production,2015,9,2023-01-22,151.15,108.8,3.546,37.51,195536,64,True,MEDIUM
RD-20872,MCH-003,CNC Lathe Station 3,Machining,2019,5,2023-08-07,119.58,95.93,0.601,38.19,33710,33,False,LOW
RD-20873,MCH-004,Valve Assembly Robot,Assembly,2020,4,2023-12-02,111.59,67.03,5.847,49.11,12594,22,False,LOW
RD-20874,MCH-005,Quality Test Bench,QA,2017,7,2024-10-08,131.37,52.81,4.828,43.32,137649,28,False,LOW
RD-20875,MCH-006,Packaging Unit B,Logistics,2016,8,2023-08-29,85.38,56.45,9.251,49.77,133041,73,True,HIGH
RD-20876,MCH-007,Hydraulic Press #2,Production,2014,10,2023-10-26,137.19,81.31,6.356,44.95,117740,46,False,MEDIUM
RD-20877,MCH-008,Welding Station Alpha,Production,2021,3,2023-11-26,131.41,72.49,4.162,47.15,80660,12,False,LOW
RD-20878,MCH-009,Cooling Circuit Pump,Utilities,2013,11,2024-01-26,111.6,62.62,4.321,41.39,199816,36,False,LOW
RD-20879,MCH-010,Conveyor System Main,Logistics,2016,8,2024-05-07,110.54,74.51,1.658,54.53,57996,32,False,LOW
RD-20880,MCH-001,Pipe Bending Line A,Production,2018,6,2023-01-05,93.4,94.61,3.268,52.17,142569,38,False,LOW
RD-20881,MCH-002,Hydraulic Press #1,Production,2015,9,2024-11-17,162.46,81.7,4.453,53.37,81712,36,False,LOW
RD-20882,MCH-003,CNC Lathe Station 3,Machining,2019,5,2024-11-29,105.23,85.48,1.478,49.94,49936,20,False,LOW
RD-20883,MCH-004,Valve Assembly Robot,Assembly,2020,4,2024-11-11,137.32,54.75,2.523,65.33,28352,16,True,LOW
RD-20884,MCH-005,Quality Test Bench,QA,2017,7,2024-02-01,123.41,80.38,5.331,48.42,84261,30,False,LOW
RD-20885,MCH-006,Packaging Unit B,Logistics,2016,8,2024-11-27,157.6,115.34,2.367,53.95,59448,68,False,MEDIUM
RD-20886,MCH-007,Hydraulic Press #2,Production,2014,10,2023-04-03,106.61,67.09,7.662,39.72,83212,57,False,MEDIUM
RD-20887,MCH-008,Welding Station Alpha,Production,2021,3,2023-01-30,106.04,79.02,3.768,51.44,42440,12,False,LOW
RD-20888,MCH-009,Cooling Circuit Pump,Utilities,2013,11,2023-10-29,151.66,77.0,1.566,40.76,136548,36,False,LOW
RD-20889,MCH-010,Conveyor System Main,Logistics,2016,8,2024-08-21,170.1,68.03,9.976,45.99,38472,71,True,HIGH
RD-20890,MCH-001,Pipe Bending Line A,Production,2018,6,2023-04-19,89.98,96.61,3.791,44.5,137022,42,True,MEDIUM
RD-20891,MCH-002,Hydraulic Press #1,Production,2015,9,2023-07-31,138.41,85.33,5.654,57.62,195528,41,False,MEDIUM
RD-20892,MCH-003,CNC Lathe Station 3,Machining,2019,5,2024-11-13,97.54,101.68,2.977,42.69,98572,41,True,MEDIUM
RD-20893,MCH-004,Valve Assembly Robot,Assembly,2020,4,2023-11-08,104.81,86.0,4.86,52.32,43036,17,False,LOW
RD-20894,MCH-005,Quality Test Bench,QA,2017,7,2024-10-21,132.93,86.8,4.936,35.73,45696,30,False,LOW
RD-20895,MCH-006,Packaging Unit B,Logistics,2016,8,2024-08-18,160.97,85.43,5.286,53.13,22983,34,False,LOW
RD-20896,MCH-007,Hydraulic Press #2,Production,2014,10,2023-08-20,137.6,73.05,2.159,39.44,145632,36,True,LOW
RD-20897,MCH-008,Welding Station Alpha,Production,2021,3,2024-09-05,121.65,83.39,1.806,36.7,68700,12,False,LOW
RD-20898,MCH-009,Cooling Circuit Pump,Utilities,2013,11,2023-12-31,129.36,96.58,0.249,54.93,168324,49,False,MEDIUM
RD-20899,MCH-010,Conveyor System Main,Logistics,2016,8,2024-10-11,138.18,78.12,2.031,52.24,98406,32,False,LOW
RD-20900,MCH-001,Pipe Bending Line A,Production,2018,6,2023-07-02,88.79,47.55,6.016,50.16,138030,37,False,LOW
RD-20901,MCH-002,Hydraulic Press #1,Production,2015,9,2024-01-12,106.12,115.99,0.44,39.85,102568,73,True,HIGH
RD-20902,MCH-003,CNC Lathe Station 3,Machining,2019,5,2024-07-22,109.25,66.64,1.515,55.3,15772,20,False,LOW
RD-20903,MCH-004,Valve Assembly Robot,Assembly,2020,4,2023-03-04,103.34,71.81,1.653,46.5,28658,16,False,LOW
RD-20904,MCH-005,Quality Test Bench,QA,2017,7,2024-01-15,123.79,53.39,4.612,46.95,96399,28,False,LOW
RD-20905,MCH-006,Packaging Unit B,Logistics,2016,8,2023-09-14,136.57,84.59,1.799,49.51,72441,32,True,LOW
RD-20906,MCH-007,Hydraulic Press #2,Production,2014,10,2023-02-20,116.19,95.21,1.118,38.48,63328,48,True,MEDIUM
RD-20907,MCH-008,Welding Station Alpha,Production,2021,3,2024-06-25,126.87,76.12,3.865,39.31,10386,12,False,LOW
RD-20908,MCH-009,Cooling Circuit Pump,Utilities,2013,11,2023-04-06,128.86,81.22,1.848,48.36,148968,36,True,LOW
RD-20909,MCH-010,Conveyor System Main,Logistics,2016,8,2024-12-26,151.85,66.16,1.9,49.0,96495,32,False,LOW
RD-20910,MCH-001,Pipe Bending Line A,Production,2018,6,2024-09-02,132.71,83.91,0.019,59.98,69642,24,False,LOW
RD-20911,MCH-002,Hydraulic Press #1,Production,2015,9,2023-08-12,139.65,90.16,7.745,40.63,117576,64,False,MEDIUM
RD-20912,MCH-003,CNC Lathe Station 3,Machining,2019,5,2024-07-12,108.51,77.92,4.32,36.87,32098,20,False,LOW
RD-20913,MCH-004,Valve Assembly Robot,Assembly,2020,4,2023-10-29,98.92,67.66,2.69,56.42,95872,16,False,LOW
RD-20914,MCH-005,Quality Test Bench,QA,2017,7,2024-03-14,117.93,44.94,2.633,35.22,89514,28,False,LOW
RD-20915,MCH-006,Packaging Unit B,Logistics,2016,8,2023-08-10,139.99,47.03,2.929,32.95,98865,32,False,LOW
RD-20916,MCH-007,Hydraulic Press #2,Production,2014,10,2024-11-01,114.16,78.96,2.326,26.55,22540,36,True,LOW
RD-20917,MCH-008,Welding Station Alpha,Production,2021,3,2024-03-03,91.03,85.96,4.937,44.13,67738,17,False,LOW
RD-20918,MCH-009,Cooling Circuit Pump,Utilities,2013,11,2023-01-07,124.22,84.81,8.042,29.29,78712,60,False,MEDIUM
RD-20919,MCH-010,Conveyor System Main,Logistics,2016,8,2024-09-11,130.34,60.29,1.026,48.36,67149,32,False,LOW
RD-20920,MCH-001,Pipe Bending Line A,Production,2018,6,2024-01-20,138.16,63.3,5.72,39.24,59610,29,False,LOW
RD-20921,MCH-002,Hydraulic Press #1,Production,2015,9,2024-10-17,102.98,58.69,1.352,50.76,148200,36,False,LOW
RD-20922,MCH-003,CNC Lathe Station 3,Machining,2019,5,2024-09-30,135.74,98.51,1.289,50.79,28056,36,False,LOW
RD-20923,MCH-004,Valve Assembly Robot,Assembly,2020,4,2024-07-17,138.36,96.64,4.012,43.68,42198,29,False,LOW
RD-20924,MCH-005,Quality Test Bench,QA,2017,7,2023-02-21,109.45,62.45,0.455,40.24,112677,28,False,LOW
RD-20925,MCH-006,Packaging Unit B,Logistics,2016,8,2023-03-22,73.99,72.21,1.548,35.05,119238,45,True,MEDIUM
RD-20926,MCH-007,Hydraulic Press #2,Production,2014,10,2024-09-06,130.41,95.03,1.084,43.14,37136,48,False,MEDIUM
RD-20927,MCH-008,Welding Station Alpha,Production,2021,3,2024-06-11,112.31,65.47,3.724,42.36,37368,12,False,LOW
RD-20928,MCH-009,Cooling Circuit Pump,Utilities,2013,11,2023-10-03,106.57,85.33,0.726,56.55,112264,36,False,LOW
RD-20929,MCH-010,Conveyor System Main,Logistics,2016,8,2023-03-26,92.68,74.7,0.278,45.64,29256,35,False,LOW
RD-20930,MCH-001,Pipe Bending Line A,Production,2018,6,2023-03-29,129.78,51.94,3.396,49.02,135867,24,False,LOW
RD-20931,MCH-002,Hydraulic Press #1,Production,2015,9,2024-08-22,102.13,74.95,8.743,34.19,96828,65,False,MEDIUM
RD-20932,MCH-003,CNC Lathe Station 3,Machining,2019,5,2024-07-07,140.86,41.24,2.796,38.87,40446,20,False,LOW
RD-20933,MCH-004,Valve Assembly Robot,Assembly,2020,4,2024-02-06,109.36,61.62,3.375,47.52,88700,16,False,LOW
RD-20934,MCH-005,Quality Test Bench,QA,2017,7,2024-01-21,128.31,71.53,3.063,42.14,100686,28,False,LOW
RD-20935,MCH-006,Packaging Unit B,Logistics,2016,8,2023-05-27,121.36,88.64,5.278,48.54,92688,38,False,LOW
RD-20936,MCH-007,Hydraulic Press #2,Production,2014,10,2023-03-23,136.66,95.11,3.128,34.49,81532,48,False,MEDIUM
RD-20937,MCH-008,Welding Station Alpha,Production,2021,3,2024-12-01,75.13,87.57,3.868,54.8,70072,27,True,LOW
RD-20938,MCH-009,Cooling Circuit Pump,Utilities,2013,11,2024-07-18,116.09,62.83,2.264,41.35,69084,36,True,LOW
RD-20939,MCH-010,Conveyor System Main,Logistics,2016,8,2024-03-07,173.08,61.32,2.609,45.58,56415,32,False,LOW
RD-20940,MCH-001,Pipe Bending Line A,Production,2018,6,2024-03-20,113.55,64.06,3.638,53.51,25197,24,False,LOW
RD-20941,MCH-002,Hydraulic Press #1,Production,2015,9,2024-03-12,78.46,92.88,5.487,58.1,132972,60,False,MEDIUM
RD-20942,MCH-003,CNC Lathe Station 3,Machining,2019,5,2024-07-15,111.96,86.92,6.763,27.76,11994,36,False,LOW
RD-20943,MCH-004,Valve Assembly Robot,Assembly,2020,4,2023-09-29,126.85,94.47,4.144,60.9,89870,27,False,LOW
RD-20944,MCH-005,Quality Test Bench,QA,2017,7,2023-07-04,154.88,91.82,8.553,46.43,142509,64,True,MEDIUM
RD-20945,MCH-006,Packaging Unit B,Logistics,2016,8,2024-11-04,113.4,55.83,3.735,39.53,105711,32,False,LOW
RD-20946,MCH-007,Hydraulic Press #2,Production,2014,10,2023-05-21,157.69,58.9,3.097,42.85,81720,36,True,LOW
RD-20947,MCH-008,Welding Station Alpha,Production,2021,3,2024-04-07,128.98,78.95,3.542,52.37,39958,12,False,LOW
RD-20948,MCH-009,Cooling Circuit Pump,Utilities,2013,11,2024-07-25,141.64,73.64,3.054,50.13,20828,36,False,LOW
RD-20949,MCH-010,Conveyor System Main,Logistics,2016,8,2023-08-28,123.31,75.33,8.49,42.98,64776,59,True,MEDIUM
RD-20950,MCH-001,Pipe Bending Line A,Production,2018,6,2024-03-08,123.09,94.1,1.313,44.48,66066,34,False,LOW
RD-20951,MCH-002,Hydraulic Press #1,Production,2015,9,2023-04-27,102.01,50.32,4.905,38.69,61548,36,False,LOW
RD-20952,MCH-003,CNC Lathe Station 3,Machining,2019,5,2024-07-22,96.49,77.34,4.796,53.03,39894,21,False,LOW
RD-20953,MCH-004,Valve Assembly Robot,Assembly,2020,4,2023-05-12,122.61,66.48,1.686,45.23,43070,16,False,LOW
RD-20954,MCH-005,Quality Test Bench,QA,2017,7,2023-03-20,69.1,75.36,4.285,42.0,84687,43,False,MEDIUM
RD-20955,MCH-006,Packaging Unit B,Logistics,2016,8,2024-01-09,137.58,111.29,7.371,34.98,91080,82,False,HIGH
RD-20956,MCH-007,Hydraulic Press #2,Production,2014,10,2024-02-01,181.85,73.77,6.864,41.81,109228,50,False,MEDIUM
RD-20957,MCH-008,Welding Station Alpha,Production,2021,3,2023-01-25,106.06,81.49,2.258,50.79,91648,12,True,LOW
RD-20958,MCH-009,Cooling Circuit Pump,Utilities,2013,11,2024-12-27,120.94,79.57,0.696,58.1,154408,36,False,LOW
RD-20959,MCH-010,Conveyor System Main,Logistics,2016,8,2023-02-14,121.11,71.06,2.068,51.27,139686,32,False,LOW
RD-20960,MCH-001,Pipe Bending Line A,Production,2018,6,2024-01-19,121.1,74.49,5.649,38.2,30639,29,False,LOW
RD-20961,MCH-002,Hydraulic Press #1,Production,2015,9,2023-02-27,128.76,85.65,6.087,43.75,87280,45,False,MEDIUM
RD-20962,MCH-003,CNC Lathe Station 3,Machining,2019,5,2024-02-07,146.44,74.25,3.903,33.47,67054,20,False,LOW
RD-20963,MCH-004,Valve Assembly Robot,Assembly,2020,4,2024-01-08,123.95,68.94,1.425,40.82,46094,16,False,LOW
RD-20964,MCH-005,Quality Test Bench,QA,2017,7,2024-11-03,124.77,75.57,3.07,40.47,84687,28,False,LOW
RD-20965,MCH-006,Packaging Unit B,Logistics,2016,8,2023-12-21,130.11,74.11,3.55,37.12,60864,32,True,LOW
RD-20966,MCH-007,Hydraulic Press #2,Production,2014,10,2023-06-02,152.48,78.59,6.061,48.89,95708,44,False,MEDIUM
RD-20967,MCH-008,Welding Station Alpha,Production,2021,3,2024-06-25,114.32,80.91,4.526,45.89,79780,12,False,LOW
RD-20968,MCH-009,Cooling Circuit Pump,Utilities,2013,11,2024-05-12,125.51,56.56,4.856,52.77,41356,36,True,LOW
RD-20969,MCH-010,Conveyor System Main,Logistics,2016,8,2023-12-02,132.06,69.96,1.939,44.53,79413,32,True,LOW
RD-20970,MCH-001,Pipe Bending Line A,Production,2018,6,2023-06-26,138.49,80.6,2.743,47.71,129066,24,False,LOW
RD-20971,MCH-002,Hydraulic Press #1,Production,2015,9,2024-03-31,126.44,53.3,0.263,49.61,150756,36,True,LOW
RD-20972,MCH-003,CNC Lathe Station 3,Machining,2019,5,2024-03-22,132.88,67.18,2.083,37.89,96086,20,False,LOW
RD-20973,MCH-004,Valve Assembly Robot,Assembly,2020,4,2023-10-08,113.4,83.41,2.887,55.22,30808,16,False,LOW
RD-20974,MCH-005,Quality Test Bench,QA,2017,7,2024-05-01,146.01,75.84,0.696,49.68,142104,28,False,LOW
RD-20975,MCH-006,Packaging Unit B,Logistics,2016,8,2024-11-03,118.05,50.49,1.233,61.6,66231,32,False,LOW
RD-20976,MCH-007,Hydraulic Press #2,Production,2014,10,2023-07-01,90.16,54.77,2.476,45.45,141492,40,False,MEDIUM
RD-20977,MCH-008,Welding Station Alpha,Production,2021,3,2024-05-05,112.51,73.08,2.926,40.33,19686,12,False,LOW
RD-20978,MCH-009,Cooling Circuit Pump,Utilities,2013,11,2024-05-31,76.12,106.05,2.471,39.36,49728,73,False,HIGH
RD-20979,MCH-010,Conveyor System Main,Logistics,2016,8,2024-04-28,145.71,84.23,6.543,31.92,73641,44,False,MEDIUM
RD-20980,MCH-001,Pipe Bending Line A,Production,2018,6,2024-01-25,115.81,80.77,3.16,39.16,57555,24,False,LOW
RD-20981,MCH-002,Hydraulic Press #1,Production,2015,9,2024-02-05,139.16,84.97,2.652,47.4,69664,36,False,LOW
RD-20982,MCH-003,CNC Lathe Station 3,Machining,2019,5,2024-06-30,107.92,69.64,0.601,50.71,19400,20,False,LOW
RD-20983,MCH-004,Valve Assembly Robot,Assembly,2020,4,2024-08-12,75.64,64.18,4.42,47.66,73704,28,False,LOW
RD-20984,MCH-005,Quality Test Bench,QA,2017,7,2024-04-26,127.74,46.4,4.666,37.35,29202,28,False,LOW
RD-20985,MCH-006,Packaging Unit B,Logistics,2016,8,2023-12-28,141.46,108.66,3.087,44.71,70227,60,True,MEDIUM
RD-20986,MCH-007,Hydraulic Press #2,Production,2014,10,2023-05-06,136.59,46.36,3.262,36.93,63244,36,False,LOW
RD-20987,MCH-008,Welding Station Alpha,Production,2021,3,2023-06-18,109.94,84.63,2.207,57.36,31728,12,False,LOW
RD-20988,MCH-009,Cooling Circuit Pump,Utilities,2013,11,2024-09-21,87.38,46.66,2.609,60.21,177796,42,False,MEDIUM
RD-20989,MCH-010,Conveyor System Main,Logistics,2016,8,2024-02-26,126.03,49.29,1.661,40.85,24441,32,False,LOW
RD-20990,MCH-001,Pipe Bending Line A,Production,2018,6,2024-12-22,122.78,65.92,5.666,48.23,76296,29,False,LOW
RD-20991,MCH-002,Hydraulic Press #1,Production,2015,9,2024-05-20,102.31,118.73,8.957,50.02,90580,100,True,HIGH
RD-20992,MCH-003,CNC Lathe Station 3,Machining,2019,5,2024-07-12,139.51,81.08,4.992,48.38,99656,20,False,LOW
RD-20993,MCH-004,Valve Assembly Robot,Assembly,2020,4,2024-06-30,152.37,61.32,2.415,30.01,65570,16,False,LOW
RD-20994,MCH-005,Quality Test Bench,QA,2017,7,2024-08-25,87.31,82.83,3.333,32.57,36996,34,False,LOW
RD-20995,MCH-006,Packaging Unit B,Logistics,2016,8,2023-08-26,118.07,100.56,0.473,50.42,23337,50,False,MEDIUM
RD-20996,MCH-007,Hydraulic Press #2,Production,2014,10,2023-05-31,103.96,98.66,4.547,47.32,26596,52,True,MEDIUM
RD-20997,MCH-008,Welding Station Alpha,Production,2021,3,2024-09-01,116.77,85.24,4.964,47.71,54132,12,True,LOW
RD-20998,MCH-009,Cooling Circuit Pump,Utilities,2013,11,2024-03-04,138.33,74.14,0.458,29.39,154224,36,True,LOW
RD-20999,MCH-010,Conveyor System Main,Logistics,2016,8,2024-08-20,121.14,71.0,1.951,35.89,135990,32,False,LOW
RD-21000,MCH-001,Pipe Bending Line A,Production,2018,6,2023-11-27,128.69,83.9,1.415,37.36,87432,24,False,LOW
RD-21001,MCH-002,Hydraulic Press #1,Production,2015,9,2023-03-28,119.58,61.14,4.163,43.82,54288,36,False,LOW
RD-21002,MCH-003,CNC Lathe Station 3,Machining,2019,5,2023-01-19,142.41,86.77,5.725,52.27,58004,27,False,LOW
RD-21003,MCH-004,Valve Assembly Robot,Assembly,2020,4,2024-03-20,128.33,79.4,5.253,50.1,42180,18,False,LOW
RD-21004,MCH-005,Quality Test Bench,QA,2017,7,2023-07-29,124.22,103.02,3.018,41.26,88560,49,False,MEDIUM
RD-21005,MCH-006,Packaging Unit B,Logistics,2016,8,2023-10-06,99.78,61.87,3.467,40.7,119457,32,False,LOW
RD-21006,MCH-007,Hydraulic Press #2,Production,2014,10,2024-08-24,130.96,59.56,1.22,27.82,66012,36,False,LOW
RD-21007,MCH-008,Welding Station Alpha,Production,2021,3,2023-02-04,144.73,70.95,1.391,45.21,17216,12,False,LOW
RD-21008,MCH-009,Cooling Circuit Pump,Utilities,2013,11,2023-08-18,105.37,69.89,8.035,31.9,170408,60,True,MEDIUM
RD-21009,MCH-010,Conveyor System Main,Logistics,2016,8,2024-12-14,139.99,94.64,4.705,36.01,72210,43,False,MEDIUM
RD-21010,MCH-001,Pipe Bending Line A,Production,2018,6,2024-09-24,115.86,83.66,3.291,48.11,114192,24,False,LOW
RD-21011,MCH-002,Hydraulic Press #1,Production,2015,9,2023-09-27,175.73,73.14,13.095,49.65,87516,100,True,HIGH
RD-21012,MCH-003,CNC Lathe Station 3,Machining,2019,5,2024-09-16,132.0,70.05,2.195,43.99,44980,20,False,LOW
RD-21013,MCH-004,Valve Assembly Robot,Assembly,2020,4,2024-10-12,129.42,78.04,4.059,53.86,39204,16,False,LOW
RD-21014,MCH-005,Quality Test Bench,QA,2017,7,2023-11-12,93.32,90.09,7.779,33.27,134481,59,False,MEDIUM
RD-21015,MCH-006,Packaging Unit B,Logistics,2016,8,2023-05-06,119.44,96.1,0.408,48.01,31773,45,False,MEDIUM
RD-21016,MCH-007,Hydraulic Press #2,Production,2014,10,2023-03-17,130.1,71.97,1.346,68.86,109788,36,False,LOW
RD-21017,MCH-008,Welding Station Alpha,Production,2021,3,2024-09-30,125.04,54.55,2.041,48.56,97922,12,False,LOW
RD-21018,MCH-009,Cooling Circuit Pump,Utilities,2013,11,2023-02-09,125.18,83.07,5.974,51.72,117272,43,False,MEDIUM
RD-21019,MCH-010,Conveyor System Main,Logistics,2016,8,2024-01-20,157.64,63.41,4.474,44.4,77787,32,True,LOW
RD-21020,MCH-001,Pipe Bending Line A,Production,2018,6,2024-09-16,112.06,41.14,4.924,47.94,19122,24,False,LOW
RD-21021,MCH-002,Hydraulic Press #1,Production,2015,9,2024-03-26,149.15,61.87,7.209,42.14,86524,53,False,MEDIUM
RD-21022,MCH-003,CNC Lathe Station 3,Machining,2019,5,2024-11-14,133.19,41.97,2.329,46.26,51672,20,False,LOW
RD-21023,MCH-004,Valve Assembly Robot,Assembly,2020,4,2023-06-28,99.73,78.59,3.264,43.04,46390,16,False,LOW
RD-21024,MCH-005,Quality Test Bench,QA,2017,7,2024-01-15,103.2,44.5,3.557,36.34,131154,28,True,LOW
RD-21025,MCH-006,Packaging Unit B,Logistics,2016,8,2024-07-13,118.13,90.77,2.062,55.45,59334,38,False,LOW
RD-21026,MCH-007,Hydraulic Press #2,Production,2014,10,2023-04-15,123.6,60.31,3.328,48.53,178348,36,False,LOW
RD-21027,MCH-008,Welding Station Alpha,Production,2021,3,2024-12-22,141.87,81.25,5.961,48.53,28650,19,False,LOW
RD-21028,MCH-009,Cooling Circuit Pump,Utilities,2013,11,2023-11-24,133.06,81.94,2.633,49.5,98996,36,True,LOW
RD-21029,MCH-010,Conveyor System Main,Logistics,2016,8,2023-06-23,145.47,57.87,2.695,44.97,96492,32,False,LOW
RD-21030,MCH-001,Pipe Bending Line A,Production,2018,6,2024-04-16,143.05,50.37,6.485,52.3,82236,35,False,LOW
RD-21031,MCH-002,Hydraulic Press #1,Production,2015,9,2024-12-02,107.98,57.28,8.619,41.35,78120,64,True,MEDIUM
RD-21032,MCH-003,CNC Lathe Station 3,Machining,2019,5,2023-06-15,143.92,89.11,4.725,50.29,82866,24,False,LOW
RD-21033,MCH-004,Valve Assembly Robot,Assembly,2020,4,2024-11-09,120.82,79.59,2.202,39.85,50526,16,True,LOW
RD-21034,MCH-005,Quality Test Bench,QA,2017,7,2024-01-02,102.63,49.68,0.198,55.33,107979,28,False,LOW
RD-21035,MCH-006,Packaging Unit B,Logistics,2016,8,2023-08-07,105.9,68.76,7.561,36.8,18786,52,False,MEDIUM
RD-21036,MCH-007,Hydraulic Press #2,Production,2014,10,2023-01-29,138.04,90.04,1.759,62.75,22188,42,True,MEDIUM
RD-21037,MCH-008,Welding Station Alpha,Production,2021,3,2024-05-20,97.71,94.53,4.401,43.01,54472,24,False,LOW
RD-21038,MCH-009,Cooling Circuit Pump,Utilities,2013,11,2024-08-18,90.58,63.87,9.701,48.05,152380,78,False,HIGH
RD-21039,MCH-010,Conveyor System Main,Logistics,2016,8,2023-03-18,125.72,54.7,1.294,44.15,142548,32,True,LOW
RD-21040,MCH-001,Pipe Bending Line A,Production,2018,6,2024-06-22,97.47,98.96,2.532,38.99,48933,42,False,MEDIUM
RD-21041,MCH-002,Hydraulic Press #1,Production,2015,9,2023-06-07,115.24,72.93,0.474,43.9,175652,36,False,LOW
RD-21042,MCH-003,CNC Lathe Station 3,Machining,2019,5,2023-05-15,103.8,94.23,4.774,45.53,45488,31,False,LOW
RD-21043,MCH-004,Valve Assembly Robot,Assembly,2020,4,2024-12-03,139.89,63.42,1.932,35.02,80446,16,True,LOW
RD-21044,MCH-005,Quality Test Bench,QA,2017,7,2023-08-09,85.27,72.06,0.801,47.33,141819,35,True,LOW
RD-21045,MCH-006,Packaging Unit B,Logistics,2016,8,2024-07-31,113.51,54.11,7.017,50.71,38742,48,True,MEDIUM
RD-21046,MCH-007,Hydraulic Press #2,Production,2014,10,2024-09-02,110.06,56.86,3.345,38.49,170676,36,True,LOW
RD-21047,MCH-008,Welding Station Alpha,Production,2021,3,2024-09-03,116.97,77.16,3.331,50.98,64702,12,False,LOW
RD-21048,MCH-009,Cooling Circuit Pump,Utilities,2013,11,2024-05-15,139.98,115.3,3.914,57.69,41352,72,False,HIGH
RD-21049,MCH-010,Conveyor System Main,Logistics,2016,8,2023-04-19,121.64,59.29,3.607,54.23,60603,32,False,LOW
RD-21050,MCH-001,Pipe Bending Line A,Production,2018,6,2023-01-17,104.92,69.59,7.019,42.59,31032,40,True,MEDIUM
RD-21051,MCH-002,Hydraulic Press #1,Production,2015,9,2024-04-17,101.46,96.64,1.715,55.45,80852,49,False,MEDIUM
RD-21052,MCH-003,CNC Lathe Station 3,Machining,2019,5,2024-03-04,132.84,62.0,2.896,48.76,50386,20,True,LOW
RD-21053,MCH-004,Valve Assembly Robot,Assembly,2020,4,2024-01-12,97.06,97.03,6.772,48.17,16432,46,False,MEDIUM
RD-21054,MCH-005,Quality Test Bench,QA,2017,7,2024-07-28,114.89,71.88,5.664,54.05,105330,33,False,LOW
RD-21055,MCH-006,Packaging Unit B,Logistics,2016,8,2023-09-22,146.98,75.31,5.731,51.89,148953,37,False,LOW
RD-21056,MCH-007,Hydraulic Press #2,Production,2014,10,2023-06-10,132.94,68.82,4.016,40.94,114984,36,False,LOW
RD-21057,MCH-008,Welding Station Alpha,Production,2021,3,2023-01-13,105.77,70.93,1.801,42.87,21156,12,False,LOW
RD-21058,MCH-009,Cooling Circuit Pump,Utilities,2013,11,2024-09-25,164.7,95.74,3.258,36.4,197080,48,False,MEDIUM
RD-21059,MCH-010,Conveyor System Main,Logistics,2016,8,2024-09-14,160.21,92.63,2.092,47.39,16263,41,False,MEDIUM
RD-21060,MCH-001,Pipe Bending Line A,Production,2018,6,2024-09-25,148.21,64.52,2.736,46.12,28164,24,False,LOW
RD-21061,MCH-002,Hydraulic Press #1,Production,2015,9,2023-02-23,114.46,46.03,4.239,38.1,167968,36,False,LOW
RD-21062,MCH-003,CNC Lathe Station 3,Machining,2019,5,2023-09-01,126.53,96.78,3.586,47.48,52852,34,False,LOW
RD-21063,MCH-004,Valve Assembly Robot,Assembly,2020,4,2023-04-09,101.54,52.77,1.943,47.14,95424,16,False,LOW
RD-21064,MCH-005,Quality Test Bench,QA,2017,7,2024-08-30,134.68,62.14,5.7,57.75,37173,33,False,LOW
RD-21065,MCH-006,Packaging Unit B,Logistics,2016,8,2024-01-02,99.88,72.39,1.002,56.16,113481,32,False,LOW
RD-21066,MCH-007,Hydraulic Press #2,Production,2014,10,2024-01-10,135.25,134.69,2.703,39.32,157440,95,False,HIGH
RD-21067,MCH-008,Welding Station Alpha,Production,2021,3,2023-11-11,136.2,63.76,4.488,39.8,96366,12,False,LOW
RD-21068,MCH-009,Cooling Circuit Pump,Utilities,2013,11,2023-03-16,120.31,93.09,5.503,43.35,175780,49,True,MEDIUM
RD-21069,MCH-010,Conveyor System Main,Logistics,2016,8,2023-12-30,149.83,83.03,2.818,47.2,145182,32,False,LOW
RD-21070,MCH-001,Pipe Bending Line A,Production,2018,6,2023-10-02,117.02,81.26,5.396,49.15,35313,27,False,LOW
RD-21071,MCH-002,Hydraulic Press #1,Production,2015,9,2024-03-31,98.73,53.32,1.377,42.41,139328,36,False,LOW
RD-21072,MCH-003,CNC Lathe Station 3,Machining,2019,5,2024-10-14,82.41,46.25,3.857,52.04,79054,28,False,LOW
RD-21073,MCH-004,Valve Assembly Robot,Assembly,2020,4,2023-02-21,84.28,96.03,3.989,56.79,82194,37,False,LOW
RD-21074,MCH-005,Quality Test Bench,QA,2017,7,2023-02-06,142.64,62.16,6.138,45.04,114165,37,False,LOW
RD-21075,MCH-006,Packaging Unit B,Logistics,2016,8,2023-03-03,142.96,75.79,0.594,58.11,115137,32,False,LOW
RD-21076,MCH-007,Hydraulic Press #2,Production,2014,10,2024-03-27,151.16,86.79,8.987,65.2,157584,70,False,HIGH
RD-21077,MCH-008,Welding Station Alpha,Production,2021,3,2023-10-28,145.69,75.01,6.023,45.68,47286,20,False,LOW
RD-21078,MCH-009,Cooling Circuit Pump,Utilities,2013,11,2024-12-26,92.53,70.98,7.976,40.81,137632,63,True,MEDIUM
RD-21079,MCH-010,Conveyor System Main,Logistics,2016,8,2024-08-25,117.82,79.27,2.959,48.35,81363,32,False,LOW
RD-21080,MCH-001,Pipe Bending Line A,Production,2018,6,2023-05-22,113.95,57.01,4.332,48.77,34758,24,False,LOW
RD-21081,MCH-002,Hydraulic Press #1,Production,2015,9,2023-05-22,135.15,69.44,4.334,32.72,166624,36,False,LOW
RD-21082,MCH-003,CNC Lathe Station 3,Machining,2019,5,2023-04-23,123.6,82.61,2.184,40.92,98082,20,False,LOW
RD-21083,MCH-004,Valve Assembly Robot,Assembly,2020,4,2024-10-23,124.08,60.95,4.405,47.25,64552,16,False,LOW
RD-21084,MCH-005,Quality Test Bench,QA,2017,7,2024-01-06,113.62,59.51,5.652,52.26,70605,33,False,LOW
RD-21085,MCH-006,Packaging Unit B,Logistics,2016,8,2023-02-12,109.93,58.44,4.671,40.47,32169,32,False,LOW
RD-21086,MCH-007,Hydraulic Press #2,Production,2014,10,2024-07-06,162.93,97.99,6.285,57.05,104648,61,False,MEDIUM
RD-21087,MCH-008,Welding Station Alpha,Production,2021,3,2024-07-17,129.34,84.42,4.566,40.74,99124,12,False,LOW
RD-21088,MCH-009,Cooling Circuit Pump,Utilities,2013,11,2024-10-12,110.1,67.8,1.527,34.89,184632,36,False,LOW
RD-21089,MCH-010,Conveyor System Main,Logistics,2016,8,2023-11-28,118.93,73.76,1.504,53.45,16506,32,False,LOW
RD-21090,MCH-001,Pipe Bending Line A,Production,2018,6,2024-12-06,125.83,62.01,6.133,35.3,108840,33,True,LOW
RD-21091,MCH-002,Hydraulic Press #1,Production,2015,9,2024-10-24,121.3,89.65,1.055,60.21,131612,41,False,MEDIUM
RD-21092,MCH-003,CNC Lathe Station 3,Machining,2019,5,2024-09-20,137.48,74.81,0.675,42.06,78060,20,False,LOW
RD-21093,MCH-004,Valve Assembly Robot,Assembly,2020,4,2024-11-18,108.23,32.16,3.075,44.1,61146,16,False,LOW
RD-21094,MCH-005,Quality Test Bench,QA,2017,7,2023-03-15,114.51,84.3,5.778,53.72,73692,34,False,LOW
RD-21095,MCH-006,Packaging Unit B,Logistics,2016,8,2023-02-05,149.85,73.62,4.245,48.07,47856,32,True,LOW
RD-21096,MCH-007,Hydraulic Press #2,Production,2014,10,2024-09-10,146.78,67.33,1.437,45.45,89640,36,False,LOW
RD-21097,MCH-008,Welding Station Alpha,Production,2021,3,2023-11-17,112.74,81.84,5.321,51.7,95572,14,False,LOW
RD-21098,MCH-009,Cooling Circuit Pump,Utilities,2013,11,2024-07-27,113.05,76.41,0.157,43.35,116124,36,False,LOW
RD-21099,MCH-010,Conveyor System Main,Logistics,2016,8,2024-07-23,136.03,30.49,3.811,37.43,23973,32,False,LOW
RD-21100,MCH-001,Pipe Bending Line A,Production,2018,6,2024-02-23,130.27,81.3,2.7,50.9,78351,24,False,LOW
RD-21101,MCH-002,Hydraulic Press #1,Production,2015,9,2023-05-14,127.73,66.07,6.882,44.36,170192,51,True,MEDIUM
RD-21102,MCH-003,CNC Lathe Station 3,Machining,2019,5,2023-12-16,114.4,83.35,5.566,39.84,82958,24,False,LOW
RD-21103,MCH-004,Valve Assembly Robot,Assembly,2020,4,2023-07-10,128.02,83.47,0.405,48.13,39728,16,False,LOW
RD-21104,MCH-005,Quality Test Bench,QA,2017,7,2024-09-13,139.05,82.73,1.807,49.47,76137,28,False,LOW
RD-21105,MCH-006,Packaging Unit B,Logistics,2016,8,2023-12-27,129.65,72.69,2.372,38.11,78516,32,False,LOW
RD-21106,MCH-007,Hydraulic Press #2,Production,2014,10,2024-12-02,137.15,90.44,7.092,48.42,128192,59,True,MEDIUM
RD-21107,MCH-008,Welding Station Alpha,Production,2021,3,2023-11-14,141.71,75.18,4.076,52.18,21130,12,False,LOW
RD-21108,MCH-009,Cooling Circuit Pump,Utilities,2013,11,2024-01-17,78.28,68.12,2.9,52.39,43940,46,False,MEDIUM
RD-21109,MCH-010,Conveyor System Main,Logistics,2016,8,2024-02-08,100.39,95.07,5.871,47.04,28527,51,False,MEDIUM
RD-21110,MCH-001,Pipe Bending Line A,Production,2018,6,2023-07-17,98.11,73.41,1.467,47.78,33360,24,False,LOW
RD-21111,MCH-002,Hydraulic Press #1,Production,2015,9,2024-11-17,156.83,86.2,5.255,38.35,88984,39,False,LOW
RD-21112,MCH-003,CNC Lathe Station 3,Machining,2019,5,2023-08-13,147.13,82.24,4.487,56.9,41386,20,True,LOW
RD-21113,MCH-004,Valve Assembly Robot,Assembly,2020,4,2024-06-22,132.03,64.9,4.508,49.15,12764,16,False,LOW
RD-21114,MCH-005,Quality Test Bench,QA,2017,7,2023-11-09,125.84,67.32,4.318,52.29,147477,28,False,LOW
RD-21115,MCH-006,Packaging Unit B,Logistics,2016,8,2023-11-28,119.3,79.13,7.374,49.88,23112,50,False,MEDIUM
RD-21116,MCH-007,Hydraulic Press #2,Production,2014,10,2024-08-28,124.82,56.6,5.513,48.84,189988,40,False,MEDIUM
RD-21117,MCH-008,Welding Station Alpha,Production,2021,3,2024-12-12,111.22,77.29,4.075,51.73,76324,12,False,LOW
RD-21118,MCH-009,Cooling Circuit Pump,Utilities,2013,11,2024-05-20,130.48,77.19,2.999,45.17,63732,36,True,LOW
RD-21119,MCH-010,Conveyor System Main,Logistics,2016,8,2024-03-21,112.62,66.99,2.283,31.93,98286,32,False,LOW
RD-21120,MCH-001,Pipe Bending Line A,Production,2018,6,2023-04-29,151.47,89.45,5.442,48.19,143583,32,False,LOW
RD-21121,MCH-002,Hydraulic Press #1,Production,2015,9,2023-10-08,149.32,51.71,6.137,37.97,185564,45,False,MEDIUM
RD-21122,MCH-003,CNC Lathe Station 3,Machining,2019,5,2024-02-03,135.78,63.2,4.274,56.75,56248,20,True,LOW
RD-21123,MCH-004,Valve Assembly Robot,Assembly,2020,4,2023-01-31,117.15,58.05,6.102,42.5,10072,24,False,LOW
RD-21124,MCH-005,Quality Test Bench,QA,2017,7,2023-02-03,121.22,86.45,3.269,42.65,57051,29,True,LOW
RD-21125,MCH-006,Packaging Unit B,Logistics,2016,8,2023-10-31,134.99,43.22,2.605,46.55,19533,32,False,LOW
RD-21126,MCH-007,Hydraulic Press #2,Production,2014,10,2024-11-25,151.56,55.56,8.753,35.39,48580,66,False,MEDIUM
RD-21127,MCH-008,Welding Station Alpha,Production,2021,3,2023-09-18,121.47,75.63,3.001,42.39,79276,12,False,LOW
RD-21128,MCH-009,Cooling Circuit Pump,Utilities,2013,11,2023-08-22,75.51,82.53,7.048,57.73,48808,64,False,MEDIUM
RD-21129,MCH-010,Conveyor System Main,Logistics,2016,8,2023-11-14,69.55,68.53,5.806,45.86,35148,53,True,MEDIUM
RD-21130,MCH-001,Pipe Bending Line A,Production,2018,6,2023-10-09,146.94,70.89,3.674,57.24,133770,24,False,LOW
RD-21131,MCH-002,Hydraulic Press #1,Production,2015,9,2024-05-16,131.79,61.44,4.789,62.29,59624,36,False,LOW
RD-21132,MCH-003,CNC Lathe Station 3,Machining,2019,5,2023-09-20,124.12,74.97,1.854,45.48,67780,20,False,LOW
RD-21133,MCH-004,Valve Assembly Robot,Assembly,2020,4,2023-01-13,144.65,62.96,2.529,45.96,33864,16,False,LOW
RD-21134,MCH-005,Quality Test Bench,QA,2017,7,2023-07-03,66.19,83.16,6.091,40.17,137730,53,False,MEDIUM
RD-21135,MCH-006,Packaging Unit B,Logistics,2016,8,2024-06-13,138.64,75.23,5.011,36.47,19926,32,False,LOW
RD-21136,MCH-007,Hydraulic Press #2,Production,2014,10,2024-08-21,114.49,44.65,4.542,35.04,168564,36,False,LOW
RD-21137,MCH-008,Welding Station Alpha,Production,2021,3,2024-02-03,108.43,75.35,2.9,51.03,92836,12,False,LOW
RD-21138,MCH-009,Cooling Circuit Pump,Utilities,2013,11,2023-04-14,94.37,61.04,2.466,45.42,169964,38,False,LOW
RD-21139,MCH-010,Conveyor System Main,Logistics,2016,8,2023-03-25,125.38,63.73,0.945,39.31,32919,32,False,LOW
RD-21140,MCH-001,Pipe Bending Line A,Production,2018,6,2024-05-13,163.69,75.0,3.953,32.67,47061,24,True,LOW
RD-21141,MCH-002,Hydraulic Press #1,Production,2015,9,2024-11-29,107.21,46.54,0.035,51.72,108408,36,False,LOW
RD-21142,MCH-003,CNC Lathe Station 3,Machining,2019,5,2023-01-23,117.13,74.48,3.641,52.63,94024,20,False,LOW
RD-21143,MCH-004,Valve Assembly Robot,Assembly,2020,4,2023-10-21,105.8,62.14,5.973,42.95,69886,23,False,LOW
RD-21144,MCH-005,Quality Test Bench,QA,2017,7,2024-11-15,122.45,71.83,7.917,42.77,87516,51,False,MEDIUM
RD-21145,MCH-006,Packaging Unit B,Logistics,2016,8,2023-10-22,129.65,64.2,1.267,57.87,122175,32,True,LOW
RD-21146,MCH-007,Hydraulic Press #2,Production,2014,10,2024-10-25,96.24,70.96,5.552,47.16,36548,42,False,MEDIUM
RD-21147,MCH-008,Welding Station Alpha,Production,2021,3,2024-11-21,129.0,57.02,3.67,50.59,52796,12,True,LOW
RD-21148,MCH-009,Cooling Circuit Pump,Utilities,2013,11,2023-06-14,138.36,77.27,0.488,41.42,95388,36,False,LOW
RD-21149,MCH-010,Conveyor System Main,Logistics,2016,8,2023-12-02,112.7,67.89,1.087,32.47,111447,32,True,LOW
RD-21150,MCH-001,Pipe Bending Line A,Production,2018,6,2024-05-31,119.47,86.59,4.03,51.23,110004,25,False,LOW
RD-21151,MCH-002,Hydraulic Press #1,Production,2015,9,2024-08-04,121.53,78.69,1.808,47.04,64172,36,True,LOW
RD-21152,MCH-003,CNC Lathe Station 3,Machining,2019,5,2023-03-21,80.52,64.29,1.958,38.07,77090,29,False,LOW
RD-21153,MCH-004,Valve Assembly Robot,Assembly,2020,4,2024-12-14,120.41,92.94,2.043,50.5,54258,25,False,LOW
RD-21154,MCH-005,Quality Test Bench,QA,2017,7,2024-07-26,102.24,79.88,3.899,47.62,118458,28,False,LOW
RD-21155,MCH-006,Packaging Unit B,Logistics,2016,8,2023-12-29,111.11,80.88,4.613,34.27,109017,32,False,LOW
RD-21156,MCH-007,Hydraulic Press #2,Production,2014,10,2023-10-27,117.06,81.26,7.739,41.86,34780,57,False,MEDIUM
RD-21157,MCH-008,Welding Station Alpha,Production,2021,3,2024-05-14,87.67,70.1,3.096,45.57,36678,18,False,LOW
RD-21158,MCH-009,Cooling Circuit Pump,Utilities,2013,11,2024-03-02,66.49,89.06,1.835,27.45,43792,57,False,MEDIUM
RD-21159,MCH-010,Conveyor System Main,Logistics,2016,8,2024-04-14,132.22,92.74,4.906,52.36,114672,41,False,MEDIUM
RD-21160,MCH-001,Pipe Bending Line A,Production,2018,6,2024-04-11,134.36,53.39,7.035,35.49,51606,40,False,MEDIUM
RD-21161,MCH-002,Hydraulic Press #1,Production,2015,9,2024-01-31,134.43,110.75,2.861,43.8,199620,66,False,MEDIUM
RD-21162,MCH-003,CNC Lathe Station 3,Machining,2019,5,2024-11-06,120.88,88.02,2.191,48.3,60144,23,False,LOW
RD-21163,MCH-004,Valve Assembly Robot,Assembly,2020,4,2023-08-28,109.65,77.1,4.102,41.47,58148,16,False,LOW
RD-21164,MCH-005,Quality Test Bench,QA,2017,7,2023-11-14,103.65,68.08,5.348,41.66,120285,30,True,LOW
RD-21165,MCH-006,Packaging Unit B,Logistics,2016,8,2024-04-10,95.65,91.22,6.112,54.09,142212,50,False,MEDIUM
RD-21166,MCH-007,Hydraulic Press #2,Production,2014,10,2024-07-25,73.21,62.39,6.378,45.3,41824,60,False,MEDIUM
RD-21167,MCH-008,Welding Station Alpha,Production,2021,3,2023-10-17,145.57,83.76,2.606,57.67,32060,12,False,LOW
RD-21168,MCH-009,Cooling Circuit Pump,Utilities,2013,11,2023-09-23,131.01,94.95,2.515,54.73,177064,47,False,MEDIUM
RD-21169,MCH-010,Conveyor System Main,Logistics,2016,8,2023-10-18,154.68,67.48,5.153,45.16,57903,33,True,LOW
RD-21170,MCH-001,Pipe Bending Line A,Production,2018,6,2023-10-12,148.12,71.36,1.42,49.11,93501,24,False,LOW
RD-21171,MCH-002,Hydraulic Press #1,Production,2015,9,2023-04-15,109.87,65.59,3.535,35.13,172076,36,False,LOW
RD-21172,MCH-003,CNC Lathe Station 3,Machining,2019,5,2023-07-23,104.04,96.54,2.288,38.8,61448,33,False,LOW
RD-21173,MCH-004,Valve Assembly Robot,Assembly,2020,4,2023-06-24,140.85,69.21,5.157,50.41,37232,17,True,LOW
RD-21174,MCH-005,Quality Test Bench,QA,2017,7,2024-07-23,123.06,81.81,8.125,46.78,96300,53,False,MEDIUM
RD-21175,MCH-006,Packaging Unit B,Logistics,2016,8,2024-08-07,103.52,83.08,4.705,40.12,73539,32,False,LOW
RD-21176,MCH-007,Hydraulic Press #2,Production,2014,10,2024-06-04,115.42,73.49,7.516,55.36,67096,56,False,MEDIUM
RD-21177,MCH-008,Welding Station Alpha,Production,2021,3,2024-04-24,116.7,76.11,1.294,42.54,67380,12,False,LOW
RD-21178,MCH-009,Cooling Circuit Pump,Utilities,2013,11,2024-01-03,96.95,60.37,2.64,56.2,61748,37,False,LOW
RD-21179,MCH-010,Conveyor System Main,Logistics,2016,8,2024-07-18,79.5,59.41,5.284,43.08,143334,44,False,MEDIUM
RD-21180,MCH-001,Pipe Bending Line A,Production,2018,6,2024-12-12,140.15,87.73,0.404,50.91,108006,27,False,LOW
RD-21181,MCH-002,Hydraulic Press #1,Production,2015,9,2024-07-12,131.82,83.69,11.603,45.34,128580,88,True,HIGH
RD-21182,MCH-003,CNC Lathe Station 3,Machining,2019,5,2024-04-06,135.81,90.03,4.302,57.68,17692,26,False,LOW
RD-21183,MCH-004,Valve Assembly Robot,Assembly,2020,4,2023-06-20,151.71,68.18,2.712,46.44,93146,16,False,LOW
RD-21184,MCH-005,Quality Test Bench,QA,2017,7,2023-06-20,97.02,78.28,1.548,44.4,147882,29,False,LOW
RD-21185,MCH-006,Packaging Unit B,Logistics,2016,8,2023-11-10,111.82,91.86,1.437,45.93,61680,40,False,MEDIUM
RD-21186,MCH-007,Hydraulic Press #2,Production,2014,10,2023-08-28,98.82,90.56,7.542,46.14,160700,63,True,MEDIUM
RD-21187,MCH-008,Welding Station Alpha,Production,2021,3,2024-12-20,141.79,74.21,5.56,49.4,29258,16,False,LOW
RD-21188,MCH-009,Cooling Circuit Pump,Utilities,2013,11,2024-08-19,92.91,85.83,8.755,53.07,195120,70,True,HIGH
RD-21189,MCH-010,Conveyor System Main,Logistics,2016,8,2023-11-20,111.09,82.52,1.399,52.05,93186,32,False,LOW
RD-21190,MCH-001,Pipe Bending Line A,Production,2018,6,2023-10-20,107.26,70.62,5.709,53.9,20571,29,False,LOW
RD-21191,MCH-002,Hydraulic Press #1,Production,2015,9,2023-08-07,102.55,95.07,7.145,38.05,73276,65,False,MEDIUM
RD-21192,MCH-003,CNC Lathe Station 3,Machining,2019,5,2023-08-30,133.55,62.53,4.326,42.93,22442,20,False,LOW
RD-21193,MCH-004,Valve Assembly Robot,Assembly,2020,4,2023-07-15,121.76,78.13,1.174,38.34,57710,16,False,LOW
RD-21194,MCH-005,Quality Test Bench,QA,2017,7,2024-01-27,126.23,58.12,5.253,51.59,95451,30,False,LOW
RD-21195,MCH-006,Packaging Unit B,Logistics,2016,8,2023-02-15,120.0,107.97,8.259,50.62,45864,85,False,HIGH
RD-21196,MCH-007,Hydraulic Press #2,Production,2014,10,2024-08-29,109.14,60.26,2.932,46.88,78236,36,True,LOW
RD-21197,MCH-008,Welding Station Alpha,Production,2021,3,2023-10-29,78.61,77.45,0.876,52.75,13284,22,False,LOW
RD-21198,MCH-009,Cooling Circuit Pump,Utilities,2013,11,2023-01-09,133.51,56.22,3.717,52.84,100400,36,True,LOW
RD-21199,MCH-010,Conveyor System Main,Logistics,2016,8,2024-03-11,48.83,66.77,3.437,44.39,32097,57,False,MEDIUM
RD-21200,MCH-001,Pipe Bending Line A,Production,2018,6,2023-12-10,98.28,79.73,1.688,36.1,23466,24,False,LOW
RD-21201,MCH-002,Hydraulic Press #1,Production,2015,9,2024-01-16,120.89,94.61,0.03,48.44,86204,47,False,MEDIUM
RD-21202,MCH-003,CNC Lathe Station 3,Machining,2019,5,2023-02-05,134.89,73.07,0.452,46.69,52740,20,False,LOW
RD-21203,MCH-004,Valve Assembly Robot,Assembly,2020,4,2023-05-14,101.09,106.1,5.925,32.7,99260,48,True,MEDIUM
RD-21204,MCH-005,Quality Test Bench,QA,2017,7,2023-02-22,100.27,96.78,6.075,58.0,104577,50,False,MEDIUM
RD-21205,MCH-006,Packaging Unit B,Logistics,2016,8,2024-12-05,114.44,92.0,0.9,32.51,56856,40,False,MEDIUM
RD-21206,MCH-007,Hydraulic Press #2,Production,2014,10,2024-07-08,118.65,65.65,7.686,47.75,167076,57,True,MEDIUM
RD-21207,MCH-008,Welding Station Alpha,Production,2021,3,2023-12-18,107.38,89.17,6.002,53.07,45686,25,False,LOW
RD-21208,MCH-009,Cooling Circuit Pump,Utilities,2013,11,2024-09-02,110.03,67.85,0.38,48.18,51772,36,False,LOW
RD-21209,MCH-010,Conveyor System Main,Logistics,2016,8,2023-11-15,160.3,39.3,3.893,52.82,49083,32,False,LOW
RD-21210,MCH-001,Pipe Bending Line A,Production,2018,6,2024-12-30,94.65,76.75,0.543,56.9,81465,26,False,LOW
RD-21211,MCH-002,Hydraulic Press #1,Production,2015,9,2023-05-02,118.07,95.77,7.523,37.97,81348,69,False,MEDIUM
RD-21212,MCH-003,CNC Lathe Station 3,Machining,2019,5,2024-11-24,154.11,88.52,5.434,49.25,65328,27,False,LOW
RD-21213,MCH-004,Valve Assembly Robot,Assembly,2020,4,2023-12-21,101.29,84.64,3.789,42.38,86380,16,False,LOW
RD-21214,MCH-005,Quality Test Bench,QA,2017,7,2023-09-05,149.56,90.91,2.843,36.8,114483,35,False,LOW
RD-21215,MCH-006,Packaging Unit B,Logistics,2016,8,2023-03-13,113.52,58.97,2.408,33.82,127158,32,False,LOW
RD-21216,MCH-007,Hydraulic Press #2,Production,2014,10,2024-07-27,135.79,83.47,2.372,47.07,198220,36,False,LOW
RD-21217,MCH-008,Welding Station Alpha,Production,2021,3,2024-03-13,148.89,54.21,0.424,45.09,49686,12,False,LOW
RD-21218,MCH-009,Cooling Circuit Pump,Utilities,2013,11,2024-01-10,124.07,60.1,4.763,45.86,38944,36,False,LOW
RD-21219,MCH-010,Conveyor System Main,Logistics,2016,8,2024-02-08,91.83,91.42,2.488,44.01,47568,43,False,MEDIUM
RD-21220,MCH-001,Pipe Bending Line A,Production,2018,6,2023-12-10,129.04,70.13,0.985,41.8,141765,24,False,LOW
RD-21221,MCH-002,Hydraulic Press #1,Production,2015,9,2023-04-21,148.94,58.86,4.806,43.66,106800,36,True,LOW
RD-21222,MCH-003,CNC Lathe Station 3,Machining,2019,5,2023-03-04,134.64,66.78,0.95,47.71,71278,20,False,LOW
RD-21223,MCH-004,Valve Assembly Robot,Assembly,2020,4,2023-10-28,121.51,107.11,5.111,38.33,18468,43,False,MEDIUM
RD-21224,MCH-005,Quality Test Bench,QA,2017,7,2023-10-19,130.83,46.2,3.195,48.04,37773,28,False,LOW
RD-21225,MCH-006,Packaging Unit B,Logistics,2016,8,2024-05-28,116.51,89.43,1.898,42.15,111165,37,False,LOW
RD-21226,MCH-007,Hydraulic Press #2,Production,2014,10,2024-07-19,107.86,84.57,0.878,41.0,29708,36,False,LOW
RD-21227,MCH-008,Welding Station Alpha,Production,2021,3,2023-10-14,134.58,94.65,3.497,46.11,53240,23,False,LOW
RD-21228,MCH-009,Cooling Circuit Pump,Utilities,2013,11,2023-05-02,113.72,55.46,1.288,39.23,185936,36,True,LOW
RD-21229,MCH-010,Conveyor System Main,Logistics,2016,8,2023-02-03,165.05,71.86,4.337,55.73,33192,32,False,LOW
RD-21230,MCH-001,Pipe Bending Line A,Production,2018,6,2024-05-10,160.92,71.98,4.022,34.13,140823,24,False,LOW
RD-21231,MCH-002,Hydraulic Press #1,Production,2015,9,2023-08-15,131.11,74.45,7.681,31.85,88576,57,False,MEDIUM
RD-21232,MCH-003,CNC Lathe Station 3,Machining,2019,5,2024-06-12,119.0,74.09,6.094,54.74,93534,28,False,LOW
RD-21233,MCH-004,Valve Assembly Robot,Assembly,2020,4,2023-07-17,112.92,75.44,4.889,36.58,64560,16,False,LOW
RD-21234,MCH-005,Quality Test Bench,QA,2017,7,2023-04-12,51.52,78.79,6.531,43.57,20070,64,False,MEDIUM
RD-21235,MCH-006,Packaging Unit B,Logistics,2016,8,2024-05-30,116.52,84.8,0.027,52.99,112011,32,False,LOW
RD-21236,MCH-007,Hydraulic Press #2,Production,2014,10,2024-02-07,145.66,51.17,3.325,53.28,159708,36,False,LOW
RD-21237,MCH-008,Welding Station Alpha,Production,2021,3,2023-04-26,149.37,96.26,0.874,47.6,89768,25,False,LOW
RD-21238,MCH-009,Cooling Circuit Pump,Utilities,2013,11,2023-10-19,77.82,80.97,5.069,43.51,158936,47,True,MEDIUM
RD-21239,MCH-010,Conveyor System Main,Logistics,2016,8,2024-07-06,107.87,62.7,7.478,44.58,119346,51,False,MEDIUM
RD-21240,MCH-001,Pipe Bending Line A,Production,2018,6,2024-07-29,128.96,49.93,1.954,33.43,100680,24,False,LOW
RD-21241,MCH-002,Hydraulic Press #1,Production,2015,9,2023-02-22,103.76,65.4,1.237,44.43,41612,36,False,LOW
RD-21242,MCH-003,CNC Lathe Station 3,Machining,2019,5,2023-01-08,92.25,56.63,3.884,40.17,59392,23,False,LOW
RD-21243,MCH-004,Valve Assembly Robot,Assembly,2020,4,2023-11-28,100.89,53.02,2.019,34.13,65682,16,False,LOW
RD-21244,MCH-005,Quality Test Bench,QA,2017,7,2023-01-21,98.57,51.53,0.898,45.57,21642,28,False,LOW
RD-21245,MCH-006,Packaging Unit B,Logistics,2016,8,2023-12-09,111.44,81.73,2.262,50.91,51843,32,False,LOW
RD-21246,MCH-007,Hydraulic Press #2,Production,2014,10,2024-09-30,101.49,79.46,0.831,52.69,66024,36,False,LOW
RD-21247,MCH-008,Welding Station Alpha,Production,2021,3,2023-03-22,133.61,79.03,6.199,44.32,46416,21,False,LOW
RD-21248,MCH-009,Cooling Circuit Pump,Utilities,2013,11,2024-02-26,123.59,63.2,5.317,52.45,77544,38,False,LOW
RD-21249,MCH-010,Conveyor System Main,Logistics,2016,8,2024-06-28,178.12,68.4,5.744,39.89,61257,37,False,LOW
RD-21250,MCH-001,Pipe Bending Line A,Production,2018,6,2023-08-17,90.39,74.34,4.364,32.53,70926,28,True,LOW
RD-21251,MCH-002,Hydraulic Press #1,Production,2015,9,2024-07-28,115.29,86.48,3.478,58.07,65304,37,False,LOW
RD-21252,MCH-003,CNC Lathe Station 3,Machining,2019,5,2024-02-21,100.47,100.15,4.611,47.3,11210,38,False,LOW
RD-21253,MCH-004,Valve Assembly Robot,Assembly,2020,4,2024-04-05,130.63,68.63,5.241,50.22,39460,17,False,LOW
RD-21254,MCH-005,Quality Test Bench,QA,2017,7,2023-05-27,118.66,72.68,7.813,35.57,86970,50,False,MEDIUM
RD-21255,MCH-006,Packaging Unit B,Logistics,2016,8,2024-06-13,154.16,72.46,1.542,40.43,97704,32,True,LOW
RD-21256,MCH-007,Hydraulic Press #2,Production,2014,10,2023-03-24,150.41,61.6,1.649,46.99,96392,36,False,LOW
RD-21257,MCH-008,Welding Station Alpha,Production,2021,3,2023-12-05,112.48,62.42,6.815,54.81,92258,26,False,LOW
RD-21258,MCH-009,Cooling Circuit Pump,Utilities,2013,11,2023-05-18,140.47,71.33,3.927,47.88,133348,36,True,LOW
RD-21259,MCH-010,Conveyor System Main,Logistics,2016,8,2023-09-24,147.47,103.1,2.15,47.94,34533,53,False,MEDIUM
RD-21260,MCH-001,Pipe Bending Line A,Production,2018,6,2024-06-12,117.34,106.12,3.622,46.79,56850,49,False,MEDIUM
RD-21261,MCH-002,Hydraulic Press #1,Production,2015,9,2024-06-13,139.37,75.06,5.583,41.36,42340,40,False,MEDIUM
RD-21262,MCH-003,CNC Lathe Station 3,Machining,2019,5,2023-12-29,113.26,76.9,4.598,49.19,12134,20,False,LOW
RD-21263,MCH-004,Valve Assembly Robot,Assembly,2020,4,2024-01-31,120.19,58.73,4.898,36.09,13668,16,False,LOW
RD-21264,MCH-005,Quality Test Bench,QA,2017,7,2023-02-05,116.97,60.29,6.552,38.06,45966,40,False,MEDIUM
RD-21265,MCH-006,Packaging Unit B,Logistics,2016,8,2023-03-27,98.18,76.35,0.953,57.41,51285,32,False,LOW
RD-21266,MCH-007,Hydraulic Press #2,Production,2014,10,2024-12-17,92.67,62.45,0.173,34.32,160388,39,True,LOW
RD-21267,MCH-008,Welding Station Alpha,Production,2021,3,2024-05-28,122.53,65.55,5.134,40.89,57072,13,False,LOW
RD-21268,MCH-009,Cooling Circuit Pump,Utilities,2013,11,2024-06-01,139.91,56.34,1.978,55.63,169156,36,False,LOW
RD-21269,MCH-010,Conveyor System Main,Logistics,2016,8,2024-02-15,128.19,76.03,2.795,56.4,105216,32,False,LOW
RD-21270,MCH-001,Pipe Bending Line A,Production,2018,6,2024-10-05,60.28,51.54,5.001,46.22,140208,43,False,MEDIUM
RD-21271,MCH-002,Hydraulic Press #1,Production,2015,9,2023-08-13,127.34,123.94,5.182,37.97,114840,84,True,HIGH
RD-21272,MCH-003,CNC Lathe Station 3,Machining,2019,5,2023-05-28,102.15,90.0,6.761,52.57,51442,40,False,MEDIUM
RD-21273,MCH-004,Valve Assembly Robot,Assembly,2020,4,2023-07-19,126.91,82.75,2.881,44.72,56230,16,False,LOW
RD-21274,MCH-005,Quality Test Bench,QA,2017,7,2024-09-08,146.04,73.07,0.433,36.09,119856,28,False,LOW
RD-21275,MCH-006,Packaging Unit B,Logistics,2016,8,2024-01-23,104.7,88.46,3.782,50.97,20817,36,False,LOW
RD-21276,MCH-007,Hydraulic Press #2,Production,2014,10,2024-07-20,105.12,75.62,2.154,50.54,74356,36,False,LOW
RD-21277,MCH-008,Welding Station Alpha,Production,2021,3,2024-07-20,102.45,85.91,2.696,45.49,57748,13,False,LOW
RD-21278,MCH-009,Cooling Circuit Pump,Utilities,2013,11,2024-03-15,124.53,77.69,0.905,40.78,129312,36,False,LOW
RD-21279,MCH-010,Conveyor System Main,Logistics,2016,8,2024-04-21,93.44,52.94,4.504,62.51,46287,35,False,LOW
RD-21280,MCH-001,Pipe Bending Line A,Production,2018,6,2023-08-21,124.26,70.31,4.299,41.74,118800,24,True,LOW
RD-21281,MCH-002,Hydraulic Press #1,Production,2015,9,2024-09-08,127.84,99.62,4.63,43.83,32852,53,True,MEDIUM
RD-21282,MCH-003,CNC Lathe Station 3,Machining,2019,5,2023-03-06,136.62,91.0,2.833,44.98,10610,27,False,LOW
RD-21283,MCH-004,Valve Assembly Robot,Assembly,2020,4,2023-10-23,121.41,53.64,4.312,55.83,40580,16,False,LOW
RD-21284,MCH-005,Quality Test Bench,QA,2017,7,2023-09-10,133.67,59.1,2.926,41.98,125289,28,False,LOW
RD-21285,MCH-006,Packaging Unit B,Logistics,2016,8,2024-03-15,149.03,57.44,0.882,47.39,68022,32,False,LOW
RD-21286,MCH-007,Hydraulic Press #2,Production,2014,10,2024-01-17,166.2,69.08,3.404,58.32,28024,36,False,LOW
RD-21287,MCH-008,Welding Station Alpha,Production,2021,3,2023-04-10,112.49,94.74,3.628,57.97,78140,23,False,LOW
RD-21288,MCH-009,Cooling Circuit Pump,Utilities,2013,11,2023-03-20,84.94,77.4,3.515,39.47,100056,43,False,MEDIUM
RD-21289,MCH-010,Conveyor System Main,Logistics,2016,8,2024-06-07,139.88,92.09,8.431,36.08,149370,67,False,MEDIUM
RD-21290,MCH-001,Pipe Bending Line A,Production,2018,6,2024-03-17,132.2,77.12,3.18,43.7,64848,24,False,LOW
RD-21291,MCH-002,Hydraulic Press #1,Production,2015,9,2023-11-18,127.02,83.07,7.223,48.48,74376,53,True,MEDIUM
RD-21292,MCH-003,CNC Lathe Station 3,Machining,2019,5,2024-01-27,158.09,74.9,7.802,56.42,33108,42,False,MEDIUM
RD-21293,MCH-004,Valve Assembly Robot,Assembly,2020,4,2023-02-12,70.32,74.56,3.016,51.8,43916,30,False,LOW
RD-21294,MCH-005,Quality Test Bench,QA,2017,7,2024-04-19,132.75,77.68,2.028,37.82,32631,28,True,LOW
RD-21295,MCH-006,Packaging Unit B,Logistics,2016,8,2023-11-09,129.77,75.34,3.625,47.8,120036,32,False,LOW
RD-21296,MCH-007,Hydraulic Press #2,Production,2014,10,2024-01-20,167.42,73.56,6.836,60.37,48452,50,False,MEDIUM
RD-21297,MCH-008,Welding Station Alpha,Production,2021,3,2023-08-22,138.49,74.76,4.656,38.02,71816,12,True,LOW
RD-21298,MCH-009,Cooling Circuit Pump,Utilities,2013,11,2023-09-09,173.77,59.4,1.018,37.02,78268,36,False,LOW
RD-21299,MCH-010,Conveyor System Main,Logistics,2016,8,2024-07-28,145.0,87.35,0.365,39.38,65499,34,False,LOW
RD-21300,MCH-001,Pipe Bending Line A,Production,2018,6,2024-10-11,99.68,69.91,1.177,41.81,86043,24,False,LOW
RD-21301,MCH-002,Hydraulic Press #1,Production,2015,9,2024-01-24,81.84,74.67,1.74,40.42,117248,45,False,MEDIUM
RD-21302,MCH-003,CNC Lathe Station 3,Machining,2019,5,2023-12-23,122.65,66.19,6.541,54.32,83518,32,False,LOW
RD-21303,MCH-004,Valve Assembly Robot,Assembly,2020,4,2023-02-03,101.71,76.25,3.199,41.98,58022,16,False,LOW
RD-21304,MCH-005,Quality Test Bench,QA,2017,7,2023-05-08,156.05,79.25,4.699,43.48,68826,28,False,LOW
RD-21305,MCH-006,Packaging Unit B,Logistics,2016,8,2024-09-19,104.37,42.49,7.432,42.44,70182,51,False,MEDIUM
RD-21306,MCH-007,Hydraulic Press #2,Production,2014,10,2024-06-18,163.79,100.16,2.845,53.41,196220,54,True,MEDIUM
RD-21307,MCH-008,Welding Station Alpha,Production,2021,3,2023-01-22,112.25,81.28,1.027,42.31,27788,12,False,LOW
RD-21308,MCH-009,Cooling Circuit Pump,Utilities,2013,11,2024-01-19,107.82,91.01,6.235,40.25,167540,53,False,MEDIUM
RD-21309,MCH-010,Conveyor System Main,Logistics,2016,8,2024-12-06,87.41,85.7,0.905,47.25,134484,39,False,LOW
RD-21310,MCH-001,Pipe Bending Line A,Production,2018,6,2024-08-23,98.64,63.03,5.417,49.32,19197,28,False,LOW
RD-21311,MCH-002,Hydraulic Press #1,Production,2015,9,2024-09-28,120.79,96.83,7.754,32.17,104548,72,False,HIGH
RD-21312,MCH-003,CNC Lathe Station 3,Machining,2019,5,2023-05-19,124.62,60.23,2.351,31.09,20182,20,False,LOW
RD-21313,MCH-004,Valve Assembly Robot,Assembly,2020,4,2024-09-30,115.67,56.38,4.112,40.88,56148,16,True,LOW
RD-21314,MCH-005,Quality Test Bench,QA,2017,7,2023-09-27,105.09,47.46,5.069,51.51,131814,28,False,LOW
RD-21315,MCH-006,Packaging Unit B,Logistics,2016,8,2023-08-05,108.35,46.41,4.863,50.93,140598,32,False,LOW
RD-21316,MCH-007,Hydraulic Press #2,Production,2014,10,2024-06-19,98.1,66.12,4.529,61.64,54860,36,False,LOW
RD-21317,MCH-008,Welding Station Alpha,Production,2021,3,2024-03-23,125.45,75.18,2.854,60.53,87436,12,False,LOW
RD-21318,MCH-009,Cooling Circuit Pump,Utilities,2013,11,2024-05-01,123.19,79.06,3.613,28.09,124812,36,False,LOW
RD-21319,MCH-010,Conveyor System Main,Logistics,2016,8,2024-09-18,138.69,69.49,1.172,53.74,126360,32,False,LOW
RD-21320,MCH-001,Pipe Bending Line A,Production,2018,6,2023-03-28,122.04,30.14,2.753,59.94,92892,24,False,LOW
RD-21321,MCH-002,Hydraulic Press #1,Production,2015,9,2023-06-09,87.45,57.09,1.485,29.72,40712,42,False,MEDIUM
RD-21322,MCH-003,CNC Lathe Station 3,Machining,2019,5,2024-03-22,113.0,107.73,2.555,54.42,68944,47,False,MEDIUM
RD-21323,MCH-004,Valve Assembly Robot,Assembly,2020,4,2023-05-26,128.55,64.2,3.834,41.24,42220,16,False,LOW
RD-21324,MCH-005,Quality Test Bench,QA,2017,7,2023-03-05,91.42,60.07,5.279,47.26,70995,34,False,LOW
RD-21325,MCH-006,Packaging Unit B,Logistics,2016,8,2024-08-25,83.97,104.63,2.911,34.91,131163,63,False,MEDIUM
RD-21326,MCH-007,Hydraulic Press #2,Production,2014,10,2024-02-08,129.1,64.77,3.56,52.36,89772,36,True,LOW
RD-21327,MCH-008,Welding Station Alpha,Production,2021,3,2024-11-25,116.36,61.51,2.962,54.77,94514,12,False,LOW
RD-21328,MCH-009,Cooling Circuit Pump,Utilities,2013,11,2024-02-17,146.18,79.8,6.272,41.27,28836,46,False,MEDIUM
RD-21329,MCH-010,Conveyor System Main,Logistics,2016,8,2023-12-22,102.23,64.61,6.22,49.44,45684,41,False,MEDIUM
RD-21330,MCH-001,Pipe Bending Line A,Production,2018,6,2024-01-06,99.11,72.21,6.296,43.88,129636,34,False,LOW
RD-21331,MCH-002,Hydraulic Press #1,Production,2015,9,2023-01-17,126.33,48.77,2.604,38.83,85112,36,False,LOW
RD-21332,MCH-003,CNC Lathe Station 3,Machining,2019,5,2024-10-29,136.41,59.85,6.122,41.97,24414,28,False,LOW
RD-21333,MCH-004,Valve Assembly Robot,Assembly,2020,4,2023-03-03,74.17,57.64,0.131,32.52,39858,28,False,LOW
RD-21334,MCH-005,Quality Test Bench,QA,2017,7,2023-04-14,72.23,97.91,6.074,48.92,135339,65,True,MEDIUM
RD-21335,MCH-006,Packaging Unit B,Logistics,2016,8,2024-03-31,127.88,94.92,0.833,52.83,18777,43,False,MEDIUM
RD-21336,MCH-007,Hydraulic Press #2,Production,2014,10,2024-01-06,97.94,56.17,0.186,51.74,145440,37,False,LOW
RD-21337,MCH-008,Welding Station Alpha,Production,2021,3,2024-07-27,120.53,58.01,3.637,47.47,36606,12,False,LOW
RD-21338,MCH-009,Cooling Circuit Pump,Utilities,2013,11,2023-07-20,95.53,81.81,3.152,53.32,51164,38,False,LOW
RD-21339,MCH-010,Conveyor System Main,Logistics,2016,8,2024-07-31,143.61,73.18,4.275,51.75,148164,32,True,LOW
RD-21340,MCH-001,Pipe Bending Line A,Production,2018,6,2023-12-12,96.44,74.11,1.344,44.0,84969,25,False,LOW
RD-21341,MCH-002,Hydraulic Press #1,Production,2015,9,2023-09-17,152.23,69.81,8.813,58.31,144452,66,False,MEDIUM
RD-21342,MCH-003,CNC Lathe Station 3,Machining,2019,5,2024-12-12,118.95,93.45,2.422,52.36,63982,30,True,LOW
RD-21343,MCH-004,Valve Assembly Robot,Assembly,2020,4,2024-08-12,107.16,85.83,3.804,41.47,80612,16,False,LOW
RD-21344,MCH-005,Quality Test Bench,QA,2017,7,2023-12-03,85.57,88.48,2.255,24.29,62331,39,False,LOW
RD-21345,MCH-006,Packaging Unit B,Logistics,2016,8,2023-11-16,115.51,61.74,5.841,48.71,85647,38,False,LOW
RD-21346,MCH-007,Hydraulic Press #2,Production,2014,10,2023-01-13,85.03,108.14,5.238,43.73,152832,73,False,HIGH
RD-21347,MCH-008,Welding Station Alpha,Production,2021,3,2023-05-04,142.17,76.48,4.276,40.36,51068,12,False,LOW
RD-21348,MCH-009,Cooling Circuit Pump,Utilities,2013,11,2023-10-13,103.58,67.55,0.608,34.34,181932,36,False,LOW
RD-21349,MCH-010,Conveyor System Main,Logistics,2016,8,2024-11-04,114.34,59.22,9.601,40.25,82422,68,True,MEDIUM
RD-21350,MCH-001,Pipe Bending Line A,Production,2018,6,2024-09-21,146.67,80.37,5.706,54.43,100299,29,False,LOW
RD-21351,MCH-002,Hydraulic Press #1,Production,2015,9,2023-12-15,102.75,63.83,0.901,57.37,61888,36,False,LOW
RD-21352,MCH-003,CNC Lathe Station 3,Machining,2019,5,2024-01-02,121.09,65.37,4.555,54.94,41916,20,False,LOW
RD-21353,MCH-004,Valve Assembly Robot,Assembly,2020,4,2023-09-10,93.23,59.08,1.893,49.32,91914,19,False,LOW
RD-21354,MCH-005,Quality Test Bench,QA,2017,7,2024-03-20,149.01,83.98,3.42,62.08,125937,28,False,LOW
RD-21355,MCH-006,Packaging Unit B,Logistics,2016,8,2023-09-27,104.3,53.9,2.773,33.71,131133,32,True,LOW
RD-21356,MCH-007,Hydraulic Press #2,Production,2014,10,2024-06-20,143.56,68.43,12.308,56.95,142500,94,False,HIGH
RD-21357,MCH-008,Welding Station Alpha,Production,2021,3,2024-01-05,109.57,78.66,2.851,38.49,50988,12,False,LOW
RD-21358,MCH-009,Cooling Circuit Pump,Utilities,2013,11,2023-01-04,118.79,76.05,5.49,47.77,88868,39,False,LOW
RD-21359,MCH-010,Conveyor System Main,Logistics,2016,8,2023-08-04,130.63,94.26,3.531,27.28,92811,43,False,MEDIUM
RD-21360,MCH-001,Pipe Bending Line A,Production,2018,6,2023-04-06,100.1,70.73,0.727,26.98,38763,24,True,LOW
RD-21361,MCH-002,Hydraulic Press #1,Production,2015,9,2023-01-10,158.34,91.46,2.437,45.28,83132,43,False,MEDIUM
RD-21362,MCH-003,CNC Lathe Station 3,Machining,2019,5,2024-04-03,145.86,59.89,3.218,39.57,51872,20,False,LOW
RD-21363,MCH-004,Valve Assembly Robot,Assembly,2020,4,2023-01-27,100.86,61.29,4.528,34.0,85416,16,False,LOW
RD-21364,MCH-005,Quality Test Bench,QA,2017,7,2024-10-23,115.91,70.93,5.903,57.72,124575,35,False,LOW
RD-21365,MCH-006,Packaging Unit B,Logistics,2016,8,2024-07-17,115.25,101.99,5.923,52.76,125466,59,False,MEDIUM
RD-21366,MCH-007,Hydraulic Press #2,Production,2014,10,2023-06-05,122.92,49.14,3.703,49.09,39408,36,False,LOW
RD-21367,MCH-008,Welding Station Alpha,Production,2021,3,2024-10-29,129.15,90.72,4.282,39.22,21198,18,False,LOW
RD-21368,MCH-009,Cooling Circuit Pump,Utilities,2013,11,2023-01-26,103.42,46.65,1.081,39.11,173476,36,False,LOW
RD-21369,MCH-010,Conveyor System Main,Logistics,2016,8,2023-09-25,80.12,81.2,7.034,72.48,23772,58,False,MEDIUM
RD-21370,MCH-001,Pipe Bending Line A,Production,2018,6,2023-11-02,78.34,84.07,0.014,40.03,53895,34,False,LOW
RD-21371,MCH-002,Hydraulic Press #1,Production,2015,9,2024-10-26,141.26,80.65,0.713,31.32,191484,36,False,LOW
RD-21372,MCH-003,CNC Lathe Station 3,Machining,2019,5,2023-06-23,150.08,35.13,3.76,52.42,26024,20,False,LOW
RD-21373,MCH-004,Valve Assembly Robot,Assembly,2020,4,2023-07-16,118.03,78.8,3.147,33.12,77782,16,False,LOW
RD-21374,MCH-005,Quality Test Bench,QA,2017,7,2023-03-03,96.01,112.83,9.903,59.25,99657,100,False,HIGH
RD-21375,MCH-006,Packaging Unit B,Logistics,2016,8,2024-03-30,43.39,85.96,2.017,41.02,145041,61,False,MEDIUM
RD-21376,MCH-007,Hydraulic Press #2,Production,2014,10,2024-08-11,95.82,52.43,6.356,57.18,118504,48,False,MEDIUM
RD-21377,MCH-008,Welding Station Alpha,Production,2021,3,2023-01-23,153.57,83.2,5.106,46.58,68056,12,False,LOW
RD-21378,MCH-009,Cooling Circuit Pump,Utilities,2013,11,2024-11-06,91.94,48.67,5.693,42.47,92036,45,False,MEDIUM
RD-21379,MCH-010,Conveyor System Main,Logistics,2016,8,2023-06-24,90.85,62.68,0.873,48.93,132837,36,True,LOW
RD-21380,MCH-001,Pipe Bending Line A,Production,2018,6,2024-10-13,157.52,68.43,5.431,54.02,135756,27,True,LOW
RD-21381,MCH-002,Hydraulic Press #1,Production,2015,9,2023-02-12,103.72,88.0,5.101,57.19,29276,40,False,MEDIUM
RD-21382,MCH-003,CNC Lathe Station 3,Machining,2019,5,2023-04-12,116.36,84.55,5.466,57.34,53806,23,False,LOW
RD-21383,MCH-004,Valve Assembly Robot,Assembly,2020,4,2023-05-23,125.94,47.96,2.848,60.35,48602,16,True,LOW
RD-21384,MCH-005,Quality Test Bench,QA,2017,7,2024-08-02,135.72,67.84,2.662,47.49,71421,28,False,LOW
RD-21385,MCH-006,Packaging Unit B,Logistics,2016,8,2024-05-10,112.66,65.97,3.09,56.95,112299,32,False,LOW
RD-21386,MCH-007,Hydraulic Press #2,Production,2014,10,2023-11-25,122.4,66.78,0.347,35.77,60168,36,False,LOW
RD-21387,MCH-008,Welding Station Alpha,Production,2021,3,2023-01-30,141.82,64.55,2.612,46.56,70764,12,False,LOW
RD-21388,MCH-009,Cooling Circuit Pump,Utilities,2013,11,2023-05-14,138.73,79.64,4.761,41.1,42028,36,False,LOW
RD-21389,MCH-010,Conveyor System Main,Logistics,2016,8,2024-03-24,159.24,59.83,5.527,45.05,126825,36,False,LOW
RD-21390,MCH-001,Pipe Bending Line A,Production,2018,6,2023-04-24,148.6,93.81,3.351,38.94,94098,34,False,LOW
RD-21391,MCH-002,Hydraulic Press #1,Production,2015,9,2023-05-17,171.1,77.81,1.288,46.93,186736,36,True,LOW
RD-21392,MCH-003,CNC Lathe Station 3,Machining,2019,5,2024-07-02,116.23,81.65,5.735,35.73,51852,25,False,LOW
RD-21393,MCH-004,Valve Assembly Robot,Assembly,2020,4,2024-01-07,127.25,73.35,1.15,42.87,45898,16,True,LOW
RD-21394,MCH-005,Quality Test Bench,QA,2017,7,2023-11-12,116.65,79.4,5.349,41.48,115143,30,False,LOW
RD-21395,MCH-006,Packaging Unit B,Logistics,2016,8,2024-05-23,149.6,75.26,3.938,36.52,114384,32,False,LOW
RD-21396,MCH-007,Hydraulic Press #2,Production,2014,10,2023-12-11,84.58,103.67,0.444,50.55,81256,66,False,MEDIUM
RD-21397,MCH-008,Welding Station Alpha,Production,2021,3,2024-03-19,83.51,81.04,4.503,45.53,18202,20,True,LOW
RD-21398,MCH-009,Cooling Circuit Pump,Utilities,2013,11,2024-05-08,101.9,53.56,2.072,45.16,104860,36,False,LOW
RD-21399,MCH-010,Conveyor System Main,Logistics,2016,8,2024-11-10,147.25,108.44,7.41,53.05,73527,79,False,HIGH
RD-21400,MCH-001,Pipe Bending Line A,Production,2018,6,2024-08-14,98.91,68.13,4.004,41.32,36012,24,False,LOW
RD-21401,MCH-002,Hydraulic Press #1,Production,2015,9,2023-07-16,122.41,104.98,7.797,31.32,179092,82,True,HIGH
RD-21402,MCH-003,CNC Lathe Station 3,Machining,2019,5,2024-05-31,145.2,74.43,4.053,41.45,89638,20,False,LOW
RD-21403,MCH-004,Valve Assembly Robot,Assembly,2020,4,2024-01-12,103.68,71.62,2.559,44.36,53058,16,False,LOW
RD-21404,MCH-005,Quality Test Bench,QA,2017,7,2024-10-02,115.26,84.91,3.124,60.22,54906,28,True,LOW
RD-21405,MCH-006,Packaging Unit B,Logistics,2016,8,2023-12-05,95.19,90.33,2.76,50.31,115689,40,True,MEDIUM
RD-21406,MCH-007,Hydraulic Press #2,Production,2014,10,2023-10-23,112.93,85.57,4.424,44.48,22288,36,False,LOW
RD-21407,MCH-008,Welding Station Alpha,Production,2021,3,2023-01-09,123.36,93.46,3.342,58.89,39210,22,False,LOW
RD-21408,MCH-009,Cooling Circuit Pump,Utilities,2013,11,2023-04-28,91.78,72.11,1.882,54.05,144304,40,False,MEDIUM
RD-21409,MCH-010,Conveyor System Main,Logistics,2016,8,2024-07-04,117.53,103.55,4.132,34.92,89796,54,True,MEDIUM
RD-21410,MCH-001,Pipe Bending Line A,Production,2018,6,2023-10-23,137.08,78.54,5.523,40.22,38853,28,True,LOW
RD-21411,MCH-002,Hydraulic Press #1,Production,2015,9,2024-02-05,65.34,26.45,6.539,39.92,20252,65,False,MEDIUM
RD-21412,MCH-003,CNC Lathe Station 3,Machining,2019,5,2024-09-15,114.22,62.26,5.465,37.97,82072,23,False,LOW
RD-21413,MCH-004,Valve Assembly Robot,Assembly,2020,4,2024-02-24,104.53,65.73,0.609,46.27,63930,16,False,LOW
RD-21414,MCH-005,Quality Test Bench,QA,2017,7,2024-02-20,134.08,104.71,4.452,50.06,81738,51,False,MEDIUM
RD-21415,MCH-006,Packaging Unit B,Logistics,2016,8,2024-11-24,126.78,58.08,6.175,48.53,105261,41,False,MEDIUM
RD-21416,MCH-007,Hydraulic Press #2,Production,2014,10,2024-01-25,111.21,70.98,4.768,45.25,107196,36,False,LOW
RD-21417,MCH-008,Welding Station Alpha,Production,2021,3,2024-08-03,112.98,66.65,4.846,38.38,22952,12,False,LOW
RD-21418,MCH-009,Cooling Circuit Pump,Utilities,2013,11,2023-04-16,104.1,94.05,2.836,50.75,118440,46,True,MEDIUM
RD-21419,MCH-010,Conveyor System Main,Logistics,2016,8,2023-09-30,117.7,94.96,6.953,55.83,130539,59,True,MEDIUM
RD-21420,MCH-001,Pipe Bending Line A,Production,2018,6,2024-04-06,138.35,73.92,3.418,40.86,139617,24,False,LOW
RD-21421,MCH-002,Hydraulic Press #1,Production,2015,9,2024-10-03,103.45,77.56,4.66,38.58,41228,36,False,LOW
RD-21422,MCH-003,CNC Lathe Station 3,Machining,2019,5,2024-04-18,137.29,76.18,2.951,38.09,64580,20,False,LOW
RD-21423,MCH-004,Valve Assembly Robot,Assembly,2020,4,2024-08-20,96.19,101.95,3.67,35.53,92956,38,True,LOW
RD-21424,MCH-005,Quality Test Bench,QA,2017,7,2023-01-28,110.37,91.53,1.888,50.93,99090,35,False,LOW
RD-21425,MCH-006,Packaging Unit B,Logistics,2016,8,2023-11-15,119.2,69.78,7.26,54.07,32172,50,False,MEDIUM
RD-21426,MCH-007,Hydraulic Press #2,Production,2014,10,2024-02-06,93.42,82.3,9.18,57.77,60944,72,False,HIGH
RD-21427,MCH-008,Welding Station Alpha,Production,2021,3,2023-10-27,119.94,65.56,5.549,36.96,74140,16,True,LOW
RD-21428,MCH-009,Cooling Circuit Pump,Utilities,2013,11,2023-04-18,124.63,45.86,8.839,50.78,39232,66,True,MEDIUM
RD-21429,MCH-010,Conveyor System Main,Logistics,2016,8,2024-09-09,88.2,82.78,7.128,31.13,113292,54,True,MEDIUM
RD-21430,MCH-001,Pipe Bending Line A,Production,2018,6,2023-08-16,129.13,69.33,4.983,46.89,42363,24,True,LOW
RD-21431,MCH-002,Hydraulic Press #1,Production,2015,9,2024-07-09,136.69,72.29,5.739,42.54,65296,41,False,MEDIUM
RD-21432,MCH-003,CNC Lathe Station 3,Machining,2019,5,2024-07-17,124.9,71.01,3.157,43.74,24274,20,False,LOW
RD-21433,MCH-004,Valve Assembly Robot,Assembly,2020,4,2024-06-06,114.17,75.08,4.287,44.81,71950,16,False,LOW
RD-21434,MCH-005,Quality Test Bench,QA,2017,7,2023-02-10,133.94,100.75,4.004,37.44,23526,46,True,MEDIUM
RD-21435,MCH-006,Packaging Unit B,Logistics,2016,8,2024-10-02,125.64,94.42,3.438,45.87,122520,43,False,MEDIUM
RD-21436,MCH-007,Hydraulic Press #2,Production,2014,10,2024-02-16,78.85,78.43,5.347,44.47,170068,49,True,MEDIUM
RD-21437,MCH-008,Welding Station Alpha,Production,2021,3,2023-02-10,161.07,54.69,0.568,44.09,36350,12,False,LOW
RD-21438,MCH-009,Cooling Circuit Pump,Utilities,2013,11,2023-06-18,139.72,106.84,2.86,44.05,22080,62,False,MEDIUM
RD-21439,MCH-010,Conveyor System Main,Logistics,2016,8,2023-12-12,118.4,74.32,4.714,48.48,77787,32,False,LOW
RD-21440,MCH-001,Pipe Bending Line A,Production,2018,6,2024-06-24,144.0,69.21,3.461,29.66,88668,24,False,LOW
RD-21441,MCH-002,Hydraulic Press #1,Production,2015,9,2024-12-22,88.43,72.19,2.505,52.76,199536,41,False,MEDIUM
RD-21442,MCH-003,CNC Lathe Station 3,Machining,2019,5,2024-08-14,130.66,63.89,2.507,48.59,12296,20,False,LOW
RD-21443,MCH-004,Valve Assembly Robot,Assembly,2020,4,2023-11-13,114.92,89.48,2.428,47.71,21860,21,False,LOW
RD-21444,MCH-005,Quality Test Bench,QA,2017,7,2024-08-02,117.15,131.6,4.77,37.1,31764,83,True,HIGH
RD-21445,MCH-006,Packaging Unit B,Logistics,2016,8,2023-04-11,139.02,63.16,7.119,50.06,26580,48,False,MEDIUM
RD-21446,MCH-007,Hydraulic Press #2,Production,2014,10,2024-01-11,100.35,70.92,0.21,35.49,151632,36,False,LOW
RD-21447,MCH-008,Welding Station Alpha,Production,2021,3,2024-12-18,140.31,63.24,1.704,52.06,22584,12,False,LOW
RD-21448,MCH-009,Cooling Circuit Pump,Utilities,2013,11,2024-10-15,128.86,64.6,3.858,43.16,112980,36,False,LOW
RD-21449,MCH-010,Conveyor System Main,Logistics,2016,8,2023-03-15,152.33,73.88,6.125,51.37,89631,41,True,MEDIUM
RD-21450,MCH-001,Pipe Bending Line A,Production,2018,6,2024-08-07,132.06,74.99,3.917,45.57,31845,24,False,LOW
RD-21451,MCH-002,Hydraulic Press #1,Production,2015,9,2023-07-31,145.33,85.12,2.284,45.21,106296,36,False,LOW
RD-21452,MCH-003,CNC Lathe Station 3,Machining,2019,5,2024-10-24,96.57,82.52,4.24,44.55,10320,21,False,LOW
RD-21453,MCH-004,Valve Assembly Robot,Assembly,2020,4,2023-11-13,93.93,77.21,5.142,59.76,61258,20,False,LOW
RD-21454,MCH-005,Quality Test Bench,QA,2017,7,2023-06-13,111.21,78.02,3.698,41.87,93843,28,False,LOW
RD-21455,MCH-006,Packaging Unit B,Logistics,2016,8,2023-06-21,138.97,59.58,7.083,62.47,133650,48,False,MEDIUM
RD-21456,MCH-007,Hydraulic Press #2,Production,2014,10,2024-07-26,98.44,62.16,4.47,65.93,175508,36,False,LOW
RD-21457,MCH-008,Welding Station Alpha,Production,2021,3,2023-10-24,112.35,65.44,5.408,44.49,71604,15,False,LOW
RD-21458,MCH-009,Cooling Circuit Pump,Utilities,2013,11,2023-05-13,170.83,64.74,1.39,41.86,172728,36,True,LOW
RD-21459,MCH-010,Conveyor System Main,Logistics,2016,8,2024-11-08,122.95,59.97,2.512,54.19,100443,32,True,LOW
RD-21460,MCH-001,Pipe Bending Line A,Production,2018,6,2023-07-20,134.82,61.23,4.271,48.42,78174,24,False,LOW
RD-21461,MCH-002,Hydraulic Press #1,Production,2015,9,2024-05-03,131.3,89.11,8.7,48.01,183456,70,False,HIGH
RD-21462,MCH-003,CNC Lathe Station 3,Machining,2019,5,2023-08-09,128.72,85.68,3.077,49.81,18516,20,False,LOW
RD-21463,MCH-004,Valve Assembly Robot,Assembly,2020,4,2024-05-11,137.34,88.66,3.736,39.14,14668,20,False,LOW
RD-21464,MCH-005,Quality Test Bench,QA,2017,7,2024-01-04,127.52,69.87,6.323,48.41,125787,38,False,LOW
RD-21465,MCH-006,Packaging Unit B,Logistics,2016,8,2024-01-06,123.68,89.39,1.68,59.5,81957,37,False,LOW
RD-21466,MCH-007,Hydraulic Press #2,Production,2014,10,2024-10-17,126.61,51.93,3.914,47.61,173896,36,False,LOW
RD-21467,MCH-008,Welding Station Alpha,Production,2021,3,2023-01-29,91.53,75.61,4.969,31.72,89438,16,False,LOW
RD-21468,MCH-009,Cooling Circuit Pump,Utilities,2013,11,2024-02-03,128.28,57.11,7.134,52.87,20664,53,True,MEDIUM
RD-21469,MCH-010,Conveyor System Main,Logistics,2016,8,2023-09-30,109.7,86.41,4.39,43.58,50307,33,False,LOW
RD-21470,MCH-001,Pipe Bending Line A,Production,2018,6,2023-11-02,146.04,61.96,0.282,35.5,59556,24,False,LOW
RD-21471,MCH-002,Hydraulic Press #1,Production,2015,9,2024-04-18,86.87,70.53,4.237,42.0,142964,42,False,MEDIUM
RD-21472,MCH-003,CNC Lathe Station 3,Machining,2019,5,2024-07-01,128.77,50.44,5.889,51.62,96102,27,False,LOW
RD-21473,MCH-004,Valve Assembly Robot,Assembly,2020,4,2024-08-31,99.37,88.38,2.933,50.04,62590,20,False,LOW
RD-21474,MCH-005,Quality Test Bench,QA,2017,7,2024-12-21,119.68,57.22,0.52,45.17,63771,28,False,LOW
RD-21475,MCH-006,Packaging Unit B,Logistics,2016,8,2023-10-21,103.85,85.99,1.762,43.68,26256,33,False,LOW
RD-21476,MCH-007,Hydraulic Press #2,Production,2014,10,2024-09-22,110.69,68.76,2.924,44.72,128584,36,False,LOW
RD-21477,MCH-008,Welding Station Alpha,Production,2021,3,2023-09-08,139.36,79.53,1.5,43.87,96386,12,False,LOW
RD-21478,MCH-009,Cooling Circuit Pump,Utilities,2013,11,2024-10-25,106.76,76.02,7.491,44.72,131724,55,True,MEDIUM
RD-21479,MCH-010,Conveyor System Main,Logistics,2016,8,2023-08-12,140.15,85.56,8.983,50.02,84840,64,False,MEDIUM
RD-21480,MCH-001,Pipe Bending Line A,Production,2018,6,2024-05-10,86.57,82.59,0.613,42.55,127809,30,False,LOW
RD-21481,MCH-002,Hydraulic Press #1,Production,2015,9,2024-02-15,97.04,88.77,4.319,44.95,74396,41,False,MEDIUM
RD-21482,MCH-003,CNC Lathe Station 3,Machining,2019,5,2023-04-28,148.89,100.25,3.209,35.64,92956,38,False,LOW
RD-21483,MCH-004,Valve Assembly Robot,Assembly,2020,4,2023-12-04,107.94,110.73,7.151,34.46,31326,64,False,MEDIUM
RD-21484,MCH-005,Quality Test Bench,QA,2017,7,2024-08-23,94.62,83.07,0.713,47.43,80775,30,False,LOW
RD-21485,MCH-006,Packaging Unit B,Logistics,2016,8,2023-10-01,143.43,108.26,4.609,36.06,113520,59,True,MEDIUM
RD-21486,MCH-007,Hydraulic Press #2,Production,2014,10,2024-02-10,167.81,88.31,4.708,51.59,120320,39,False,LOW
RD-21487,MCH-008,Welding Station Alpha,Production,2021,3,2023-08-06,122.53,78.5,0.612,39.31,16956,12,False,LOW
RD-21488,MCH-009,Cooling Circuit Pump,Utilities,2013,11,2024-09-06,97.2,62.15,0.103,46.65,111092,37,False,LOW
RD-21489,MCH-010,Conveyor System Main,Logistics,2016,8,2024-11-22,104.64,68.49,4.903,53.81,55251,32,False,LOW
RD-21490,MCH-001,Pipe Bending Line A,Production,2018,6,2023-03-15,87.77,106.08,7.858,55.42,75816,78,True,HIGH
RD-21491,MCH-002,Hydraulic Press #1,Production,2015,9,2024-10-27,130.49,53.08,1.865,40.96,147100,36,False,LOW
RD-21492,MCH-003,CNC Lathe Station 3,Machining,2019,5,2023-09-12,100.83,49.52,4.282,38.56,11736,20,False,LOW
RD-21493,MCH-004,Valve Assembly Robot,Assembly,2020,4,2023-01-02,163.88,68.17,0.147,53.99,51996,16,True,LOW
RD-21494,MCH-005,Quality Test Bench,QA,2017,7,2024-09-07,105.61,83.49,0.967,42.46,23319,28,False,LOW
RD-21495,MCH-006,Packaging Unit B,Logistics,2016,8,2024-07-14,123.77,82.55,1.857,36.13,92094,32,False,LOW
RD-21496,MCH-007,Hydraulic Press #2,Production,2014,10,2023-06-24,134.96,112.24,5.87,43.42,48812,75,True,HIGH
RD-21497,MCH-008,Welding Station Alpha,Production,2021,3,2023-11-14,135.87,83.15,2.574,39.54,24412,12,False,LOW
RD-21498,MCH-009,Cooling Circuit Pump,Utilities,2013,11,2024-09-12,88.29,93.94,3.861,47.85,24780,52,False,MEDIUM
RD-21499,MCH-010,Conveyor System Main,Logistics,2016,8,2024-02-09,142.14,75.77,6.04,42.84,118923,40,False,MEDIUM
RD-21500,MCH-001,Pipe Bending Line A,Production,2018,6,2024-05-26,115.03,86.98,5.258,51.9,139788,28,False,LOW
RD-21501,MCH-002,Hydraulic Press #1,Production,2015,9,2023-12-14,146.62,72.99,1.96,57.55,137684,36,False,LOW
RD-21502,MCH-003,CNC Lathe Station 3,Machining,2019,5,2024-09-28,106.66,60.37,3.096,43.17,20832,20,True,LOW
RD-21503,MCH-004,Valve Assembly Robot,Assembly,2020,4,2023-12-09,101.15,67.18,2.458,55.23,97310,16,False,LOW
RD-21504,MCH-005,Quality Test Bench,QA,2017,7,2024-11-11,128.87,74.04,1.548,54.46,29271,28,True,LOW
RD-21505,MCH-006,Packaging Unit B,Logistics,2016,8,2023-09-29,73.96,66.18,0.186,51.66,94083,45,True,MEDIUM
RD-21506,MCH-007,Hydraulic Press #2,Production,2014,10,2023-03-20,141.62,72.46,2.679,55.23,99776,36,False,LOW
RD-21507,MCH-008,Welding Station Alpha,Production,2021,3,2024-10-04,116.19,48.13,3.537,46.82,15896,12,False,LOW
RD-21508,MCH-009,Cooling Circuit Pump,Utilities,2013,11,2023-12-04,108.16,64.92,3.332,46.78,193912,36,False,LOW
RD-21509,MCH-010,Conveyor System Main,Logistics,2016,8,2023-07-28,69.93,82.25,4.366,46.51,78735,47,False,MEDIUM
RD-21510,MCH-001,Pipe Bending Line A,Production,2018,6,2024-11-01,146.25,46.84,4.9,36.86,61884,24,False,LOW
RD-21511,MCH-002,Hydraulic Press #1,Production,2015,9,2023-04-15,87.84,76.87,3.445,45.48,162436,42,False,MEDIUM
RD-21512,MCH-003,CNC Lathe Station 3,Machining,2019,5,2024-11-05,99.37,88.54,3.634,52.14,97596,24,False,LOW
RD-21513,MCH-004,Valve Assembly Robot,Assembly,2020,4,2024-10-23,116.6,77.16,2.348,54.98,45422,16,False,LOW
RD-21514,MCH-005,Quality Test Bench,QA,2017,7,2024-03-11,159.18,97.46,1.308,39.82,73836,42,False,MEDIUM
RD-21515,MCH-006,Packaging Unit B,Logistics,2016,8,2023-06-11,147.37,49.07,7.184,38.61,46410,49,False,MEDIUM
RD-21516,MCH-007,Hydraulic Press #2,Production,2014,10,2024-12-01,93.27,108.04,8.828,46.86,57180,97,False,HIGH
RD-21517,MCH-008,Welding Station Alpha,Production,2021,3,2023-05-10,110.18,72.36,1.646,38.69,53804,12,False,LOW
RD-21518,MCH-009,Cooling Circuit Pump,Utilities,2013,11,2023-09-09,100.0,90.68,0.035,36.57,104740,42,False,MEDIUM
RD-21519,MCH-010,Conveyor System Main,Logistics,2016,8,2024-09-29,101.53,105.44,2.792,25.98,71700,56,False,MEDIUM
RD-21520,MCH-001,Pipe Bending Line A,Production,2018,6,2023-04-12,140.73,62.67,2.906,54.16,113802,24,False,LOW
RD-21521,MCH-002,Hydraulic Press #1,Production,2015,9,2023-06-30,105.46,75.75,3.751,43.0,121564,36,False,LOW
RD-21522,MCH-003,CNC Lathe Station 3,Machining,2019,5,2024-05-26,122.31,103.54,4.185,40.42,12134,42,False,MEDIUM
RD-21523,MCH-004,Valve Assembly Robot,Assembly,2020,4,2023-12-25,125.13,75.18,1.448,46.16,81168,16,False,LOW
RD-21524,MCH-005,Quality Test Bench,QA,2017,7,2023-12-28,142.83,89.05,2.186,54.03,130662,32,True,LOW
RD-21525,MCH-006,Packaging Unit B,Logistics,2016,8,2024-09-03,117.96,84.92,12.941,43.46,116652,95,False,HIGH
RD-21526,MCH-007,Hydraulic Press #2,Production,2014,10,2024-08-19,149.78,91.25,0.889,48.1,134532,43,False,MEDIUM
RD-21527,MCH-008,Welding Station Alpha,Production,2021,3,2023-07-22,138.56,93.99,1.488,41.14,38212,22,False,LOW
RD-21528,MCH-009,Cooling Circuit Pump,Utilities,2013,11,2023-08-29,83.49,85.23,1.858,61.39,46816,44,False,MEDIUM
RD-21529,MCH-010,Conveyor System Main,Logistics,2016,8,2023-11-23,93.32,71.45,3.006,57.29,146394,35,False,LOW
RD-21530,MCH-001,Pipe Bending Line A,Production,2018,6,2024-12-21,116.95,73.88,3.407,52.86,27552,24,False,LOW
RD-21531,MCH-002,Hydraulic Press #1,Production,2015,9,2023-02-18,145.63,89.43,3.342,33.32,135528,41,False,MEDIUM
RD-21532,MCH-003,CNC Lathe Station 3,Machining,2019,5,2023-07-09,131.1,85.35,6.402,38.57,30166,31,True,LOW
RD-21533,MCH-004,Valve Assembly Robot,Assembly,2020,4,2024-12-18,160.63,88.61,4.929,58.65,98004,20,False,LOW
RD-21534,MCH-005,Quality Test Bench,QA,2017,7,2023-12-26,85.3,86.75,6.121,57.32,118719,46,False,MEDIUM
RD-21535,MCH-006,Packaging Unit B,Logistics,2016,8,2023-02-18,166.28,85.96,3.262,50.13,26346,33,False,LOW
RD-21536,MCH-007,Hydraulic Press #2,Production,2014,10,2024-12-26,155.01,70.56,4.237,50.8,64776,36,False,LOW
RD-21537,MCH-008,Welding Station Alpha,Production,2021,3,2024-02-07,116.78,78.33,3.006,43.99,19548,12,False,LOW
RD-21538,MCH-009,Cooling Circuit Pump,Utilities,2013,11,2023-01-14,82.42,90.01,0.159,28.77,32936,50,False,MEDIUM
RD-21539,MCH-010,Conveyor System Main,Logistics,2016,8,2024-02-07,78.9,56.44,2.809,33.2,43971,42,False,MEDIUM
RD-21540,MCH-001,Pipe Bending Line A,Production,2018,6,2024-09-20,107.93,96.5,6.978,45.16,135003,53,False,MEDIUM
RD-21541,MCH-002,Hydraulic Press #1,Production,2015,9,2024-07-28,133.62,75.0,4.305,18.99,182264,36,False,LOW
RD-21542,MCH-003,CNC Lathe Station 3,Machining,2019,5,2024-07-02,158.26,61.79,3.421,55.97,84452,20,False,LOW
RD-21543,MCH-004,Valve Assembly Robot,Assembly,2020,4,2023-06-24,138.28,62.95,6.951,50.24,21076,31,True,LOW
RD-21544,MCH-005,Quality Test Bench,QA,2017,7,2023-03-14,72.53,89.01,4.965,42.41,34497,46,False,MEDIUM
RD-21545,MCH-006,Packaging Unit B,Logistics,2016,8,2023-09-18,180.34,52.93,5.297,42.74,109884,34,False,LOW
RD-21546,MCH-007,Hydraulic Press #2,Production,2014,10,2024-09-28,153.45,91.92,8.43,41.6,79436,71,False,HIGH
RD-21547,MCH-008,Welding Station Alpha,Production,2021,3,2024-06-19,117.13,105.74,4.823,41.25,13258,36,False,LOW
RD-21548,MCH-009,Cooling Circuit Pump,Utilities,2013,11,2024-06-17,103.67,57.46,3.092,52.75,198352,36,False,LOW
RD-21549,MCH-010,Conveyor System Main,Logistics,2016,8,2024-01-15,90.12,64.5,6.675,53.93,135834,50,False,MEDIUM
RD-21550,MCH-001,Pipe Bending Line A,Production,2018,6,2023-02-21,136.41,67.86,2.59,51.99,115230,24,True,LOW
RD-21551,MCH-002,Hydraulic Press #1,Production,2015,9,2024-07-16,131.07,77.36,3.342,43.18,178784,36,False,LOW
RD-21552,MCH-003,CNC Lathe Station 3,Machining,2019,5,2024-07-26,101.99,108.67,3.46,52.21,59356,48,False,MEDIUM
RD-21553,MCH-004,Valve Assembly Robot,Assembly,2020,4,2023-02-17,89.27,66.99,4.055,52.85,38016,21,False,LOW
RD-21554,MCH-005,Quality Test Bench,QA,2017,7,2024-05-13,98.76,94.89,4.517,40.89,136026,40,False,MEDIUM
RD-21555,MCH-006,Packaging Unit B,Logistics,2016,8,2024-05-05,125.39,90.55,8.675,45.88,49401,68,False,MEDIUM
RD-21556,MCH-007,Hydraulic Press #2,Production,2014,10,2023-06-21,123.28,73.96,4.777,49.39,118740,36,False,LOW
RD-21557,MCH-008,Welding Station Alpha,Production,2021,3,2023-05-09,132.7,85.54,3.341,45.14,58838,12,False,LOW
RD-21558,MCH-009,Cooling Circuit Pump,Utilities,2013,11,2023-05-31,111.36,57.95,5.785,42.51,102536,42,False,MEDIUM
RD-21559,MCH-010,Conveyor System Main,Logistics,2016,8,2024-04-24,142.2,93.38,0.671,44.18,92298,42,False,MEDIUM
RD-21560,MCH-001,Pipe Bending Line A,Production,2018,6,2024-07-22,122.23,61.62,5.34,35.17,115452,26,False,LOW
RD-21561,MCH-002,Hydraulic Press #1,Production,2015,9,2023-03-26,143.76,29.68,0.738,37.4,102456,36,True,LOW
RD-21562,MCH-003,CNC Lathe Station 3,Machining,2019,5,2024-09-06,90.96,59.31,2.936,33.55,23176,24,False,LOW
RD-21563,MCH-004,Valve Assembly Robot,Assembly,2020,4,2023-01-21,146.45,76.47,7.273,45.77,48142,34,True,LOW
RD-21564,MCH-005,Quality Test Bench,QA,2017,7,2024-04-25,73.58,70.02,4.954,48.8,31581,41,True,MEDIUM
RD-21565,MCH-006,Packaging Unit B,Logistics,2016,8,2024-02-20,137.97,72.72,0.499,52.71,42645,32,True,LOW
RD-21566,MCH-007,Hydraulic Press #2,Production,2014,10,2024-12-15,99.2,60.42,1.114,48.82,78540,36,False,LOW
RD-21567,MCH-008,Welding Station Alpha,Production,2021,3,2023-06-07,125.31,89.08,3.529,43.49,11074,16,False,LOW
RD-21568,MCH-009,Cooling Circuit Pump,Utilities,2013,11,2024-09-29,86.64,32.67,3.401,51.29,141592,42,False,MEDIUM
RD-21569,MCH-010,Conveyor System Main,Logistics,2016,8,2024-04-28,104.16,94.96,1.314,24.16,39288,43,True,MEDIUM
RD-21570,MCH-001,Pipe Bending Line A,Production,2018,6,2023-03-21,133.15,59.5,0.202,49.56,28725,24,True,LOW
RD-21571,MCH-002,Hydraulic Press #1,Production,2015,9,2024-04-21,151.47,71.07,0.805,42.02,107736,36,False,LOW
RD-21572,MCH-003,CNC Lathe Station 3,Machining,2019,5,2024-07-16,107.16,83.02,2.5,42.43,86702,20,False,LOW
RD-21573,MCH-004,Valve Assembly Robot,Assembly,2020,4,2024-01-29,127.15,71.97,5.398,50.59,90792,19,False,LOW
RD-21574,MCH-005,Quality Test Bench,QA,2017,7,2023-09-26,122.63,66.62,1.798,48.51,114372,28,False,LOW
RD-21575,MCH-006,Packaging Unit B,Logistics,2016,8,2024-11-04,100.27,70.37,5.143,49.62,29628,33,True,LOW
RD-21576,MCH-007,Hydraulic Press #2,Production,2014,10,2024-10-27,106.5,88.06,5.054,48.95,84476,40,False,MEDIUM
RD-21577,MCH-008,Welding Station Alpha,Production,2021,3,2024-08-27,159.59,87.43,0.383,49.82,13766,14,False,LOW
RD-21578,MCH-009,Cooling Circuit Pump,Utilities,2013,11,2024-08-07,142.49,71.1,7.446,45.39,144916,55,False,MEDIUM
RD-21579,MCH-010,Conveyor System Main,Logistics,2016,8,2024-07-31,132.68,82.01,3.191,45.8,38883,32,False,LOW
RD-21580,MCH-001,Pipe Bending Line A,Production,2018,6,2023-12-05,137.56,91.72,4.606,43.09,97791,32,False,LOW
RD-21581,MCH-002,Hydraulic Press #1,Production,2015,9,2024-08-01,102.08,70.4,0.499,51.48,169092,36,False,LOW
RD-21582,MCH-003,CNC Lathe Station 3,Machining,2019,5,2024-11-18,102.43,105.84,1.514,48.14,70864,45,False,MEDIUM
RD-21583,MCH-004,Valve Assembly Robot,Assembly,2020,4,2024-07-28,91.58,44.64,2.306,52.25,44210,20,False,LOW
RD-21584,MCH-005,Quality Test Bench,QA,2017,7,2023-08-13,131.43,54.58,7.806,61.01,58230,50,False,MEDIUM
RD-21585,MCH-006,Packaging Unit B,Logistics,2016,8,2024-12-17,101.53,41.63,3.508,53.25,36468,32,False,LOW
RD-21586,MCH-007,Hydraulic Press #2,Production,2014,10,2023-09-30,113.41,76.95,8.295,35.63,174964,62,False,MEDIUM
RD-21587,MCH-008,Welding Station Alpha,Production,2021,3,2024-04-20,116.66,58.98,5.207,41.15,15278,13,False,LOW
RD-21588,MCH-009,Cooling Circuit Pump,Utilities,2013,11,2023-11-26,108.21,80.75,0.308,44.46,81380,36,False,LOW
RD-21589,MCH-010,Conveyor System Main,Logistics,2016,8,2023-08-13,133.02,74.13,2.39,43.0,139191,32,False,LOW
RD-21590,MCH-001,Pipe Bending Line A,Production,2018,6,2023-08-11,69.89,31.99,4.583,44.53,80244,39,False,LOW
RD-21591,MCH-002,Hydraulic Press #1,Production,2015,9,2023-11-30,126.98,81.31,3.316,32.33,24320,36,False,LOW
RD-21592,MCH-003,CNC Lathe Station 3,Machining,2019,5,2024-10-24,107.9,66.01,0.862,51.25,54036,20,False,LOW
RD-21593,MCH-004,Valve Assembly Robot,Assembly,2020,4,2023-05-06,120.04,71.74,0.988,45.71,45204,16,False,LOW
RD-21594,MCH-005,Quality Test Bench,QA,2017,7,2024-12-25,111.98,67.36,5.746,41.43,113478,33,False,LOW
RD-21595,MCH-006,Packaging Unit B,Logistics,2016,8,2023-12-17,136.92,52.03,1.267,46.83,102144,32,True,LOW
RD-21596,MCH-007,Hydraulic Press #2,Production,2014,10,2024-04-25,134.12,76.96,6.219,62.66,115792,45,False,MEDIUM
RD-21597,MCH-008,Welding Station Alpha,Production,2021,3,2024-07-16,123.12,82.63,3.738,42.63,24922,12,False,LOW
RD-21598,MCH-009,Cooling Circuit Pump,Utilities,2013,11,2024-02-19,127.53,38.31,2.315,46.12,64716,36,True,LOW
RD-21599,MCH-010,Conveyor System Main,Logistics,2016,8,2024-11-10,89.56,82.17,3.308,49.66,22503,37,False,LOW
RD-21600,MCH-001,Pipe Bending Line A,Production,2018,6,2024-05-15,135.3,60.75,3.012,48.3,89898,24,False,LOW
RD-21601,MCH-002,Hydraulic Press #1,Production,2015,9,2024-07-26,105.26,43.26,6.619,43.06,165588,48,False,MEDIUM
RD-21602,MCH-003,CNC Lathe Station 3,Machining,2019,5,2023-04-17,123.73,57.62,2.487,40.91,33478,20,True,LOW
RD-21603,MCH-004,Valve Assembly Robot,Assembly,2020,4,2023-05-13,118.49,78.5,5.151,58.97,28726,17,False,LOW
RD-21604,MCH-005,Quality Test Bench,QA,2017,7,2023-03-31,146.74,81.98,0.743,40.28,61719,28,False,LOW
RD-21605,MCH-006,Packaging Unit B,Logistics,2016,8,2023-12-17,133.11,56.81,7.096,42.23,29202,48,False,MEDIUM
RD-21606,MCH-007,Hydraulic Press #2,Production,2014,10,2024-03-16,148.78,84.88,0.917,35.27,46572,36,False,LOW
RD-21607,MCH-008,Welding Station Alpha,Production,2021,3,2024-07-03,97.59,86.31,4.697,48.12,82712,14,False,LOW
RD-21608,MCH-009,Cooling Circuit Pump,Utilities,2013,11,2024-10-30,97.65,70.01,1.597,50.32,36360,37,False,LOW
RD-21609,MCH-010,Conveyor System Main,Logistics,2016,8,2024-06-11,150.11,47.2,6.644,51.42,16203,45,False,MEDIUM
RD-21610,MCH-001,Pipe Bending Line A,Production,2018,6,2023-08-06,118.39,96.18,2.697,52.17,23901,37,True,LOW
RD-21611,MCH-002,Hydraulic Press #1,Production,2015,9,2023-08-08,114.15,104.25,2.56,41.34,143224,59,True,MEDIUM
RD-21612,MCH-003,CNC Lathe Station 3,Machining,2019,5,2023-05-21,124.26,65.89,5.533,55.08,42166,24,False,LOW
RD-21613,MCH-004,Valve Assembly Robot,Assembly,2020,4,2024-04-19,132.14,76.92,6.551,56.02,50406,28,False,LOW
RD-21614,MCH-005,Quality Test Bench,QA,2017,7,2024-01-23,131.15,79.29,2.896,34.44,106512,28,False,LOW
RD-21615,MCH-006,Packaging Unit B,Logistics,2016,8,2024-02-01,165.88,62.6,1.0,36.33,22242,32,False,LOW
RD-21616,MCH-007,Hydraulic Press #2,Production,2014,10,2023-01-25,152.73,75.12,0.576,63.21,187060,36,False,LOW
RD-21617,MCH-008,Welding Station Alpha,Production,2021,3,2023-05-08,137.94,76.77,4.288,56.93,62520,12,False,LOW
RD-21618,MCH-009,Cooling Circuit Pump,Utilities,2013,11,2024-08-04,83.53,68.11,3.588,48.88,40600,44,False,MEDIUM
RD-21619,MCH-010,Conveyor System Main,Logistics,2016,8,2023-03-02,93.25,88.34,1.367,55.3,95244,39,False,LOW
RD-21620,MCH-001,Pipe Bending Line A,Production,2018,6,2024-12-18,157.51,62.22,6.042,51.15,135723,32,False,LOW
RD-21621,MCH-002,Hydraulic Press #1,Production,2015,9,2023-06-12,106.23,75.18,5.678,58.84,24268,41,False,MEDIUM
RD-21622,MCH-003,CNC Lathe Station 3,Machining,2019,5,2023-06-10,138.18,63.46,4.312,46.44,53032,20,False,LOW
RD-21623,MCH-004,Valve Assembly Robot,Assembly,2020,4,2024-07-01,126.92,50.16,4.993,53.08,81380,16,False,LOW
RD-21624,MCH-005,Quality Test Bench,QA,2017,7,2023-11-19,117.43,93.95,5.921,34.73,103137,46,False,MEDIUM
RD-21625,MCH-006,Packaging Unit B,Logistics,2016,8,2024-05-23,91.47,81.64,1.384,38.59,106269,36,False,LOW
RD-21626,MCH-007,Hydraulic Press #2,Production,2014,10,2023-04-09,119.55,117.07,5.804,36.94,71112,80,True,HIGH
RD-21627,MCH-008,Welding Station Alpha,Production,2021,3,2024-02-13,79.42,77.44,4.787,55.68,67880,22,False,LOW
RD-21628,MCH-009,Cooling Circuit Pump,Utilities,2013,11,2023-11-14,101.32,50.62,2.33,37.27,170820,36,False,LOW
RD-21629,MCH-010,Conveyor System Main,Logistics,2016,8,2024-12-24,159.08,76.89,5.911,49.69,143733,39,False,LOW
RD-21630,MCH-001,Pipe Bending Line A,Production,2018,6,2023-02-03,124.22,73.9,1.781,52.85,110967,24,True,LOW
RD-21631,MCH-002,Hydraulic Press #1,Production,2015,9,2024-12-23,87.93,58.16,6.79,51.92,191404,56,False,MEDIUM
RD-21632,MCH-003,CNC Lathe Station 3,Machining,2019,5,2023-08-01,128.51,84.55,1.709,32.53,72286,20,False,LOW
RD-21633,MCH-004,Valve Assembly Robot,Assembly,2020,4,2023-11-02,150.2,72.51,4.204,49.54,40750,16,False,LOW
RD-21634,MCH-005,Quality Test Bench,QA,2017,7,2023-12-12,116.39,86.99,6.072,53.05,123495,38,False,LOW
RD-21635,MCH-006,Packaging Unit B,Logistics,2016,8,2024-03-18,139.22,120.35,2.754,43.03,53589,74,True,HIGH
RD-21636,MCH-007,Hydraulic Press #2,Production,2014,10,2023-12-09,134.06,108.17,3.696,33.11,100212,63,False,MEDIUM
RD-21637,MCH-008,Welding Station Alpha,Production,2021,3,2023-01-22,107.88,89.76,2.61,46.59,62954,17,False,LOW
RD-21638,MCH-009,Cooling Circuit Pump,Utilities,2013,11,2024-03-14,141.11,88.12,3.974,38.85,198332,39,True,LOW
RD-21639,MCH-010,Conveyor System Main,Logistics,2016,8,2023-06-22,78.71,58.37,3.117,40.22,19056,42,True,MEDIUM
RD-21640,MCH-001,Pipe Bending Line A,Production,2018,6,2023-10-05,143.69,63.06,6.029,52.12,136578,32,True,LOW
RD-21641,MCH-002,Hydraulic Press #1,Production,2015,9,2024-11-02,100.75,75.99,2.688,55.46,38976,36,False,LOW
RD-21642,MCH-003,CNC Lathe Station 3,Machining,2019,5,2024-12-02,121.61,107.64,5.268,35.99,40746,49,False,MEDIUM
RD-21643,MCH-004,Valve Assembly Robot,Assembly,2020,4,2024-10-25,149.31,74.91,5.777,39.05,61346,22,False,LOW
RD-21644,MCH-005,Quality Test Bench,QA,2017,7,2023-05-29,118.77,89.8,1.033,37.45,25965,33,False,LOW
RD-21645,MCH-006,Packaging Unit B,Logistics,2016,8,2024-07-03,131.31,78.94,5.472,53.2,109209,35,False,LOW
RD-21646,MCH-007,Hydraulic Press #2,Production,2014,10,2024-08-05,133.69,55.14,0.728,64.2,104712,36,False,LOW
RD-21647,MCH-008,Welding Station Alpha,Production,2021,3,2024-12-15,115.33,96.51,3.911,52.79,91612,25,False,LOW
RD-21648,MCH-009,Cooling Circuit Pump,Utilities,2013,11,2023-04-14,95.56,53.99,2.776,58.08,24712,38,True,LOW
RD-21649,MCH-010,Conveyor System Main,Logistics,2016,8,2023-06-14,168.21,66.19,0.27,45.23,87720,32,False,LOW
RD-21650,MCH-001,Pipe Bending Line A,Production,2018,6,2023-06-27,130.2,60.36,7.07,50.16,27960,40,False,MEDIUM
RD-21651,MCH-002,Hydraulic Press #1,Production,2015,9,2024-04-17,108.99,87.07,6.015,52.14,103380,46,False,MEDIUM
RD-21652,MCH-003,CNC Lathe Station 3,Machining,2019,5,2024-02-04,106.22,79.28,4.73,38.62,78880,20,False,LOW
RD-21653,MCH-004,Valve Assembly Robot,Assembly,2020,4,2024-12-20,113.73,71.74,3.87,55.23,83492,16,False,LOW
RD-21654,MCH-005,Quality Test Bench,QA,2017,7,2024-01-03,122.91,62.53,1.59,43.69,70743,28,False,LOW
RD-21655,MCH-006,Packaging Unit B,Logistics,2016,8,2023-03-23,108.84,83.38,3.613,37.86,133341,32,True,LOW
RD-21656,MCH-007,Hydraulic Press #2,Production,2014,10,2024-01-30,89.93,71.4,0.112,36.87,160772,41,False,MEDIUM
RD-21657,MCH-008,Welding Station Alpha,Production,2021,3,2024-08-26,127.68,96.46,3.233,46.81,43888,25,False,LOW
RD-21658,MCH-009,Cooling Circuit Pump,Utilities,2013,11,2023-02-13,89.99,86.56,1.875,37.64,164896,42,True,MEDIUM
RD-21659,MCH-010,Conveyor System Main,Logistics,2016,8,2023-11-07,123.6,111.34,4.992,56.84,90390,63,False,MEDIUM
RD-21660,MCH-001,Pipe Bending Line A,Production,2018,6,2024-07-31,140.35,87.32,4.332,39.74,125418,26,False,LOW
RD-21661,MCH-002,Hydraulic Press #1,Production,2015,9,2023-09-11,138.66,53.94,0.959,48.51,105400,36,False,LOW
RD-21662,MCH-003,CNC Lathe Station 3,Machining,2019,5,2023-09-14,109.46,92.81,3.805,47.35,79946,29,False,LOW
RD-21663,MCH-004,Valve Assembly Robot,Assembly,2020,4,2023-11-05,141.41,65.23,6.895,40.56,35802,31,False,LOW
RD-21664,MCH-005,Quality Test Bench,QA,2017,7,2024-05-07,117.52,87.0,5.553,50.18,89082,34,False,LOW
RD-21665,MCH-006,Packaging Unit B,Logistics,2016,8,2023-11-20,122.19,56.38,1.445,46.73,96483,32,False,LOW
RD-21666,MCH-007,Hydraulic Press #2,Production,2014,10,2024-01-29,107.78,78.74,6.22,48.41,136920,45,False,MEDIUM
RD-21667,MCH-008,Welding Station Alpha,Production,2021,3,2024-02-03,115.83,61.18,5.023,35.2,17374,12,False,LOW
RD-21668,MCH-009,Cooling Circuit Pump,Utilities,2013,11,2024-11-27,143.1,68.21,0.196,50.98,171504,36,False,LOW
RD-21669,MCH-010,Conveyor System Main,Logistics,2016,8,2024-07-18,114.25,82.34,2.391,50.74,102198,32,False,LOW
RD-21670,MCH-001,Pipe Bending Line A,Production,2018,6,2024-04-21,104.3,91.62,5.316,41.76,147003,34,False,LOW
RD-21671,MCH-002,Hydraulic Press #1,Production,2015,9,2023-11-09,157.82,88.48,6.368,37.22,67100,51,False,MEDIUM
RD-21672,MCH-003,CNC Lathe Station 3,Machining,2019,5,2024-03-17,106.97,87.48,3.196,41.68,69416,22,False,LOW
RD-21673,MCH-004,Valve Assembly Robot,Assembly,2020,4,2024-07-25,114.25,62.96,4.286,49.69,29024,16,False,LOW
RD-21674,MCH-005,Quality Test Bench,QA,2017,7,2024-03-06,107.14,60.14,8.001,46.92,67941,52,False,MEDIUM
RD-21675,MCH-006,Packaging Unit B,Logistics,2016,8,2023-07-23,117.13,88.83,1.624,47.89,83634,36,False,LOW
RD-21676,MCH-007,Hydraulic Press #2,Production,2014,10,2023-06-22,139.18,61.65,0.608,43.38,66392,36,True,LOW
RD-21677,MCH-008,Welding Station Alpha,Production,2021,3,2023-10-10,113.2,65.86,2.493,37.95,26374,12,False,LOW
RD-21678,MCH-009,Cooling Circuit Pump,Utilities,2013,11,2024-11-10,161.02,86.38,5.754,53.34,29120,43,False,MEDIUM
RD-21679,MCH-010,Conveyor System Main,Logistics,2016,8,2024-09-20,128.29,100.7,5.789,50.01,51450,57,True,MEDIUM
RD-21680,MCH-001,Pipe Bending Line A,Production,2018,6,2024-07-10,156.18,24.42,5.155,44.82,39357,25,True,LOW
RD-21681,MCH-002,Hydraulic Press #1,Production,2015,9,2023-03-13,161.03,89.88,2.386,37.89,23132,41,False,MEDIUM
RD-21682,MCH-003,CNC Lathe Station 3,Machining,2019,5,2023-12-30,112.26,70.35,9.708,53.55,34270,57,False,MEDIUM
RD-21683,MCH-004,Valve Assembly Robot,Assembly,2020,4,2023-10-28,106.56,76.14,1.498,56.56,74232,16,False,LOW
RD-21684,MCH-005,Quality Test Bench,QA,2017,7,2023-01-07,127.53,90.83,2.373,31.48,93525,34,False,LOW
RD-21685,MCH-006,Packaging Unit B,Logistics,2016,8,2023-11-15,114.55,62.24,6.779,43.48,149517,46,False,MEDIUM
RD-21686,MCH-007,Hydraulic Press #2,Production,2014,10,2024-01-16,119.33,67.73,2.946,48.31,188744,36,False,LOW
RD-21687,MCH-008,Welding Station Alpha,Production,2021,3,2023-07-29,80.81,74.64,4.103,43.96,54128,21,False,LOW
RD-21688,MCH-009,Cooling Circuit Pump,Utilities,2013,11,2024-12-27,111.41,70.65,3.441,43.3,171488,36,True,LOW
RD-21689,MCH-010,Conveyor System Main,Logistics,2016,8,2024-10-30,122.89,69.54,7.376,54.9,87021,51,False,MEDIUM
RD-21690,MCH-001,Pipe Bending Line A,Production,2018,6,2023-05-12,139.43,97.76,1.939,55.25,75252,39,True,LOW
RD-21691,MCH-002,Hydraulic Press #1,Production,2015,9,2023-12-20,113.47,63.06,5.966,48.3,120396,43,True,MEDIUM
RD-21692,MCH-003,CNC Lathe Station 3,Machining,2019,5,2024-11-27,114.5,69.75,3.607,49.24,71036,20,False,LOW
RD-21693,MCH-004,Valve Assembly Robot,Assembly,2020,4,2023-07-31,112.94,77.68,1.419,45.65,85394,16,False,LOW
RD-21694,MCH-005,Quality Test Bench,QA,2017,7,2023-06-26,127.44,73.79,6.958,49.98,80436,43,False,MEDIUM
RD-21695,MCH-006,Packaging Unit B,Logistics,2016,8,2024-01-19,129.52,71.95,5.414,45.79,113076,35,False,LOW
RD-21696,MCH-007,Hydraulic Press #2,Production,2014,10,2024-03-03,127.88,34.19,2.325,47.31,185592,36,False,LOW
RD-21697,MCH-008,Welding Station Alpha,Production,2021,3,2024-10-12,107.5,60.51,3.285,50.87,17842,12,False,LOW
RD-21698,MCH-009,Cooling Circuit Pump,Utilities,2013,11,2024-06-07,92.0,69.42,6.645,49.05,167448,53,False,MEDIUM
RD-21699,MCH-010,Conveyor System Main,Logistics,2016,8,2024-07-08,158.63,69.47,2.128,39.98,58296,32,False,LOW
RD-21700,MCH-001,Pipe Bending Line A,Production,2018,6,2024-06-05,147.54,60.79,1.744,47.44,73971,24,False,LOW
RD-21701,MCH-002,Hydraulic Press #1,Production,2015,9,2024-07-18,116.1,81.44,6.331,53.95,92132,46,False,MEDIUM
RD-21702,MCH-003,CNC Lathe Station 3,Machining,2019,5,2023-04-30,160.48,73.4,2.528,41.48,25182,20,False,LOW
RD-21703,MCH-004,Valve Assembly Robot,Assembly,2020,4,2024-07-21,75.39,74.91,3.09,60.78,25302,28,True,LOW
RD-21704,MCH-005,Quality Test Bench,QA,2017,7,2023-05-11,132.35,70.95,2.179,42.07,88824,28,True,LOW
RD-21705,MCH-006,Packaging Unit B,Logistics,2016,8,2024-12-03,123.68,61.04,3.482,34.79,91176,32,False,LOW
RD-21706,MCH-007,Hydraulic Press #2,Production,2014,10,2023-04-18,109.14,37.63,1.98,60.47,65468,36,True,LOW
RD-21707,MCH-008,Welding Station Alpha,Production,2021,3,2023-12-28,122.1,37.27,3.625,47.25,25386,12,False,LOW
RD-21708,MCH-009,Cooling Circuit Pump,Utilities,2013,11,2023-07-03,113.51,86.97,3.132,53.76,105732,38,False,LOW
RD-21709,MCH-010,Conveyor System Main,Logistics,2016,8,2024-03-12,128.82,58.84,0.194,44.71,24246,32,True,LOW
RD-21710,MCH-001,Pipe Bending Line A,Production,2018,6,2023-08-04,153.84,81.74,4.782,46.84,23403,24,False,LOW
RD-21711,MCH-002,Hydraulic Press #1,Production,2015,9,2024-06-05,158.43,118.13,4.452,37.23,199500,75,True,HIGH
RD-21712,MCH-003,CNC Lathe Station 3,Machining,2019,5,2024-01-11,124.6,55.06,7.379,52.6,55776,39,False,LOW
RD-21713,MCH-004,Valve Assembly Robot,Assembly,2020,4,2023-03-17,128.75,50.96,7.985,44.5,50090,39,False,LOW
RD-21714,MCH-005,Quality Test Bench,QA,2017,7,2023-11-08,109.26,70.32,1.033,36.89,24990,28,False,LOW
RD-21715,MCH-006,Packaging Unit B,Logistics,2016,8,2023-12-04,169.96,68.49,3.757,44.46,113274,32,True,LOW
RD-21716,MCH-007,Hydraulic Press #2,Production,2014,10,2023-12-26,98.36,77.06,1.317,46.83,188348,36,False,LOW
RD-21717,MCH-008,Welding Station Alpha,Production,2021,3,2023-06-13,174.55,64.84,4.115,35.1,95962,12,False,LOW
RD-21718,MCH-009,Cooling Circuit Pump,Utilities,2013,11,2024-11-29,148.55,102.92,1.935,33.71,33188,57,True,MEDIUM
RD-21719,MCH-010,Conveyor System Main,Logistics,2016,8,2023-09-02,131.56,75.2,3.211,50.4,74019,32,False,LOW
RD-21720,MCH-001,Pipe Bending Line A,Production,2018,6,2024-10-27,105.69,75.3,5.637,47.22,57984,29,False,LOW
RD-21721,MCH-002,Hydraulic Press #1,Production,2015,9,2023-01-23,109.56,50.57,3.242,39.44,62988,36,False,LOW
RD-21722,MCH-003,CNC Lathe Station 3,Machining,2019,5,2023-05-03,110.44,63.58,1.239,44.82,12186,20,False,LOW
RD-21723,MCH-004,Valve Assembly Robot,Assembly,2020,4,2024-12-16,125.45,95.14,3.615,44.37,43700,28,False,LOW
RD-21724,MCH-005,Quality Test Bench,QA,2017,7,2024-06-29,67.68,69.08,6.122,46.25,131238,53,True,MEDIUM
RD-21725,MCH-006,Packaging Unit B,Logistics,2016,8,2023-11-11,107.47,93.37,1.247,48.49,91449,42,True,MEDIUM
RD-21726,MCH-007,Hydraulic Press #2,Production,2014,10,2024-03-21,104.84,106.85,3.089,51.81,93924,62,False,MEDIUM
RD-21727,MCH-008,Welding Station Alpha,Production,2021,3,2024-01-23,92.46,50.01,1.203,45.79,20114,15,False,LOW
RD-21728,MCH-009,Cooling Circuit Pump,Utilities,2013,11,2023-06-19,142.73,74.01,5.602,47.7,160336,40,False,MEDIUM
RD-21729,MCH-010,Conveyor System Main,Logistics,2016,8,2024-09-09,108.02,93.65,6.406,54.77,45960,53,False,MEDIUM
RD-21730,MCH-001,Pipe Bending Line A,Production,2018,6,2023-03-15,91.71,72.3,4.164,48.05,89421,28,False,LOW
RD-21731,MCH-002,Hydraulic Press #1,Production,2015,9,2024-02-01,120.9,74.46,8.372,45.83,144964,62,False,MEDIUM
RD-21732,MCH-003,CNC Lathe Station 3,Machining,2019,5,2024-12-16,144.48,80.97,7.26,44.76,98094,38,False,LOW
RD-21733,MCH-004,Valve Assembly Robot,Assembly,2020,4,2023-07-21,110.01,95.69,1.829,44.39,69032,28,False,LOW
RD-21734,MCH-005,Quality Test Bench,QA,2017,7,2024-12-20,113.84,66.74,0.918,43.67,110697,28,False,LOW
RD-21735,MCH-006,Packaging Unit B,Logistics,2016,8,2023-11-18,137.8,80.53,7.808,38.44,47955,54,False,MEDIUM
RD-21736,MCH-007,Hydraulic Press #2,Production,2014,10,2023-10-07,105.83,63.8,3.893,43.83,29664,36,True,LOW
RD-21737,MCH-008,Welding Station Alpha,Production,2021,3,2023-09-04,114.48,51.59,5.076,48.0,84540,12,False,LOW
RD-21738,MCH-009,Cooling Circuit Pump,Utilities,2013,11,2024-07-31,107.6,70.52,7.844,43.6,86264,58,True,MEDIUM
RD-21739,MCH-010,Conveyor System Main,Logistics,2016,8,2024-09-29,136.23,77.86,0.69,38.06,120414,32,False,LOW
RD-21740,MCH-001,Pipe Bending Line A,Production,2018,6,2024-11-30,136.67,97.24,5.145,50.1,111669,39,False,LOW
RD-21741,MCH-002,Hydraulic Press #1,Production,2015,9,2023-07-15,85.5,44.47,10.657,62.64,50156,88,False,HIGH
RD-21742,MCH-003,CNC Lathe Station 3,Machining,2019,5,2023-11-01,131.52,103.97,2.536,45.1,33996,42,True,MEDIUM
RD-21743,MCH-004,Valve Assembly Robot,Assembly,2020,4,2023-11-20,109.5,96.85,1.826,55.69,17330,30,False,LOW
RD-21744,MCH-005,Quality Test Bench,QA,2017,7,2023-12-17,168.03,81.52,8.904,49.94,96261,59,False,MEDIUM
RD-21745,MCH-006,Packaging Unit B,Logistics,2016,8,2023-06-26,128.62,71.74,2.917,41.69,99774,32,False,LOW
RD-21746,MCH-007,Hydraulic Press #2,Production,2014,10,2023-04-21,154.19,78.93,5.343,45.27,195504,38,False,LOW
RD-21747,MCH-008,Welding Station Alpha,Production,2021,3,2024-07-25,141.2,72.55,1.804,36.98,77280,12,False,LOW
RD-21748,MCH-009,Cooling Circuit Pump,Utilities,2013,11,2023-12-02,103.35,58.16,1.574,37.87,117060,36,False,LOW
RD-21749,MCH-010,Conveyor System Main,Logistics,2016,8,2024-09-28,146.87,65.83,5.112,50.79,67170,32,False,LOW
RD-21750,MCH-001,Pipe Bending Line A,Production,2018,6,2023-08-03,84.16,60.99,5.102,46.92,31668,32,False,LOW
RD-21751,MCH-002,Hydraulic Press #1,Production,2015,9,2024-06-30,105.84,46.59,4.335,65.02,107216,36,False,LOW
RD-21752,MCH-003,CNC Lathe Station 3,Machining,2019,5,2024-05-14,104.95,78.45,5.197,45.94,93904,21,False,LOW
RD-21753,MCH-004,Valve Assembly Robot,Assembly,2020,4,2023-12-23,99.07,70.93,1.394,40.6,91926,16,True,LOW
RD-21754,MCH-005,Quality Test Bench,QA,2017,7,2023-06-14,86.66,73.97,4.326,43.83,39390,34,True,LOW
RD-21755,MCH-006,Packaging Unit B,Logistics,2016,8,2024-03-11,113.71,103.54,7.883,38.48,54561,77,False,HIGH
RD-21756,MCH-007,Hydraulic Press #2,Production,2014,10,2023-03-04,105.73,64.63,3.406,45.29,32276,36,False,LOW
RD-21757,MCH-008,Welding Station Alpha,Production,2021,3,2024-09-04,116.61,54.42,5.943,44.95,62960,19,False,LOW
RD-21758,MCH-009,Cooling Circuit Pump,Utilities,2013,11,2023-04-28,104.92,71.21,7.503,36.39,72268,56,False,MEDIUM
RD-21759,MCH-010,Conveyor System Main,Logistics,2016,8,2023-11-30,168.94,61.29,0.197,47.08,86712,32,False,LOW
RD-21760,MCH-001,Pipe Bending Line A,Production,2018,6,2024-11-15,117.04,83.0,3.581,48.83,106230,24,False,LOW
RD-21761,MCH-002,Hydraulic Press #1,Production,2015,9,2023-12-14,116.44,53.31,3.366,42.66,43676,36,True,LOW
RD-21762,MCH-003,CNC Lathe Station 3,Machining,2019,5,2024-11-18,110.6,80.13,0.505,44.4,85416,20,False,LOW
RD-21763,MCH-004,Valve Assembly Robot,Assembly,2020,4,2024-09-26,164.03,58.49,6.071,46.36,77496,24,False,LOW
RD-21764,MCH-005,Quality Test Bench,QA,2017,7,2023-09-04,123.07,100.58,2.488,45.37,33561,46,False,MEDIUM
RD-21765,MCH-006,Packaging Unit B,Logistics,2016,8,2023-09-26,139.18,77.96,2.482,56.9,34722,32,False,LOW
RD-21766,MCH-007,Hydraulic Press #2,Production,2014,10,2024-02-14,152.77,61.89,3.773,32.42,38748,36,False,LOW
RD-21767,MCH-008,Welding Station Alpha,Production,2021,3,2023-11-24,139.39,102.67,5.775,47.39,20582,39,False,LOW
RD-21768,MCH-009,Cooling Circuit Pump,Utilities,2013,11,2023-02-20,103.39,74.25,0.997,58.24,168652,36,False,LOW
RD-21769,MCH-010,Conveyor System Main,Logistics,2016,8,2024-07-02,185.4,85.2,0.274,45.24,60267,32,False,LOW
RD-21770,MCH-001,Pipe Bending Line A,Production,2018,6,2023-08-29,118.61,83.77,3.201,45.51,23874,24,False,LOW
RD-21771,MCH-002,Hydraulic Press #1,Production,2015,9,2024-05-31,190.52,62.2,1.473,51.97,30132,36,True,LOW
RD-21772,MCH-003,CNC Lathe Station 3,Machining,2019,5,2023-05-30,112.58,63.7,1.675,43.79,84110,20,True,LOW
RD-21773,MCH-004,Valve Assembly Robot,Assembly,2020,4,2023-08-09,124.4,90.97,7.898,33.93,65556,46,True,MEDIUM
RD-21774,MCH-005,Quality Test Bench,QA,2017,7,2023-11-05,146.81,68.84,1.176,46.55,65853,28,False,LOW
RD-21775,MCH-006,Packaging Unit B,Logistics,2016,8,2023-07-08,123.26,87.94,2.47,49.24,33834,35,False,LOW
RD-21776,MCH-007,Hydraulic Press #2,Production,2014,10,2024-09-20,115.47,73.48,2.377,44.6,99916,36,False,LOW
RD-21777,MCH-008,Welding Station Alpha,Production,2021,3,2023-07-02,133.96,59.4,2.926,52.3,75904,12,False,LOW
RD-21778,MCH-009,Cooling Circuit Pump,Utilities,2013,11,2024-05-21,122.83,69.75,2.768,58.39,110220,36,False,LOW
RD-21779,MCH-010,Conveyor System Main,Logistics,2016,8,2024-07-26,122.89,57.78,2.207,54.93,43827,32,False,LOW
RD-21780,MCH-001,Pipe Bending Line A,Production,2018,6,2024-08-27,94.73,72.19,0.498,46.92,47814,26,False,LOW
RD-21781,MCH-002,Hydraulic Press #1,Production,2015,9,2023-03-14,99.36,86.8,1.906,54.46,82480,38,False,LOW
RD-21782,MCH-003,CNC Lathe Station 3,Machining,2019,5,2023-12-17,90.43,90.45,0.109,39.68,21398,31,False,LOW
RD-21783,MCH-004,Valve Assembly Robot,Assembly,2020,4,2024-11-28,99.04,78.78,1.424,41.33,84270,16,False,LOW
RD-21784,MCH-005,Quality Test Bench,QA,2017,7,2023-08-11,156.13,75.77,0.138,38.07,99537,28,False,LOW
RD-21785,MCH-006,Packaging Unit B,Logistics,2016,8,2024-10-10,97.4,69.34,5.081,40.51,141054,33,False,LOW
RD-21786,MCH-007,Hydraulic Press #2,Production,2014,10,2024-08-24,96.51,81.38,0.399,33.22,162008,37,False,LOW
RD-21787,MCH-008,Welding Station Alpha,Production,2021,3,2023-02-12,119.07,73.36,0.443,50.8,18228,12,False,LOW
RD-21788,MCH-009,Cooling Circuit Pump,Utilities,2013,11,2023-02-17,141.23,71.62,1.958,54.16,176872,36,False,LOW
RD-21789,MCH-010,Conveyor System Main,Logistics,2016,8,2023-01-21,130.31,82.74,6.104,31.97,40224,40,False,MEDIUM
RD-21790,MCH-001,Pipe Bending Line A,Production,2018,6,2024-11-20,162.72,79.46,3.834,40.42,28944,24,False,LOW
RD-21791,MCH-002,Hydraulic Press #1,Production,2015,9,2023-03-28,132.45,85.06,6.553,29.07,179272,48,False,MEDIUM
RD-21792,MCH-003,CNC Lathe Station 3,Machining,2019,5,2024-03-24,142.54,80.66,1.841,30.89,72148,20,False,LOW
RD-21793,MCH-004,Valve Assembly Robot,Assembly,2020,4,2023-04-01,95.99,68.39,1.323,60.32,68492,18,False,LOW
RD-21794,MCH-005,Quality Test Bench,QA,2017,7,2024-04-27,112.78,89.05,4.175,38.41,145182,32,False,LOW
RD-21795,MCH-006,Packaging Unit B,Logistics,2016,8,2023-07-28,110.26,84.07,5.144,43.38,68277,33,False,LOW
RD-21796,MCH-007,Hydraulic Press #2,Production,2014,10,2023-02-16,146.26,98.02,3.477,44.71,111512,51,True,MEDIUM
RD-21797,MCH-008,Welding Station Alpha,Production,2021,3,2023-11-30,155.29,113.48,6.313,48.96,18280,56,False,MEDIUM
RD-21798,MCH-009,Cooling Circuit Pump,Utilities,2013,11,2023-06-24,219.55,59.2,3.073,56.85,178212,36,False,LOW
RD-21799,MCH-010,Conveyor System Main,Logistics,2016,8,2023-07-13,111.31,70.54,3.347,45.8,112362,32,False,LOW
RD-21800,MCH-001,Pipe Bending Line A,Production,2018,6,2023-01-14,80.61,100.54,1.14,38.95,138552,52,True,MEDIUM
RD-21801,MCH-002,Hydraulic Press #1,Production,2015,9,2023-07-07,126.38,90.22,2.376,64.12,21240,42,False,MEDIUM
RD-21802,MCH-003,CNC Lathe Station 3,Machining,2019,5,2024-06-23,144.61,62.78,3.326,49.7,44762,20,False,LOW
RD-21803,MCH-004,Valve Assembly Robot,Assembly,2020,4,2023-06-24,146.6,86.44,4.734,53.76,98784,17,False,LOW
RD-21804,MCH-005,Quality Test Bench,QA,2017,7,2023-08-17,107.03,104.84,6.897,44.29,71553,66,True,MEDIUM
RD-21805,MCH-006,Packaging Unit B,Logistics,2016,8,2024-02-04,138.73,65.79,11.095,55.44,122739,80,False,HIGH
RD-21806,MCH-007,Hydraulic Press #2,Production,2014,10,2023-11-25,106.67,92.81,3.542,46.56,106156,45,False,MEDIUM
RD-21807,MCH-008,Welding Station Alpha,Production,2021,3,2024-10-12,100.08,73.49,3.437,44.3,75662,12,False,LOW
RD-21808,MCH-009,Cooling Circuit Pump,Utilities,2013,11,2023-12-18,95.94,62.44,0.37,42.69,26708,38,True,LOW
RD-21809,MCH-010,Conveyor System Main,Logistics,2016,8,2024-09-02,133.56,88.95,5.527,55.97,127065,40,True,MEDIUM
RD-21810,MCH-001,Pipe Bending Line A,Production,2018,6,2024-05-23,118.97,80.75,1.23,62.01,45090,24,True,LOW
RD-21811,MCH-002,Hydraulic Press #1,Production,2015,9,2024-12-15,152.97,83.15,0.264,39.91,60388,36,False,LOW
RD-21812,MCH-003,CNC Lathe Station 3,Machining,2019,5,2023-02-02,106.22,64.89,0.393,40.41,90158,20,False,LOW
RD-21813,MCH-004,Valve Assembly Robot,Assembly,2020,4,2024-08-26,93.35,70.4,1.511,56.8,41656,19,False,LOW
RD-21814,MCH-005,Quality Test Bench,QA,2017,7,2024-05-15,104.61,66.17,1.644,40.92,83691,28,False,LOW
RD-21815,MCH-006,Packaging Unit B,Logistics,2016,8,2024-01-22,68.1,85.64,0.066,42.24,24819,48,False,MEDIUM
RD-21816,MCH-007,Hydraulic Press #2,Production,2014,10,2024-03-25,102.23,65.4,3.772,29.05,146596,36,False,LOW
RD-21817,MCH-008,Welding Station Alpha,Production,2021,3,2024-01-08,113.53,90.08,5.099,42.16,82998,18,False,LOW
RD-21818,MCH-009,Cooling Circuit Pump,Utilities,2013,11,2024-01-08,110.14,79.45,1.497,49.58,88684,36,False,LOW
RD-21819,MCH-010,Conveyor System Main,Logistics,2016,8,2024-10-17,124.72,67.81,7.254,42.14,105342,50,False,MEDIUM
RD-21820,MCH-001,Pipe Bending Line A,Production,2018,6,2024-05-04,108.46,62.58,1.868,49.72,104694,24,False,LOW
RD-21821,MCH-002,Hydraulic Press #1,Production,2015,9,2023-12-09,126.39,73.88,1.046,55.41,72176,36,False,LOW
RD-21822,MCH-003,CNC Lathe Station 3,Machining,2019,5,2024-01-23,102.66,80.72,4.992,44.64,22872,20,False,LOW
RD-21823,MCH-004,Valve Assembly Robot,Assembly,2020,4,2024-12-15,122.31,87.78,0.107,53.08,51978,19,False,LOW
RD-21824,MCH-005,Quality Test Bench,QA,2017,7,2024-12-05,136.64,85.69,6.932,51.64,87216,44,False,MEDIUM
RD-21825,MCH-006,Packaging Unit B,Logistics,2016,8,2023-02-21,99.45,58.93,5.353,44.05,53412,35,False,LOW
RD-21826,MCH-007,Hydraulic Press #2,Production,2014,10,2024-04-10,125.3,103.5,1.819,46.25,116400,58,False,MEDIUM
RD-21827,MCH-008,Welding Station Alpha,Production,2021,3,2024-01-18,124.52,49.7,3.281,41.63,11300,12,False,LOW
RD-21828,MCH-009,Cooling Circuit Pump,Utilities,2013,11,2023-08-27,142.29,93.73,7.018,45.13,88136,62,False,MEDIUM
RD-21829,MCH-010,Conveyor System Main,Logistics,2016,8,2023-11-10,112.49,88.58,6.767,46.68,26046,50,True,MEDIUM
RD-21830,MCH-001,Pipe Bending Line A,Production,2018,6,2024-09-20,108.01,67.44,3.403,34.38,20187,24,False,LOW
RD-21831,MCH-002,Hydraulic Press #1,Production,2015,9,2023-01-10,152.28,80.49,4.863,43.33,73040,36,False,LOW
RD-21832,MCH-003,CNC Lathe Station 3,Machining,2019,5,2024-01-17,107.2,84.12,2.532,57.83,46784,20,False,LOW
RD-21833,MCH-004,Valve Assembly Robot,Assembly,2020,4,2024-06-09,131.31,77.83,5.622,47.88,28914,20,False,LOW
RD-21834,MCH-005,Quality Test Bench,QA,2017,7,2023-08-28,147.91,50.6,1.377,45.18,34122,28,True,LOW
RD-21835,MCH-006,Packaging Unit B,Logistics,2016,8,2024-07-24,122.26,70.84,4.716,54.17,18984,32,True,LOW
RD-21836,MCH-007,Hydraulic Press #2,Production,2014,10,2023-06-19,99.54,72.17,3.274,50.43,76228,36,True,LOW
RD-21837,MCH-008,Welding Station Alpha,Production,2021,3,2023-02-20,127.54,89.31,3.729,49.0,91006,17,False,LOW
RD-21838,MCH-009,Cooling Circuit Pump,Utilities,2013,11,2023-01-28,129.08,87.09,4.914,43.39,28312,38,True,LOW
RD-21839,MCH-010,Conveyor System Main,Logistics,2016,8,2023-08-15,89.05,71.12,0.164,49.0,118494,37,True,LOW
RD-21840,MCH-001,Pipe Bending Line A,Production,2018,6,2024-04-19,123.57,92.82,2.994,52.94,141921,33,True,LOW
RD-21841,MCH-002,Hydraulic Press #1,Production,2015,9,2023-07-10,134.69,64.59,1.068,51.31,28148,36,False,LOW
RD-21842,MCH-003,CNC Lathe Station 3,Machining,2019,5,2023-05-06,85.5,36.21,0.337,42.64,52942,27,False,LOW
RD-21843,MCH-004,Valve Assembly Robot,Assembly,2020,4,2023-08-16,96.75,54.94,0.417,41.81,73262,17,False,LOW
RD-21844,MCH-005,Quality Test Bench,QA,2017,7,2024-10-06,135.4,80.24,2.898,62.86,117237,28,False,LOW
RD-21845,MCH-006,Packaging Unit B,Logistics,2016,8,2023-02-02,112.58,73.47,5.861,51.53,22968,38,True,LOW
RD-21846,MCH-007,Hydraulic Press #2,Production,2014,10,2024-02-17,113.67,49.24,3.848,51.63,98376,36,True,LOW
RD-21847,MCH-008,Welding Station Alpha,Production,2021,3,2024-08-17,122.61,92.96,3.206,38.81,53090,21,False,LOW
RD-21848,MCH-009,Cooling Circuit Pump,Utilities,2013,11,2023-12-03,72.61,89.21,7.507,42.77,80740,74,False,HIGH
RD-21849,MCH-010,Conveyor System Main,Logistics,2016,8,2024-09-14,87.19,94.49,2.085,67.45,35802,49,False,MEDIUM
RD-21850,MCH-001,Pipe Bending Line A,Production,2018,6,2023-11-29,120.05,74.37,3.152,45.25,64632,24,False,LOW
RD-21851,MCH-002,Hydraulic Press #1,Production,2015,9,2024-12-10,161.8,57.75,4.998,42.02,87940,36,False,LOW
RD-21852,MCH-003,CNC Lathe Station 3,Machining,2019,5,2024-08-11,146.01,53.62,4.782,60.1,87818,20,False,LOW
RD-21853,MCH-004,Valve Assembly Robot,Assembly,2020,4,2024-11-12,134.89,49.29,3.72,47.63,18900,16,False,LOW
RD-21854,MCH-005,Quality Test Bench,QA,2017,7,2023-07-19,134.21,88.71,0.848,56.57,110790,32,False,LOW
RD-21855,MCH-006,Packaging Unit B,Logistics,2016,8,2024-10-05,86.04,67.53,1.015,40.08,111012,38,False,LOW
RD-21856,MCH-007,Hydraulic Press #2,Production,2014,10,2024-08-08,114.09,102.03,6.884,39.31,176264,71,True,HIGH
RD-21857,MCH-008,Welding Station Alpha,Production,2021,3,2023-02-25,140.96,78.93,2.645,45.22,38944,12,False,LOW
RD-21858,MCH-009,Cooling Circuit Pump,Utilities,2013,11,2024-01-29,85.02,83.13,5.091,42.57,187448,44,False,MEDIUM
RD-21859,MCH-010,Conveyor System Main,Logistics,2016,8,2023-01-30,138.04,88.12,5.016,47.44,31668,35,True,LOW
RD-21860,MCH-001,Pipe Bending Line A,Production,2018,6,2024-11-12,123.77,91.75,8.376,35.44,97434,59,False,MEDIUM
RD-21861,MCH-002,Hydraulic Press #1,Production,2015,9,2023-02-16,137.21,64.16,0.994,41.36,64596,36,False,LOW
RD-21862,MCH-003,CNC Lathe Station 3,Machining,2019,5,2024-04-03,123.06,97.12,2.034,52.12,20272,34,True,LOW
RD-21863,MCH-004,Valve Assembly Robot,Assembly,2020,4,2023-05-03,136.37,85.54,0.656,49.87,82400,16,False,LOW
RD-21864,MCH-005,Quality Test Bench,QA,2017,7,2023-12-03,131.37,52.34,0.373,44.56,68271,28,False,LOW
RD-21865,MCH-006,Packaging Unit B,Logistics,2016,8,2023-04-08,135.16,80.37,3.984,44.43,113157,32,False,LOW
RD-21866,MCH-007,Hydraulic Press #2,Production,2014,10,2023-07-19,131.98,64.98,0.083,44.32,36340,36,True,LOW
RD-21867,MCH-008,Welding Station Alpha,Production,2021,3,2024-11-12,129.61,85.65,6.297,42.39,29008,23,True,LOW
RD-21868,MCH-009,Cooling Circuit Pump,Utilities,2013,11,2024-05-30,78.38,104.23,4.392,51.22,163012,69,False,MEDIUM
RD-21869,MCH-010,Conveyor System Main,Logistics,2016,8,2023-05-01,141.77,85.97,0.792,51.53,22452,33,False,LOW
RD-21870,MCH-001,Pipe Bending Line A,Production,2018,6,2024-10-06,154.99,68.66,5.889,43.51,81036,31,False,LOW
RD-21871,MCH-002,Hydraulic Press #1,Production,2015,9,2023-03-11,170.92,113.65,1.896,56.73,181088,70,False,HIGH
RD-21872,MCH-003,CNC Lathe Station 3,Machining,2019,5,2024-08-13,111.87,84.79,3.677,48.73,64856,20,False,LOW
RD-21873,MCH-004,Valve Assembly Robot,Assembly,2020,4,2024-03-31,113.84,69.44,2.031,50.68,97172,16,False,LOW
RD-21874,MCH-005,Quality Test Bench,QA,2017,7,2023-05-06,97.57,87.24,4.311,51.7,103011,31,True,LOW
RD-21875,MCH-006,Packaging Unit B,Logistics,2016,8,2023-07-29,95.87,80.42,4.64,56.03,144942,34,False,LOW
RD-21876,MCH-007,Hydraulic Press #2,Production,2014,10,2023-03-01,123.0,82.83,7.046,39.32,137868,52,False,MEDIUM
RD-21877,MCH-008,Welding Station Alpha,Production,2021,3,2023-09-16,128.68,76.98,4.839,41.61,26288,12,False,LOW
RD-21878,MCH-009,Cooling Circuit Pump,Utilities,2013,11,2024-06-23,129.11,51.33,2.513,54.65,109396,36,False,LOW
RD-21879,MCH-010,Conveyor System Main,Logistics,2016,8,2023-01-24,110.77,46.0,0.436,49.57,141723,32,False,LOW
RD-21880,MCH-001,Pipe Bending Line A,Production,2018,6,2024-12-20,95.42,92.11,2.461,55.68,84486,34,False,LOW
RD-21881,MCH-002,Hydraulic Press #1,Production,2015,9,2023-05-22,135.95,98.55,3.348,29.86,97512,52,False,MEDIUM
RD-21882,MCH-003,CNC Lathe Station 3,Machining,2019,5,2024-12-10,144.0,70.66,9.132,41.78,53062,53,False,MEDIUM
RD-21883,MCH-004,Valve Assembly Robot,Assembly,2020,4,2024-11-13,134.47,81.42,2.38,38.34,83912,16,False,LOW
RD-21884,MCH-005,Quality Test Bench,QA,2017,7,2023-07-25,121.17,61.95,4.509,39.21,65271,28,False,LOW
RD-21885,MCH-006,Packaging Unit B,Logistics,2016,8,2023-02-01,130.77,98.61,2.23,36.17,84780,48,False,MEDIUM
RD-21886,MCH-007,Hydraulic Press #2,Production,2014,10,2024-06-24,116.12,63.21,2.02,26.89,31792,36,False,LOW
RD-21887,MCH-008,Welding Station Alpha,Production,2021,3,2024-01-08,135.18,82.96,3.184,51.66,16686,12,False,LOW
RD-21888,MCH-009,Cooling Circuit Pump,Utilities,2013,11,2024-08-29,127.84,59.21,0.133,33.35,30644,36,False,LOW
RD-21889,MCH-010,Conveyor System Main,Logistics,2016,8,2023-09-08,183.01,114.08,3.903,49.56,97854,66,False,MEDIUM
RD-21890,MCH-001,Pipe Bending Line A,Production,2018,6,2023-02-13,150.64,97.31,0.545,48.41,125766,38,False,LOW
RD-21891,MCH-002,Hydraulic Press #1,Production,2015,9,2024-09-09,103.7,72.84,1.919,55.15,145280,36,True,LOW
RD-21892,MCH-003,CNC Lathe Station 3,Machining,2019,5,2024-06-14,154.83,83.54,1.508,53.9,16536,20,False,LOW
RD-21893,MCH-004,Valve Assembly Robot,Assembly,2020,4,2024-10-20,144.49,80.1,3.645,42.67,56036,16,False,LOW
RD-21894,MCH-005,Quality Test Bench,QA,2017,7,2024-06-10,129.84,76.06,6.76,39.73,77778,42,True,MEDIUM
RD-21895,MCH-006,Packaging Unit B,Logistics,2016,8,2023-01-11,110.45,60.36,5.949,48.33,50595,39,False,LOW
RD-21896,MCH-007,Hydraulic Press #2,Production,2014,10,2023-02-09,99.07,71.75,4.15,37.57,96556,36,False,LOW
RD-21897,MCH-008,Welding Station Alpha,Production,2021,3,2024-06-09,118.6,84.03,3.501,28.23,72218,12,False,LOW
RD-21898,MCH-009,Cooling Circuit Pump,Utilities,2013,11,2024-01-09,132.49,20.26,1.03,52.21,105808,36,False,LOW
RD-21899,MCH-010,Conveyor System Main,Logistics,2016,8,2024-07-23,144.37,88.32,1.178,56.21,40494,35,False,LOW
RD-21900,MCH-001,Pipe Bending Line A,Production,2018,6,2023-02-07,154.33,37.02,7.382,53.76,125016,43,False,MEDIUM
RD-21901,MCH-002,Hydraulic Press #1,Production,2015,9,2024-12-04,136.45,77.96,0.439,62.78,70920,36,False,LOW
RD-21902,MCH-003,CNC Lathe Station 3,Machining,2019,5,2023-10-28,125.71,73.26,4.808,45.69,44762,20,False,LOW
RD-21903,MCH-004,Valve Assembly Robot,Assembly,2020,4,2023-09-01,150.53,66.71,5.137,55.21,92784,17,False,LOW
RD-21904,MCH-005,Quality Test Bench,QA,2017,7,2023-04-28,83.68,82.31,3.06,45.68,125895,36,True,LOW
RD-21905,MCH-006,Packaging Unit B,Logistics,2016,8,2024-09-14,119.12,66.97,3.722,48.77,121410,32,True,LOW
RD-21906,MCH-007,Hydraulic Press #2,Production,2014,10,2023-04-04,123.06,49.81,3.497,40.81,25628,36,False,LOW
RD-21907,MCH-008,Welding Station Alpha,Production,2021,3,2024-03-13,120.84,67.23,0.662,44.1,64782,12,False,LOW
RD-21908,MCH-009,Cooling Circuit Pump,Utilities,2013,11,2024-06-05,142.28,61.33,4.084,45.87,44012,36,True,LOW
RD-21909,MCH-010,Conveyor System Main,Logistics,2016,8,2023-06-14,96.43,60.72,3.901,47.99,80046,33,False,LOW
RD-21910,MCH-001,Pipe Bending Line A,Production,2018,6,2024-11-01,140.15,92.3,2.38,42.97,132096,32,False,LOW
RD-21911,MCH-002,Hydraulic Press #1,Production,2015,9,2024-01-20,103.22,52.0,1.596,32.13,88692,36,False,LOW
RD-21912,MCH-003,CNC Lathe Station 3,Machining,2019,5,2024-12-04,99.42,61.76,5.631,51.27,62110,25,False,LOW
RD-21913,MCH-004,Valve Assembly Robot,Assembly,2020,4,2024-03-08,140.29,88.86,7.434,43.12,17930,40,False,MEDIUM
RD-21914,MCH-005,Quality Test Bench,QA,2017,7,2023-07-01,157.19,92.35,1.831,39.5,98610,36,False,LOW
RD-21915,MCH-006,Packaging Unit B,Logistics,2016,8,2024-12-02,105.92,98.31,2.105,40.45,53679,47,False,MEDIUM
RD-21916,MCH-007,Hydraulic Press #2,Production,2014,10,2023-12-16,78.26,69.64,4.618,37.61,60424,46,False,MEDIUM
RD-21917,MCH-008,Welding Station Alpha,Production,2021,3,2024-06-05,129.39,97.35,0.135,45.07,62442,26,False,LOW
RD-21918,MCH-009,Cooling Circuit Pump,Utilities,2013,11,2023-02-02,123.2,61.88,2.697,30.75,95580,36,False,LOW
RD-21919,MCH-010,Conveyor System Main,Logistics,2016,8,2024-07-21,86.78,82.7,4.082,40.35,72354,38,False,LOW
RD-21920,MCH-001,Pipe Bending Line A,Production,2018,6,2024-06-03,147.09,72.29,0.4,28.81,87573,24,False,LOW
RD-21921,MCH-002,Hydraulic Press #1,Production,2015,9,2023-04-04,128.23,83.95,1.205,49.67,139836,36,False,LOW
RD-21922,MCH-003,CNC Lathe Station 3,Machining,2019,5,2024-08-13,115.34,53.51,0.371,46.2,57002,20,False,LOW
RD-21923,MCH-004,Valve Assembly Robot,Assembly,2020,4,2024-12-10,128.61,71.36,3.587,52.16,65258,16,False,LOW
RD-21924,MCH-005,Quality Test Bench,QA,2017,7,2024-11-26,97.92,103.04,2.632,48.19,57306,50,False,MEDIUM
RD-21925,MCH-006,Packaging Unit B,Logistics,2016,8,2023-06-21,127.07,75.81,5.83,50.49,121014,38,False,LOW
RD-21926,MCH-007,Hydraulic Press #2,Production,2014,10,2024-06-07,122.82,40.53,0.037,52.02,21552,36,True,LOW
RD-21927,MCH-008,Welding Station Alpha,Production,2021,3,2024-01-30,102.64,69.24,2.806,49.04,36016,12,True,LOW
RD-21928,MCH-009,Cooling Circuit Pump,Utilities,2013,11,2023-12-12,104.28,78.93,1.467,51.67,198140,36,False,LOW
RD-21929,MCH-010,Conveyor System Main,Logistics,2016,8,2024-06-11,151.42,39.0,0.677,47.28,31563,32,True,LOW
RD-21930,MCH-001,Pipe Bending Line A,Production,2018,6,2024-07-23,125.27,81.15,0.334,45.45,101682,24,True,LOW
RD-21931,MCH-002,Hydraulic Press #1,Production,2015,9,2024-06-28,73.99,115.24,4.287,43.34,25744,85,False,HIGH
RD-21932,MCH-003,CNC Lathe Station 3,Machining,2019,5,2024-11-24,126.75,74.57,1.321,45.22,91458,20,False,LOW
RD-21933,MCH-004,Valve Assembly Robot,Assembly,2020,4,2024-11-10,84.55,82.41,9.341,47.17,48722,58,True,MEDIUM
RD-21934,MCH-005,Quality Test Bench,QA,2017,7,2023-10-08,117.62,96.28,4.781,50.49,39663,41,False,MEDIUM
RD-21935,MCH-006,Packaging Unit B,Logistics,2016,8,2023-08-19,122.77,52.31,3.295,47.98,118638,32,False,LOW
RD-21936,MCH-007,Hydraulic Press #2,Production,2014,10,2023-05-04,96.76,35.83,2.202,55.75,143008,37,False,LOW
RD-21937,MCH-008,Welding Station Alpha,Production,2021,3,2023-09-08,146.54,67.65,2.986,54.66,95168,12,False,LOW
RD-21938,MCH-009,Cooling Circuit Pump,Utilities,2013,11,2023-06-08,113.75,92.26,0.222,52.2,82552,44,True,MEDIUM
RD-21939,MCH-010,Conveyor System Main,Logistics,2016,8,2024-08-26,95.5,59.4,3.812,69.58,122877,34,False,LOW
RD-21940,MCH-001,Pipe Bending Line A,Production,2018,6,2023-04-27,140.15,53.94,1.55,46.23,122631,24,False,LOW
RD-21941,MCH-002,Hydraulic Press #1,Production,2015,9,2024-09-15,145.91,68.66,3.716,53.06,52444,36,False,LOW
RD-21942,MCH-003,CNC Lathe Station 3,Machining,2019,5,2023-06-07,143.87,60.49,3.963,50.55,15284,20,True,LOW
RD-21943,MCH-004,Valve Assembly Robot,Assembly,2020,4,2024-10-01,136.98,76.77,3.734,46.55,35014,16,False,LOW
RD-21944,MCH-005,Quality Test Bench,QA,2017,7,2024-12-05,112.6,72.9,3.592,53.15,38616,28,False,LOW
RD-21945,MCH-006,Packaging Unit B,Logistics,2016,8,2024-12-16,122.71,63.8,3.706,54.22,16275,32,False,LOW
RD-21946,MCH-007,Hydraulic Press #2,Production,2014,10,2023-03-01,154.03,56.14,3.595,52.62,192520,36,False,LOW
RD-21947,MCH-008,Welding Station Alpha,Production,2021,3,2024-08-26,114.55,67.14,6.869,48.2,68422,26,False,LOW
RD-21948,MCH-009,Cooling Circuit Pump,Utilities,2013,11,2024-09-10,85.37,80.54,9.074,41.94,91640,75,False,HIGH
RD-21949,MCH-010,Conveyor System Main,Logistics,2016,8,2023-11-14,111.47,75.38,3.131,41.15,147117,32,False,LOW
RD-21950,MCH-001,Pipe Bending Line A,Production,2018,6,2024-01-07,169.58,89.74,0.767,44.34,85716,29,False,LOW
RD-21951,MCH-002,Hydraulic Press #1,Production,2015,9,2023-09-15,122.14,103.43,1.532,41.43,90308,58,True,MEDIUM
RD-21952,MCH-003,CNC Lathe Station 3,Machining,2019,5,2024-09-20,104.93,51.05,0.027,46.69,75624,20,False,LOW
RD-21953,MCH-004,Valve Assembly Robot,Assembly,2020,4,2023-09-02,130.77,66.69,0.626,37.58,65914,16,False,LOW
RD-21954,MCH-005,Quality Test Bench,QA,2017,7,2024-04-29,142.47,79.07,4.437,36.21,68898,28,False,LOW
RD-21955,MCH-006,Packaging Unit B,Logistics,2016,8,2024-06-03,124.27,81.2,7.94,45.85,131898,55,False,MEDIUM
RD-21956,MCH-007,Hydraulic Press #2,Production,2014,10,2024-04-17,121.43,71.26,6.867,53.76,174736,50,True,MEDIUM
RD-21957,MCH-008,Welding Station Alpha,Production,2021,3,2023-03-23,102.09,74.68,7.905,36.91,48208,35,False,LOW
RD-21958,MCH-009,Cooling Circuit Pump,Utilities,2013,11,2023-03-30,63.19,76.46,6.18,41.53,69248,63,True,MEDIUM
RD-21959,MCH-010,Conveyor System Main,Logistics,2016,8,2024-06-26,143.5,76.1,3.043,52.2,132651,32,True,LOW
RD-21960,MCH-001,Pipe Bending Line A,Production,2018,6,2023-06-29,129.06,60.33,3.73,42.73,80949,24,False,LOW
RD-21961,MCH-002,Hydraulic Press #1,Production,2015,9,2023-03-02,113.79,91.47,6.287,57.28,68244,54,False,MEDIUM
RD-21962,MCH-003,CNC Lathe Station 3,Machining,2019,5,2023-09-24,144.01,76.65,6.467,37.72,46168,31,False,LOW
RD-21963,MCH-004,Valve Assembly Robot,Assembly,2020,4,2024-08-28,119.21,70.11,1.279,50.38,29288,16,True,LOW
RD-21964,MCH-005,Quality Test Bench,QA,2017,7,2024-12-13,100.15,105.96,1.145,58.9,43920,53,False,MEDIUM
RD-21965,MCH-006,Packaging Unit B,Logistics,2016,8,2023-01-05,132.76,89.46,8.311,35.21,75078,63,True,MEDIUM
RD-21966,MCH-007,Hydraulic Press #2,Production,2014,10,2023-08-15,162.37,70.25,3.133,56.41,105804,36,False,LOW
RD-21967,MCH-008,Welding Station Alpha,Production,2021,3,2024-09-14,129.73,41.12,5.62,51.66,18934,16,False,LOW
RD-21968,MCH-009,Cooling Circuit Pump,Utilities,2013,11,2023-05-03,104.09,63.7,0.977,60.98,134172,36,False,LOW
RD-21969,MCH-010,Conveyor System Main,Logistics,2016,8,2024-12-07,147.79,77.91,5.865,53.73,139410,38,False,LOW
RD-21970,MCH-001,Pipe Bending Line A,Production,2018,6,2024-05-27,119.7,70.13,6.502,37.32,42564,36,False,LOW
RD-21971,MCH-002,Hydraulic Press #1,Production,2015,9,2023-04-16,116.62,65.52,9.742,44.51,42896,73,False,HIGH
RD-21972,MCH-003,CNC Lathe Station 3,Machining,2019,5,2023-05-17,117.66,42.6,5.598,41.85,55970,24,False,LOW
RD-21973,MCH-004,Valve Assembly Robot,Assembly,2020,4,2024-06-08,131.13,60.48,1.08,38.16,23486,16,False,LOW
RD-21974,MCH-005,Quality Test Bench,QA,2017,7,2024-01-24,133.07,83.47,4.75,55.42,34458,28,False,LOW
RD-21975,MCH-006,Packaging Unit B,Logistics,2016,8,2024-08-12,100.57,71.56,1.691,34.93,132192,32,False,LOW
RD-21976,MCH-007,Hydraulic Press #2,Production,2014,10,2024-02-06,144.08,78.58,5.971,33.54,184640,43,False,MEDIUM
RD-21977,MCH-008,Welding Station Alpha,Production,2021,3,2023-02-21,90.74,79.32,1.584,43.69,76266,16,False,LOW
RD-21978,MCH-009,Cooling Circuit Pump,Utilities,2013,11,2024-05-21,121.66,65.82,2.804,44.17,144784,36,False,LOW
RD-21979,MCH-010,Conveyor System Main,Logistics,2016,8,2024-03-27,135.68,67.75,4.327,52.7,69009,32,False,LOW
RD-21980,MCH-001,Pipe Bending Line A,Production,2018,6,2023-05-30,132.73,56.45,1.4,38.79,94767,24,False,LOW
RD-21981,MCH-002,Hydraulic Press #1,Production,2015,9,2023-01-12,104.61,61.73,2.376,55.98,162156,36,False,LOW
RD-21982,MCH-003,CNC Lathe Station 3,Machining,2019,5,2023-04-02,134.27,105.7,5.549,45.36,42836,49,True,MEDIUM
RD-21983,MCH-004,Valve Assembly Robot,Assembly,2020,4,2024-07-21,117.68,91.35,5.124,49.75,92270,24,False,LOW
RD-21984,MCH-005,Quality Test Bench,QA,2017,7,2023-06-12,123.13,88.79,2.868,44.4,17856,32,False,LOW
RD-21985,MCH-006,Packaging Unit B,Logistics,2016,8,2023-09-03,102.21,75.44,2.603,33.91,108825,32,True,LOW
RD-21986,MCH-007,Hydraulic Press #2,Production,2014,10,2023-02-25,116.77,76.17,1.895,45.23,67688,36,False,LOW
RD-21987,MCH-008,Welding Station Alpha,Production,2021,3,2023-10-27,119.6,85.34,6.146,44.26,44020,21,False,LOW
RD-21988,MCH-009,Cooling Circuit Pump,Utilities,2013,11,2024-08-09,138.26,49.31,10.381,53.05,80060,79,True,HIGH
RD-21989,MCH-010,Conveyor System Main,Logistics,2016,8,2023-02-16,144.44,58.55,2.211,37.85,83256,32,False,LOW
RD-21990,MCH-001,Pipe Bending Line A,Production,2018,6,2023-02-15,120.66,61.47,3.003,40.7,40572,24,True,LOW
RD-21991,MCH-002,Hydraulic Press #1,Production,2015,9,2024-05-21,100.83,90.65,2.18,61.14,190776,42,False,MEDIUM
RD-21992,MCH-003,CNC Lathe Station 3,Machining,2019,5,2023-01-16,134.95,62.43,4.781,50.04,24454,20,False,LOW
RD-21993,MCH-004,Valve Assembly Robot,Assembly,2020,4,2024-10-04,111.11,89.18,4.965,49.78,94128,21,False,LOW
RD-21994,MCH-005,Quality Test Bench,QA,2017,7,2024-12-08,123.99,83.72,8.0,51.17,61503,51,False,MEDIUM
RD-21995,MCH-006,Packaging Unit B,Logistics,2016,8,2023-09-08,80.12,46.18,5.896,29.8,76017,49,True,MEDIUM
RD-21996,MCH-007,Hydraulic Press #2,Production,2014,10,2024-10-19,131.68,103.52,3.976,38.41,85000,58,False,MEDIUM
RD-21997,MCH-008,Welding Station Alpha,Production,2021,3,2023-01-22,126.93,76.69,4.637,52.2,37914,12,True,LOW
RD-21998,MCH-009,Cooling Circuit Pump,Utilities,2013,11,2023-12-08,108.48,101.97,4.489,26.86,159576,56,True,MEDIUM
RD-21999,MCH-010,Conveyor System Main,Logistics,2016,8,2023-11-23,118.09,66.72,2.323,55.72,36561,32,False,LOW
RD-22000,MCH-001,Pipe Bending Line A,Production,2018,6,2024-08-28,94.35,91.23,6.236,55.19,114432,44,True,MEDIUM
RD-22001,MCH-002,Hydraulic Press #1,Production,2015,9,2024-01-11,130.21,86.9,3.714,42.79,55280,38,False,LOW
RD-22002,MCH-003,CNC Lathe Station 3,Machining,2019,5,2024-05-23,137.61,71.66,3.235,47.48,17538,20,False,LOW
RD-22003,MCH-004,Valve Assembly Robot,Assembly,2020,4,2024-07-13,117.59,118.2,7.369,46.03,57190,74,False,HIGH
RD-22004,MCH-005,Quality Test Bench,QA,2017,7,2023-05-14,136.59,76.71,3.454,52.96,113355,28,False,LOW
RD-22005,MCH-006,Packaging Unit B,Logistics,2016,8,2023-06-02,125.68,58.59,9.505,41.57,133074,68,False,MEDIUM
RD-22006,MCH-007,Hydraulic Press #2,Production,2014,10,2024-06-24,147.62,76.58,1.287,30.63,135132,36,False,LOW
RD-22007,MCH-008,Welding Station Alpha,Production,2021,3,2023-06-08,144.78,102.74,3.012,37.54,24332,33,True,LOW
RD-22008,MCH-009,Cooling Circuit Pump,Utilities,2013,11,2024-02-08,50.54,97.9,8.884,40.73,149116,100,False,HIGH
RD-22009,MCH-010,Conveyor System Main,Logistics,2016,8,2024-12-16,99.73,42.03,0.481,48.87,99510,32,False,LOW
RD-22010,MCH-001,Pipe Bending Line A,Production,2018,6,2024-03-19,130.53,73.56,4.843,33.97,61968,24,True,LOW
RD-22011,MCH-002,Hydraulic Press #1,Production,2015,9,2023-07-03,113.31,100.3,6.793,32.06,197132,68,True,MEDIUM
RD-22012,MCH-003,CNC Lathe Station 3,Machining,2019,5,2024-12-05,122.01,83.23,6.253,42.81,69816,30,False,LOW
RD-22013,MCH-004,Valve Assembly Robot,Assembly,2020,4,2024-03-01,121.63,71.7,1.219,54.06,97026,16,False,LOW
RD-22014,MCH-005,Quality Test Bench,QA,2017,7,2024-11-29,153.04,63.1,5.101,49.24,96273,28,False,LOW
RD-22015,MCH-006,Packaging Unit B,Logistics,2016,8,2023-06-12,112.25,72.8,1.447,57.72,77985,32,False,LOW
RD-22016,MCH-007,Hydraulic Press #2,Production,2014,10,2023-05-26,77.48,71.09,2.754,54.43,143500,47,True,MEDIUM
RD-22017,MCH-008,Welding Station Alpha,Production,2021,3,2024-03-15,121.44,45.11,5.897,37.81,79684,19,False,LOW
RD-22018,MCH-009,Cooling Circuit Pump,Utilities,2013,11,2023-04-29,85.75,86.2,5.077,50.73,42472,45,True,MEDIUM
RD-22019,MCH-010,Conveyor System Main,Logistics,2016,8,2023-11-23,127.83,91.4,5.173,46.07,81483,41,False,MEDIUM
RD-22020,MCH-001,Pipe Bending Line A,Production,2018,6,2024-07-14,143.22,66.77,2.879,42.24,71301,24,False,LOW
RD-22021,MCH-002,Hydraulic Press #1,Production,2015,9,2024-05-31,128.31,60.09,5.739,48.28,161520,41,False,MEDIUM
RD-22022,MCH-003,CNC Lathe Station 3,Machining,2019,5,2023-02-28,116.3,61.93,3.629,46.6,80062,20,False,LOW
RD-22023,MCH-004,Valve Assembly Robot,Assembly,2020,4,2024-07-26,111.51,77.33,2.99,42.45,17900,16,True,LOW
RD-22024,MCH-005,Quality Test Bench,QA,2017,7,2023-10-24,135.7,88.86,1.265,37.44,54267,32,True,LOW
RD-22025,MCH-006,Packaging Unit B,Logistics,2016,8,2024-12-04,163.37,48.72,6.145,39.38,140499,41,False,MEDIUM
RD-22026,MCH-007,Hydraulic Press #2,Production,2014,10,2024-05-09,112.81,71.14,7.584,45.21,149264,56,True,MEDIUM
RD-22027,MCH-008,Welding Station Alpha,Production,2021,3,2024-03-30,154.13,83.07,2.401,55.29,46490,12,False,LOW
RD-22028,MCH-009,Cooling Circuit Pump,Utilities,2013,11,2023-01-31,150.96,30.71,2.288,31.84,177720,36,True,LOW
RD-22029,MCH-010,Conveyor System Main,Logistics,2016,8,2023-12-17,125.27,70.98,4.408,36.93,133770,32,True,LOW
RD-22030,MCH-001,Pipe Bending Line A,Production,2018,6,2024-04-11,86.11,79.03,2.737,45.43,76461,30,True,LOW
RD-22031,MCH-002,Hydraulic Press #1,Production,2015,9,2024-06-03,103.49,69.12,1.758,53.75,197444,36,False,LOW
RD-22032,MCH-003,CNC Lathe Station 3,Machining,2019,5,2023-03-27,118.1,54.24,1.908,23.61,17398,20,False,LOW
RD-22033,MCH-004,Valve Assembly Robot,Assembly,2020,4,2023-12-23,117.41,105.1,4.65,49.5,55878,40,False,MEDIUM
RD-22034,MCH-005,Quality Test Bench,QA,2017,7,2023-09-16,83.85,68.58,2.235,39.87,120354,36,True,LOW
RD-22035,MCH-006,Packaging Unit B,Logistics,2016,8,2024-01-22,90.66,91.08,3.1,41.85,121749,43,True,MEDIUM
RD-22036,MCH-007,Hydraulic Press #2,Production,2014,10,2024-04-27,120.1,85.38,0.96,40.68,113640,36,False,LOW
RD-22037,MCH-008,Welding Station Alpha,Production,2021,3,2023-10-14,145.74,83.39,3.773,54.69,11354,12,True,LOW
RD-22038,MCH-009,Cooling Circuit Pump,Utilities,2013,11,2024-09-09,94.71,81.49,1.861,38.28,125076,38,False,LOW
RD-22039,MCH-010,Conveyor System Main,Logistics,2016,8,2024-09-30,113.39,69.68,5.811,43.83,56220,38,False,LOW
RD-22040,MCH-001,Pipe Bending Line A,Production,2018,6,2023-10-29,141.51,63.72,0.891,47.58,137244,24,False,LOW
RD-22041,MCH-002,Hydraulic Press #1,Production,2015,9,2024-04-11,136.73,51.98,3.723,30.48,31532,36,False,LOW
RD-22042,MCH-003,CNC Lathe Station 3,Machining,2019,5,2023-10-07,100.91,81.65,5.778,48.41,17416,26,False,LOW
RD-22043,MCH-004,Valve Assembly Robot,Assembly,2020,4,2023-11-17,139.46,89.78,2.873,44.47,66616,21,False,LOW
RD-22044,MCH-005,Quality Test Bench,QA,2017,7,2024-04-17,135.65,76.63,4.787,41.72,69891,28,False,LOW
RD-22045,MCH-006,Packaging Unit B,Logistics,2016,8,2024-07-19,94.81,52.85,5.653,47.41,83127,39,False,LOW
RD-22046,MCH-007,Hydraulic Press #2,Production,2014,10,2024-11-08,113.21,96.23,6.392,55.51,159840,60,False,MEDIUM
RD-22047,MCH-008,Welding Station Alpha,Production,2021,3,2023-08-04,130.7,57.31,2.915,53.41,12856,12,False,LOW
RD-22048,MCH-009,Cooling Circuit Pump,Utilities,2013,11,2024-11-29,94.38,91.31,2.381,36.15,70548,46,False,MEDIUM
RD-22049,MCH-010,Conveyor System Main,Logistics,2016,8,2024-04-09,67.2,74.29,0.024,56.43,90810,48,False,MEDIUM
RD-22050,MCH-001,Pipe Bending Line A,Production,2018,6,2023-09-28,131.77,65.84,3.473,56.39,137862,24,False,LOW
RD-22051,MCH-002,Hydraulic Press #1,Production,2015,9,2023-08-02,150.3,63.59,5.57,40.31,69104,40,False,MEDIUM
RD-22052,MCH-003,CNC Lathe Station 3,Machining,2019,5,2024-09-02,113.17,87.72,5.054,42.79,61512,23,False,LOW
RD-22053,MCH-004,Valve Assembly Robot,Assembly,2020,4,2024-04-02,135.43,75.29,3.17,46.06,86524,16,False,LOW
RD-22054,MCH-005,Quality Test Bench,QA,2017,7,2024-01-02,107.28,65.14,5.477,62.93,62937,31,True,LOW
RD-22055,MCH-006,Packaging Unit B,Logistics,2016,8,2024-02-26,117.65,77.53,6.438,29.18,28710,43,False,MEDIUM
RD-22056,MCH-007,Hydraulic Press #2,Production,2014,10,2023-02-05,100.15,60.55,7.173,43.0,138688,53,False,MEDIUM
RD-22057,MCH-008,Welding Station Alpha,Production,2021,3,2024-06-11,66.29,48.81,4.543,44.48,84344,28,False,LOW
RD-22058,MCH-009,Cooling Circuit Pump,Utilities,2013,11,2024-02-15,147.19,68.14,1.246,41.58,102612,36,False,LOW
RD-22059,MCH-010,Conveyor System Main,Logistics,2016,8,2024-11-30,118.07,46.06,1.205,50.94,35223,32,False,LOW
RD-22060,MCH-001,Pipe Bending Line A,Production,2018,6,2023-01-02,126.84,83.85,1.466,45.81,118068,24,False,LOW
RD-22061,MCH-002,Hydraulic Press #1,Production,2015,9,2024-07-20,78.62,86.25,1.18,36.24,28736,48,True,MEDIUM
RD-22062,MCH-003,CNC Lathe Station 3,Machining,2019,5,2024-05-01,139.43,70.22,0.992,36.83,15512,20,False,LOW
RD-22063,MCH-004,Valve Assembly Robot,Assembly,2020,4,2024-12-09,135.56,67.37,0.814,45.4,44952,16,False,LOW
RD-22064,MCH-005,Quality Test Bench,QA,2017,7,2024-07-11,138.08,83.91,3.556,44.29,73089,28,False,LOW
RD-22065,MCH-006,Packaging Unit B,Logistics,2016,8,2024-02-26,120.07,60.42,3.26,46.43,26187,32,False,LOW
RD-22066,MCH-007,Hydraulic Press #2,Production,2014,10,2023-04-27,94.2,65.52,2.515,55.94,153100,38,False,LOW
RD-22067,MCH-008,Welding Station Alpha,Production,2021,3,2024-07-18,120.56,74.75,5.067,42.76,47860,12,False,LOW
RD-22068,MCH-009,Cooling Circuit Pump,Utilities,2013,11,2023-07-18,149.7,67.72,2.617,47.22,110184,36,False,LOW
RD-22069,MCH-010,Conveyor System Main,Logistics,2016,8,2024-07-12,157.62,69.64,0.072,48.57,111228,32,False,LOW
RD-22070,MCH-001,Pipe Bending Line A,Production,2018,6,2024-03-08,102.74,53.99,6.305,46.36,43458,34,False,LOW
RD-22071,MCH-002,Hydraulic Press #1,Production,2015,9,2023-12-12,76.85,56.2,3.739,44.77,190484,47,False,MEDIUM
RD-22072,MCH-003,CNC Lathe Station 3,Machining,2019,5,2024-02-22,123.29,87.86,1.718,44.32,25896,23,False,LOW
RD-22073,MCH-004,Valve Assembly Robot,Assembly,2020,4,2023-03-10,109.7,76.59,4.547,36.45,31538,16,False,LOW
RD-22074,MCH-005,Quality Test Bench,QA,2017,7,2024-04-03,134.68,82.69,1.31,63.54,73095,28,False,LOW
RD-22075,MCH-006,Packaging Unit B,Logistics,2016,8,2023-06-21,106.29,123.69,1.208,68.03,22461,78,True,HIGH
RD-22076,MCH-007,Hydraulic Press #2,Production,2014,10,2024-03-10,99.9,74.22,1.809,57.87,23300,36,True,LOW
RD-22077,MCH-008,Welding Station Alpha,Production,2021,3,2023-01-03,140.51,70.59,3.815,38.95,77950,12,False,LOW
RD-22078,MCH-009,Cooling Circuit Pump,Utilities,2013,11,2023-08-02,141.16,75.51,0.183,46.38,134776,36,False,LOW
RD-22079,MCH-010,Conveyor System Main,Logistics,2016,8,2024-09-22,112.72,44.46,5.853,43.74,54774,38,False,LOW
RD-22080,MCH-001,Pipe Bending Line A,Production,2018,6,2023-09-16,101.45,75.98,6.64,44.9,32319,37,False,LOW
RD-22081,MCH-002,Hydraulic Press #1,Production,2015,9,2023-05-20,110.47,63.84,0.576,59.39,73628,36,False,LOW
RD-22082,MCH-003,CNC Lathe Station 3,Machining,2019,5,2023-08-18,122.82,48.64,3.378,43.29,63662,20,False,LOW
RD-22083,MCH-004,Valve Assembly Robot,Assembly,2020,4,2024-09-05,104.35,64.13,3.093,42.21,75536,16,False,LOW
RD-22084,MCH-005,Quality Test Bench,QA,2017,7,2023-11-14,165.72,65.57,4.646,47.14,78576,28,False,LOW
RD-22085,MCH-006,Packaging Unit B,Logistics,2016,8,2023-05-16,140.27,79.9,4.13,46.48,120408,32,False,LOW
RD-22086,MCH-007,Hydraulic Press #2,Production,2014,10,2023-06-06,116.69,88.59,1.26,38.47,30352,40,True,MEDIUM
RD-22087,MCH-008,Welding Station Alpha,Production,2021,3,2024-04-24,110.03,79.51,3.102,47.12,67844,12,False,LOW
RD-22088,MCH-009,Cooling Circuit Pump,Utilities,2013,11,2024-05-12,134.32,75.64,9.564,44.14,62672,72,True,HIGH
RD-22089,MCH-010,Conveyor System Main,Logistics,2016,8,2024-03-18,97.89,78.87,0.545,59.3,84285,33,False,LOW
RD-22090,MCH-001,Pipe Bending Line A,Production,2018,6,2024-10-25,135.39,49.27,5.516,50.03,39306,28,False,LOW
RD-22091,MCH-002,Hydraulic Press #1,Production,2015,9,2024-08-18,110.67,73.12,3.83,46.48,100580,36,False,LOW
RD-22092,MCH-003,CNC Lathe Station 3,Machining,2019,5,2024-03-14,107.04,68.76,4.536,35.3,97456,20,False,LOW
RD-22093,MCH-004,Valve Assembly Robot,Assembly,2020,4,2023-10-20,143.68,82.6,1.271,35.56,97760,16,False,LOW
RD-22094,MCH-005,Quality Test Bench,QA,2017,7,2024-01-28,129.46,29.61,5.343,39.28,41766,30,False,LOW
RD-22095,MCH-006,Packaging Unit B,Logistics,2016,8,2023-12-03,141.07,92.29,2.214,43.87,90105,40,False,MEDIUM
RD-22096,MCH-007,Hydraulic Press #2,Production,2014,10,2023-10-11,131.21,55.13,0.783,52.21,163736,36,False,LOW
RD-22097,MCH-008,Welding Station Alpha,Production,2021,3,2023-03-28,120.11,76.86,0.281,50.05,85446,12,True,LOW
RD-22098,MCH-009,Cooling Circuit Pump,Utilities,2013,11,2023-11-15,91.4,58.35,2.891,49.55,142848,40,False,MEDIUM
RD-22099,MCH-010,Conveyor System Main,Logistics,2016,8,2023-07-30,126.05,74.19,6.647,48.1,20151,45,False,MEDIUM
RD-22100,MCH-001,Pipe Bending Line A,Production,2018,6,2023-05-07,110.38,71.56,5.453,44.95,73800,27,False,LOW
RD-22101,MCH-002,Hydraulic Press #1,Production,2015,9,2024-11-09,122.38,79.14,4.622,50.81,193820,36,False,LOW
RD-22102,MCH-003,CNC Lathe Station 3,Machining,2019,5,2024-05-19,104.13,98.27,0.241,41.58,63062,35,False,LOW
RD-22103,MCH-004,Valve Assembly Robot,Assembly,2020,4,2024-07-14,125.32,86.25,2.075,49.06,17436,17,False,LOW
RD-22104,MCH-005,Quality Test Bench,QA,2017,7,2023-03-23,123.83,81.57,1.115,36.68,29763,28,True,LOW
RD-22105,MCH-006,Packaging Unit B,Logistics,2016,8,2023-02-03,88.33,52.95,8.824,45.9,56979,68,False,MEDIUM
RD-22106,MCH-007,Hydraulic Press #2,Production,2014,10,2024-06-07,163.1,89.81,1.12,48.88,137632,41,False,MEDIUM
RD-22107,MCH-008,Welding Station Alpha,Production,2021,3,2023-03-22,146.85,80.87,6.269,48.64,79000,22,False,LOW
RD-22108,MCH-009,Cooling Circuit Pump,Utilities,2013,11,2024-09-05,126.44,117.5,5.609,39.61,106228,79,False,HIGH
RD-22109,MCH-010,Conveyor System Main,Logistics,2016,8,2024-06-03,111.22,79.91,6.978,43.13,92064,47,False,MEDIUM
RD-22110,MCH-001,Pipe Bending Line A,Production,2018,6,2023-05-16,117.69,73.95,8.923,42.73,138189,55,False,MEDIUM
RD-22111,MCH-002,Hydraulic Press #1,Production,2015,9,2023-01-23,155.13,54.22,7.14,30.12,197164,53,False,MEDIUM
RD-22112,MCH-003,CNC Lathe Station 3,Machining,2019,5,2023-08-05,125.87,47.3,4.291,43.2,49436,20,False,LOW
RD-22113,MCH-004,Valve Assembly Robot,Assembly,2020,4,2023-07-31,104.67,69.93,1.383,42.1,79000,16,False,LOW
RD-22114,MCH-005,Quality Test Bench,QA,2017,7,2023-09-13,114.11,97.04,7.662,37.7,123315,63,True,MEDIUM
RD-22115,MCH-006,Packaging Unit B,Logistics,2016,8,2024-08-19,85.6,83.32,5.248,51.55,37158,41,True,MEDIUM
RD-22116,MCH-007,Hydraulic Press #2,Production,2014,10,2024-08-06,84.53,65.18,0.797,32.49,92984,43,False,MEDIUM
RD-22117,MCH-008,Welding Station Alpha,Production,2021,3,2023-07-26,112.87,74.9,4.837,39.99,49258,12,False,LOW
RD-22118,MCH-009,Cooling Circuit Pump,Utilities,2013,11,2024-11-29,141.07,51.34,4.251,37.93,36528,36,False,LOW
RD-22119,MCH-010,Conveyor System Main,Logistics,2016,8,2024-10-19,128.77,51.72,2.373,59.36,82569,32,True,LOW
RD-22120,MCH-001,Pipe Bending Line A,Production,2018,6,2024-11-11,98.55,89.69,4.88,49.61,136554,30,False,LOW
RD-22121,MCH-002,Hydraulic Press #1,Production,2015,9,2024-11-23,128.99,111.25,1.652,57.06,138316,67,False,MEDIUM
RD-22122,MCH-003,CNC Lathe Station 3,Machining,2019,5,2023-10-01,107.23,67.07,3.154,56.09,88774,20,False,LOW
RD-22123,MCH-004,Valve Assembly Robot,Assembly,2020,4,2023-09-02,102.66,75.13,6.591,52.7,85706,28,True,LOW
RD-22124,MCH-005,Quality Test Bench,QA,2017,7,2023-08-05,75.56,95.86,4.817,47.16,36888,53,True,MEDIUM
RD-22125,MCH-006,Packaging Unit B,Logistics,2016,8,2023-07-16,134.48,76.38,4.325,41.67,55974,32,False,LOW
RD-22126,MCH-007,Hydraulic Press #2,Production,2014,10,2024-09-04,127.31,80.46,1.257,36.73,45880,36,True,LOW
RD-22127,MCH-008,Welding Station Alpha,Production,2021,3,2024-03-03,96.04,71.84,2.967,38.18,53992,13,False,LOW
RD-22128,MCH-009,Cooling Circuit Pump,Utilities,2013,11,2023-03-14,136.7,60.25,2.451,50.02,157452,36,False,LOW
RD-22129,MCH-010,Conveyor System Main,Logistics,2016,8,2024-01-18,89.13,80.25,3.954,39.96,70503,37,False,LOW
RD-22130,MCH-001,Pipe Bending Line A,Production,2018,6,2024-06-07,127.47,106.08,4.574,31.33,79986,49,False,MEDIUM
RD-22131,MCH-002,Hydraulic Press #1,Production,2015,9,2024-02-15,132.7,78.29,1.142,38.56,193428,36,True,LOW
RD-22132,MCH-003,CNC Lathe Station 3,Machining,2019,5,2023-01-19,125.77,88.48,4.999,56.89,31728,24,False,LOW
RD-22133,MCH-004,Valve Assembly Robot,Assembly,2020,4,2023-12-25,148.07,80.66,1.421,48.9,71862,16,False,LOW
RD-22134,MCH-005,Quality Test Bench,QA,2017,7,2024-01-22,95.46,62.06,2.323,44.0,144906,30,False,LOW
RD-22135,MCH-006,Packaging Unit B,Logistics,2016,8,2023-05-21,152.72,70.37,5.158,45.45,140646,33,True,LOW
RD-22136,MCH-007,Hydraulic Press #2,Production,2014,10,2023-01-22,148.96,82.93,10.898,50.59,72124,83,False,HIGH
RD-22137,MCH-008,Welding Station Alpha,Production,2021,3,2024-07-09,115.16,65.65,3.077,44.83,46408,12,False,LOW
RD-22138,MCH-009,Cooling Circuit Pump,Utilities,2013,11,2024-12-02,153.88,52.26,3.245,47.86,140848,36,True,LOW
RD-22139,MCH-010,Conveyor System Main,Logistics,2016,8,2023-04-24,121.11,56.63,0.756,28.01,99456,32,False,LOW
RD-22140,MCH-001,Pipe Bending Line A,Production,2018,6,2023-05-22,103.69,94.59,1.056,39.11,19641,35,False,LOW
RD-22141,MCH-002,Hydraulic Press #1,Production,2015,9,2024-07-17,111.45,77.53,0.172,37.97,35752,36,True,LOW
RD-22142,MCH-003,CNC Lathe Station 3,Machining,2019,5,2023-12-04,111.38,57.52,2.091,39.69,77488,20,False,LOW
RD-22143,MCH-004,Valve Assembly Robot,Assembly,2020,4,2023-01-14,116.13,92.86,5.39,45.72,63864,28,False,LOW
RD-22144,MCH-005,Quality Test Bench,QA,2017,7,2023-02-24,88.57,74.32,4.035,59.75,72954,33,True,LOW
RD-22145,MCH-006,Packaging Unit B,Logistics,2016,8,2023-08-21,84.45,55.07,6.076,60.03,117681,48,False,MEDIUM
RD-22146,MCH-007,Hydraulic Press #2,Production,2014,10,2023-06-13,121.79,67.79,6.359,35.53,197084,46,False,MEDIUM
RD-22147,MCH-008,Welding Station Alpha,Production,2021,3,2024-11-12,124.01,75.99,3.047,48.96,38704,12,False,LOW
RD-22148,MCH-009,Cooling Circuit Pump,Utilities,2013,11,2023-12-08,111.45,76.49,4.166,37.49,154024,36,False,LOW
RD-22149,MCH-010,Conveyor System Main,Logistics,2016,8,2023-12-23,110.46,91.41,3.506,51.23,95154,39,True,LOW
RD-22150,MCH-001,Pipe Bending Line A,Production,2018,6,2024-03-25,99.35,54.33,6.26,50.67,20427,34,False,LOW
RD-22151,MCH-002,Hydraulic Press #1,Production,2015,9,2024-12-11,145.73,79.26,1.058,48.42,162256,36,False,LOW
RD-22152,MCH-003,CNC Lathe Station 3,Machining,2019,5,2024-09-21,116.98,53.57,5.41,48.22,50684,23,True,LOW
RD-22153,MCH-004,Valve Assembly Robot,Assembly,2020,4,2024-01-24,139.15,79.38,2.55,35.34,72002,16,False,LOW
RD-22154,MCH-005,Quality Test Bench,QA,2017,7,2024-06-14,110.78,99.43,8.471,46.07,82671,73,True,HIGH
RD-22155,MCH-006,Packaging Unit B,Logistics,2016,8,2024-10-25,102.69,89.91,2.789,50.91,129555,37,False,LOW
RD-22156,MCH-007,Hydraulic Press #2,Production,2014,10,2023-05-02,159.29,73.72,2.529,48.54,100644,36,False,LOW
RD-22157,MCH-008,Welding Station Alpha,Production,2021,3,2024-03-11,140.25,97.23,1.244,52.74,30692,26,False,LOW
RD-22158,MCH-009,Cooling Circuit Pump,Utilities,2013,11,2023-12-25,72.67,56.49,0.691,52.26,41052,49,False,MEDIUM
RD-22159,MCH-010,Conveyor System Main,Logistics,2016,8,2024-08-26,110.35,54.29,6.203,40.04,51810,41,False,MEDIUM
RD-22160,MCH-001,Pipe Bending Line A,Production,2018,6,2024-07-29,109.67,108.01,4.063,42.37,55215,51,False,MEDIUM
RD-22161,MCH-002,Hydraulic Press #1,Production,2015,9,2024-12-19,104.93,58.31,4.861,53.73,118908,36,False,LOW
RD-22162,MCH-003,CNC Lathe Station 3,Machining,2019,5,2024-03-02,132.03,52.53,4.332,49.04,63510,20,False,LOW
RD-22163,MCH-004,Valve Assembly Robot,Assembly,2020,4,2024-05-17,105.27,55.23,6.441,45.63,33344,27,True,LOW
RD-22164,MCH-005,Quality Test Bench,QA,2017,7,2023-09-02,103.43,67.24,7.297,55.06,68979,46,False,MEDIUM
RD-22165,MCH-006,Packaging Unit B,Logistics,2016,8,2023-03-13,135.73,89.26,3.415,46.12,134202,37,False,LOW
RD-22166,MCH-007,Hydraulic Press #2,Production,2014,10,2023-03-25,137.81,64.99,1.837,52.88,188232,36,True,LOW
RD-22167,MCH-008,Welding Station Alpha,Production,2021,3,2023-12-12,116.48,89.3,0.466,41.39,13612,17,False,LOW
RD-22168,MCH-009,Cooling Circuit Pump,Utilities,2013,11,2023-10-22,163.55,92.08,1.722,30.85,38600,44,False,MEDIUM
RD-22169,MCH-010,Conveyor System Main,Logistics,2016,8,2023-11-01,118.02,64.92,0.357,58.93,77643,32,False,LOW
RD-22170,MCH-001,Pipe Bending Line A,Production,2018,6,2023-09-28,65.61,63.67,2.486,47.16,15696,41,False,MEDIUM
RD-22171,MCH-002,Hydraulic Press #1,Production,2015,9,2023-01-06,112.48,95.87,2.53,58.13,42616,49,True,MEDIUM
RD-22172,MCH-003,CNC Lathe Station 3,Machining,2019,5,2024-09-24,102.81,75.49,0.479,50.34,48924,20,True,LOW
RD-22173,MCH-004,Valve Assembly Robot,Assembly,2020,4,2024-06-09,89.52,69.32,4.215,40.45,71584,21,False,LOW
RD-22174,MCH-005,Quality Test Bench,QA,2017,7,2024-12-22,81.98,61.91,2.02,31.29,50466,37,False,LOW
RD-22175,MCH-006,Packaging Unit B,Logistics,2016,8,2023-04-26,133.94,92.25,7.999,57.74,90771,64,False,MEDIUM
RD-22176,MCH-007,Hydraulic Press #2,Production,2014,10,2024-02-13,102.74,60.32,4.518,54.4,144196,36,False,LOW
RD-22177,MCH-008,Welding Station Alpha,Production,2021,3,2023-09-21,98.44,81.02,7.088,43.92,18600,29,False,LOW
RD-22178,MCH-009,Cooling Circuit Pump,Utilities,2013,11,2023-08-30,128.85,63.55,5.464,44.27,41512,39,False,LOW
RD-22179,MCH-010,Conveyor System Main,Logistics,2016,8,2023-07-06,161.21,65.6,6.241,62.18,71859,41,False,MEDIUM
RD-22180,MCH-001,Pipe Bending Line A,Production,2018,6,2023-12-27,99.06,82.62,3.648,49.81,143151,24,False,LOW
RD-22181,MCH-002,Hydraulic Press #1,Production,2015,9,2024-04-22,104.91,78.98,8.058,46.31,91020,60,False,MEDIUM
RD-22182,MCH-003,CNC Lathe Station 3,Machining,2019,5,2024-03-27,141.34,72.68,2.751,51.78,23796,20,False,LOW
RD-22183,MCH-004,Valve Assembly Robot,Assembly,2020,4,2024-09-20,138.25,44.77,0.92,53.91,39166,16,False,LOW
RD-22184,MCH-005,Quality Test Bench,QA,2017,7,2024-03-24,133.01,83.45,1.423,45.88,80070,28,False,LOW
RD-22185,MCH-006,Packaging Unit B,Logistics,2016,8,2024-04-09,109.29,88.24,2.827,55.38,98961,35,False,LOW
RD-22186,MCH-007,Hydraulic Press #2,Production,2014,10,2024-05-19,146.65,50.62,2.06,38.6,80928,36,False,LOW
RD-22187,MCH-008,Welding Station Alpha,Production,2021,3,2023-02-09,156.05,86.98,1.428,39.75,60726,14,False,LOW
RD-22188,MCH-009,Cooling Circuit Pump,Utilities,2013,11,2024-04-13,157.75,71.37,2.433,55.2,147204,36,False,LOW
RD-22189,MCH-010,Conveyor System Main,Logistics,2016,8,2023-05-18,129.73,75.82,5.849,32.38,19236,38,False,LOW
RD-22190,MCH-001,Pipe Bending Line A,Production,2018,6,2023-07-11,96.25,70.54,0.922,43.59,59409,25,False,LOW
RD-22191,MCH-002,Hydraulic Press #1,Production,2015,9,2023-04-16,116.39,70.12,0.604,54.39,95872,36,False,LOW
RD-22192,MCH-003,CNC Lathe Station 3,Machining,2019,5,2024-08-01,109.5,68.66,4.783,44.57,73816,20,False,LOW
RD-22193,MCH-004,Valve Assembly Robot,Assembly,2020,4,2024-02-05,149.12,54.34,2.47,54.83,95380,16,False,LOW
RD-22194,MCH-005,Quality Test Bench,QA,2017,7,2024-03-22,126.31,87.32,7.03,37.56,41499,47,False,MEDIUM
RD-22195,MCH-006,Packaging Unit B,Logistics,2016,8,2023-07-09,132.1,93.65,1.678,43.41,146688,42,False,MEDIUM
RD-22196,MCH-007,Hydraulic Press #2,Production,2014,10,2024-11-01,161.71,82.27,1.956,44.32,196528,36,False,LOW
RD-22197,MCH-008,Welding Station Alpha,Production,2021,3,2024-12-11,142.01,81.73,4.011,39.56,94768,12,False,LOW
RD-22198,MCH-009,Cooling Circuit Pump,Utilities,2013,11,2024-04-14,53.92,93.3,1.352,37.35,141592,68,True,MEDIUM
RD-22199,MCH-010,Conveyor System Main,Logistics,2016,8,2023-02-14,116.63,95.31,1.888,45.82,49104,44,False,MEDIUM
RD-22200,MCH-001,Pipe Bending Line A,Production,2018,6,2023-11-06,112.35,76.71,1.959,54.83,115905,24,False,LOW
RD-22201,MCH-002,Hydraulic Press #1,Production,2015,9,2023-06-20,165.2,64.59,5.089,33.62,109148,36,False,LOW
RD-22202,MCH-003,CNC Lathe Station 3,Machining,2019,5,2024-09-19,117.74,54.44,3.894,52.54,68856,20,False,LOW
RD-22203,MCH-004,Valve Assembly Robot,Assembly,2020,4,2024-07-06,139.05,66.57,5.993,32.25,84652,23,False,LOW
RD-22204,MCH-005,Quality Test Bench,QA,2017,7,2024-04-25,136.93,82.6,4.06,29.6,37164,28,False,LOW
RD-22205,MCH-006,Packaging Unit B,Logistics,2016,8,2023-10-29,121.22,67.95,6.397,53.39,22317,43,False,MEDIUM
RD-22206,MCH-007,Hydraulic Press #2,Production,2014,10,2024-12-29,107.69,61.89,4.421,42.76,138632,36,False,LOW
RD-22207,MCH-008,Welding Station Alpha,Production,2021,3,2024-10-26,115.07,96.2,2.44,39.59,95750,25,False,LOW
RD-22208,MCH-009,Cooling Circuit Pump,Utilities,2013,11,2024-05-10,136.24,63.85,9.266,46.15,43248,70,False,HIGH
RD-22209,MCH-010,Conveyor System Main,Logistics,2016,8,2023-07-04,95.69,78.46,1.264,38.32,100731,34,False,LOW
RD-22210,MCH-001,Pipe Bending Line A,Production,2018,6,2023-04-25,115.52,79.54,6.478,40.82,143307,35,True,LOW
RD-22211,MCH-002,Hydraulic Press #1,Production,2015,9,2023-10-18,144.24,100.16,6.613,54.91,156464,67,False,MEDIUM
RD-22212,MCH-003,CNC Lathe Station 3,Machining,2019,5,2023-11-06,118.06,74.27,1.864,47.97,42098,20,False,LOW
RD-22213,MCH-004,Valve Assembly Robot,Assembly,2020,4,2024-05-22,127.45,88.39,2.011,55.39,24760,20,False,LOW
RD-22214,MCH-005,Quality Test Bench,QA,2017,7,2023-12-11,120.84,85.58,4.477,29.0,138852,28,False,LOW
RD-22215,MCH-006,Packaging Unit B,Logistics,2016,8,2023-10-21,92.99,51.71,1.455,42.11,66612,35,False,LOW
RD-22216,MCH-007,Hydraulic Press #2,Production,2014,10,2024-05-30,136.01,100.36,7.392,51.62,119536,73,False,HIGH
RD-22217,MCH-008,Welding Station Alpha,Production,2021,3,2023-10-08,133.22,52.15,4.5,47.72,32318,12,True,LOW
RD-22218,MCH-009,Cooling Circuit Pump,Utilities,2013,11,2023-12-16,108.88,26.11,4.105,50.4,190312,36,True,LOW
RD-22219,MCH-010,Conveyor System Main,Logistics,2016,8,2024-10-04,95.29,65.11,3.19,47.3,131427,34,False,LOW
RD-22220,MCH-001,Pipe Bending Line A,Production,2018,6,2023-04-01,123.9,50.31,6.387,52.76,82554,35,False,LOW
RD-22221,MCH-002,Hydraulic Press #1,Production,2015,9,2023-06-14,152.63,64.88,4.123,53.08,73036,36,False,LOW
RD-22222,MCH-003,CNC Lathe Station 3,Machining,2019,5,2023-04-02,110.8,85.31,4.755,50.08,61944,20,False,LOW
RD-22223,MCH-004,Valve Assembly Robot,Assembly,2020,4,2024-03-16,120.17,63.17,1.308,44.77,53444,16,False,LOW
RD-22224,MCH-005,Quality Test Bench,QA,2017,7,2023-08-06,159.48,73.65,7.031,48.11,54414,44,False,MEDIUM
RD-22225,MCH-006,Packaging Unit B,Logistics,2016,8,2023-06-02,94.36,87.51,7.804,34.48,100614,60,True,MEDIUM
RD-22226,MCH-007,Hydraulic Press #2,Production,2014,10,2024-02-08,130.03,76.7,2.385,51.5,156584,36,False,LOW
RD-22227,MCH-008,Welding Station Alpha,Production,2021,3,2023-08-09,100.18,77.76,6.209,48.01,26274,21,False,LOW
RD-22228,MCH-009,Cooling Circuit Pump,Utilities,2013,11,2023-04-23,111.4,71.44,7.912,52.3,45452,59,False,MEDIUM
RD-22229,MCH-010,Conveyor System Main,Logistics,2016,8,2024-05-23,121.06,81.06,2.736,49.24,21357,32,False,LOW
RD-22230,MCH-001,Pipe Bending Line A,Production,2018,6,2024-06-06,131.28,93.15,4.486,44.74,38325,33,False,LOW
RD-22231,MCH-002,Hydraulic Press #1,Production,2015,9,2024-02-04,160.73,58.76,2.263,35.17,120964,36,False,LOW
RD-22232,MCH-003,CNC Lathe Station 3,Machining,2019,5,2024-03-26,100.16,90.87,2.591,41.02,77710,27,False,LOW
RD-22233,MCH-004,Valve Assembly Robot,Assembly,2020,4,2024-01-12,114.95,68.6,5.986,36.67,12672,23,False,LOW
RD-22234,MCH-005,Quality Test Bench,QA,2017,7,2024-10-05,97.58,77.63,1.742,30.04,97902,29,False,LOW
RD-22235,MCH-006,Packaging Unit B,Logistics,2016,8,2024-01-09,122.78,81.69,3.91,54.18,83007,32,True,LOW
RD-22236,MCH-007,Hydraulic Press #2,Production,2014,10,2024-09-19,125.46,54.9,7.331,42.17,153812,54,False,MEDIUM
RD-22237,MCH-008,Welding Station Alpha,Production,2021,3,2024-10-27,110.46,79.93,2.441,53.85,12992,12,False,LOW
RD-22238,MCH-009,Cooling Circuit Pump,Utilities,2013,11,2023-04-18,55.92,96.11,2.613,64.7,91212,71,False,HIGH
RD-22239,MCH-010,Conveyor System Main,Logistics,2016,8,2024-09-06,125.29,81.71,4.408,47.07,28188,32,True,LOW
RD-22240,MCH-001,Pipe Bending Line A,Production,2018,6,2023-11-12,106.31,76.95,0.709,48.33,53337,24,False,LOW
RD-22241,MCH-002,Hydraulic Press #1,Production,2015,9,2023-11-22,112.71,86.56,5.156,44.8,110232,39,False,LOW
RD-22242,MCH-003,CNC Lathe Station 3,Machining,2019,5,2024-06-10,146.83,66.27,3.108,38.63,42632,20,False,LOW
RD-22243,MCH-004,Valve Assembly Robot,Assembly,2020,4,2024-04-15,122.62,70.49,2.895,46.01,12216,16,False,LOW
RD-22244,MCH-005,Quality Test Bench,QA,2017,7,2023-07-20,124.73,58.75,2.736,47.22,39900,28,False,LOW
RD-22245,MCH-006,Packaging Unit B,Logistics,2016,8,2024-11-08,108.33,83.01,4.789,54.11,75591,32,False,LOW
RD-22246,MCH-007,Hydraulic Press #2,Production,2014,10,2024-07-27,176.6,74.83,2.27,45.5,79396,36,False,LOW
RD-22247,MCH-008,Welding Station Alpha,Production,2021,3,2024-01-05,127.98,85.13,3.466,53.71,70720,12,False,LOW
RD-22248,MCH-009,Cooling Circuit Pump,Utilities,2013,11,2023-08-31,89.89,34.99,9.862,45.2,180768,79,False,HIGH
RD-22249,MCH-010,Conveyor System Main,Logistics,2016,8,2024-07-29,117.67,72.03,1.458,54.27,86382,32,True,LOW
RD-22250,MCH-001,Pipe Bending Line A,Production,2018,6,2024-02-14,132.55,99.54,0.908,42.7,104160,41,True,MEDIUM
RD-22251,MCH-002,Hydraulic Press #1,Production,2015,9,2023-11-29,136.11,54.82,2.362,44.56,89896,36,False,LOW
RD-22252,MCH-003,CNC Lathe Station 3,Machining,2019,5,2023-09-24,109.79,96.67,3.63,55.62,60838,34,True,LOW
RD-22253,MCH-004,Valve Assembly Robot,Assembly,2020,4,2023-10-29,113.42,46.13,3.496,41.06,27190,16,False,LOW
RD-22254,MCH-005,Quality Test Bench,QA,2017,7,2024-06-06,129.49,77.35,4.961,45.67,84954,28,False,LOW
RD-22255,MCH-006,Packaging Unit B,Logistics,2016,8,2023-09-09,132.86,91.88,0.022,54.99,141201,40,False,MEDIUM
RD-22256,MCH-007,Hydraulic Press #2,Production,2014,10,2024-01-23,150.49,55.21,3.502,29.95,32424,36,True,LOW
RD-22257,MCH-008,Welding Station Alpha,Production,2021,3,2024-03-18,122.4,81.41,6.35,53.55,53064,22,False,LOW
RD-22258,MCH-009,Cooling Circuit Pump,Utilities,2013,11,2023-05-22,88.27,79.9,5.979,45.78,195532,49,False,MEDIUM
RD-22259,MCH-010,Conveyor System Main,Logistics,2016,8,2024-03-24,106.28,61.01,1.486,48.2,55170,32,False,LOW
RD-22260,MCH-001,Pipe Bending Line A,Production,2018,6,2024-03-25,104.58,83.62,5.421,54.59,45927,27,True,LOW
RD-22261,MCH-002,Hydraulic Press #1,Production,2015,9,2023-07-22,95.26,68.5,5.595,46.38,25664,43,False,MEDIUM
RD-22262,MCH-003,CNC Lathe Station 3,Machining,2019,5,2024-10-23,136.47,87.51,4.127,49.36,18688,23,False,LOW
RD-22263,MCH-004,Valve Assembly Robot,Assembly,2020,4,2023-07-10,141.01,68.81,3.762,60.19,13588,16,False,LOW
RD-22264,MCH-005,Quality Test Bench,QA,2017,7,2024-11-13,111.64,73.85,1.306,47.82,74760,28,False,LOW
RD-22265,MCH-006,Packaging Unit B,Logistics,2016,8,2023-04-03,99.06,46.48,0.844,32.15,147108,32,False,LOW
RD-22266,MCH-007,Hydraulic Press #2,Production,2014,10,2023-05-20,98.08,82.02,6.751,42.64,73276,50,False,MEDIUM
RD-22267,MCH-008,Welding Station Alpha,Production,2021,3,2024-01-11,148.76,80.49,5.171,38.8,52624,13,True,LOW
RD-22268,MCH-009,Cooling Circuit Pump,Utilities,2013,11,2023-05-28,170.69,84.91,5.462,38.95,59504,39,False,LOW
RD-22269,MCH-010,Conveyor System Main,Logistics,2016,8,2023-08-20,114.11,38.98,0.202,55.52,76812,32,False,LOW
RD-22270,MCH-001,Pipe Bending Line A,Production,2018,6,2023-11-16,144.02,84.18,2.025,52.99,69363,24,False,LOW
RD-22271,MCH-002,Hydraulic Press #1,Production,2015,9,2023-03-26,125.13,75.86,0.765,41.69,152504,36,False,LOW
RD-22272,MCH-003,CNC Lathe Station 3,Machining,2019,5,2023-02-22,113.49,63.76,4.566,53.29,50864,20,False,LOW
RD-22273,MCH-004,Valve Assembly Robot,Assembly,2020,4,2023-06-10,188.62,93.22,5.367,43.67,39404,28,True,LOW
RD-22274,MCH-005,Quality Test Bench,QA,2017,7,2024-03-17,136.4,93.04,2.385,49.3,92187,37,False,LOW
RD-22275,MCH-006,Packaging Unit B,Logistics,2016,8,2023-04-05,113.6,54.26,5.134,47.88,126372,33,False,LOW
RD-22276,MCH-007,Hydraulic Press #2,Production,2014,10,2024-11-27,137.59,86.42,6.895,33.18,162196,52,False,MEDIUM
RD-22277,MCH-008,Welding Station Alpha,Production,2021,3,2024-05-31,143.99,80.17,7.726,49.78,87138,33,False,LOW
RD-22278,MCH-009,Cooling Circuit Pump,Utilities,2013,11,2023-10-22,94.97,72.49,5.82,63.2,90348,45,False,MEDIUM
RD-22279,MCH-010,Conveyor System Main,Logistics,2016,8,2023-03-28,110.43,58.2,3.287,41.48,108180,32,False,LOW
RD-22280,MCH-001,Pipe Bending Line A,Production,2018,6,2024-05-19,99.27,75.39,6.666,47.15,67293,37,False,LOW
RD-22281,MCH-002,Hydraulic Press #1,Production,2015,9,2023-08-28,118.21,63.24,5.01,43.41,102128,36,False,LOW
RD-22282,MCH-003,CNC Lathe Station 3,Machining,2019,5,2023-04-29,115.4,80.02,1.496,48.53,57330,20,False,LOW
RD-22283,MCH-004,Valve Assembly Robot,Assembly,2020,4,2024-04-05,129.08,54.94,3.237,48.82,84724,16,True,LOW
RD-22284,MCH-005,Quality Test Bench,QA,2017,7,2023-04-28,149.47,90.48,0.556,48.61,94746,34,False,LOW
RD-22285,MCH-006,Packaging Unit B,Logistics,2016,8,2023-12-02,125.07,47.91,5.816,45.76,31047,38,False,LOW
RD-22286,MCH-007,Hydraulic Press #2,Production,2014,10,2024-04-17,70.93,91.17,3.295,41.98,138852,57,False,MEDIUM
RD-22287,MCH-008,Welding Station Alpha,Production,2021,3,2023-10-17,144.56,94.61,1.631,55.79,93494,23,False,LOW
RD-22288,MCH-009,Cooling Circuit Pump,Utilities,2013,11,2023-11-05,108.24,89.33,5.382,44.79,54032,44,True,MEDIUM
RD-22289,MCH-010,Conveyor System Main,Logistics,2016,8,2023-05-01,121.36,70.67,9.65,46.24,72957,69,True,MEDIUM
RD-22290,MCH-001,Pipe Bending Line A,Production,2018,6,2024-12-13,105.89,51.16,4.489,46.06,96468,24,False,LOW
RD-22291,MCH-002,Hydraulic Press #1,Production,2015,9,2023-06-03,165.34,79.41,5.575,48.42,175616,40,False,MEDIUM
RD-22292,MCH-003,CNC Lathe Station 3,Machining,2019,5,2023-04-22,109.98,82.28,5.632,26.71,95700,25,False,LOW
RD-22293,MCH-004,Valve Assembly Robot,Assembly,2020,4,2023-05-01,117.67,100.68,2.252,44.11,81740,34,False,LOW
RD-22294,MCH-005,Quality Test Bench,QA,2017,7,2024-03-07,134.56,92.49,5.986,46.29,142521,44,False,MEDIUM
RD-22295,MCH-006,Packaging Unit B,Logistics,2016,8,2023-12-05,99.37,101.47,9.697,45.25,97992,89,False,HIGH
RD-22296,MCH-007,Hydraulic Press #2,Production,2014,10,2023-11-01,101.03,41.42,1.402,42.24,128020,36,False,LOW
RD-22297,MCH-008,Welding Station Alpha,Production,2021,3,2024-06-26,111.56,62.04,0.464,43.17,79678,12,False,LOW
RD-22298,MCH-009,Cooling Circuit Pump,Utilities,2013,11,2024-11-21,91.99,87.83,1.718,41.58,123568,43,False,MEDIUM
RD-22299,MCH-010,Conveyor System Main,Logistics,2016,8,2024-07-19,121.12,98.43,3.417,45.56,134946,48,False,MEDIUM
RD-22300,MCH-001,Pipe Bending Line A,Production,2018,6,2023-01-03,94.47,56.9,0.937,36.98,80046,26,False,LOW
RD-22301,MCH-002,Hydraulic Press #1,Production,2015,9,2024-08-19,108.68,77.88,0.901,40.19,174836,36,False,LOW
RD-22302,MCH-003,CNC Lathe Station 3,Machining,2019,5,2024-08-21,130.96,88.24,4.969,47.64,45800,23,False,LOW
RD-22303,MCH-004,Valve Assembly Robot,Assembly,2020,4,2023-11-24,94.71,98.07,0.995,39.58,37212,34,False,LOW
RD-22304,MCH-005,Quality Test Bench,QA,2017,7,2024-03-09,137.49,55.4,2.781,51.78,35235,28,False,LOW
RD-22305,MCH-006,Packaging Unit B,Logistics,2016,8,2024-10-28,100.55,93.82,2.491,46.98,139746,42,False,MEDIUM
RD-22306,MCH-007,Hydraulic Press #2,Production,2014,10,2024-11-02,99.74,63.31,8.139,55.64,149632,61,False,MEDIUM
RD-22307,MCH-008,Welding Station Alpha,Production,2021,3,2024-03-04,114.53,79.03,4.606,46.09,72236,12,False,LOW
RD-22308,MCH-009,Cooling Circuit Pump,Utilities,2013,11,2023-03-11,157.24,56.5,7.268,49.06,131868,54,True,MEDIUM
RD-22309,MCH-010,Conveyor System Main,Logistics,2016,8,2023-05-06,152.03,42.94,2.448,48.24,77406,32,False,LOW
RD-22310,MCH-001,Pipe Bending Line A,Production,2018,6,2024-11-30,93.84,56.8,1.254,40.45,38076,27,False,LOW
RD-22311,MCH-002,Hydraulic Press #1,Production,2015,9,2024-06-27,68.87,109.27,6.494,47.57,97128,92,False,HIGH
RD-22312,MCH-003,CNC Lathe Station 3,Machining,2019,5,2023-07-02,127.44,84.35,6.476,40.07,64298,31,False,LOW
RD-22313,MCH-004,Valve Assembly Robot,Assembly,2020,4,2023-02-21,105.38,64.81,3.309,40.76,61356,16,False,LOW
RD-22314,MCH-005,Quality Test Bench,QA,2017,7,2024-11-22,122.01,82.25,3.456,56.66,54681,28,False,LOW
RD-22315,MCH-006,Packaging Unit B,Logistics,2016,8,2023-01-07,121.41,34.82,4.201,46.06,90804,32,False,LOW
RD-22316,MCH-007,Hydraulic Press #2,Production,2014,10,2023-10-08,145.47,80.12,3.907,54.07,27468,36,False,LOW
RD-22317,MCH-008,Welding Station Alpha,Production,2021,3,2024-05-09,77.78,54.52,2.708,38.63,42372,23,False,LOW
RD-22318,MCH-009,Cooling Circuit Pump,Utilities,2013,11,2024-05-16,103.31,74.02,2.09,45.79,79176,36,False,LOW
RD-22319,MCH-010,Conveyor System Main,Logistics,2016,8,2023-01-18,144.05,83.18,2.024,48.1,70746,32,False,LOW
RD-22320,MCH-001,Pipe Bending Line A,Production,2018,6,2023-04-16,108.26,51.51,0.788,37.31,131427,24,False,LOW
RD-22321,MCH-002,Hydraulic Press #1,Production,2015,9,2023-07-16,119.47,67.47,5.049,49.29,178944,36,True,LOW
RD-22322,MCH-003,CNC Lathe Station 3,Machining,2019,5,2024-12-06,115.55,73.3,6.0,55.41,86546,28,False,LOW
RD-22323,MCH-004,Valve Assembly Robot,Assembly,2020,4,2024-04-25,123.38,72.38,5.857,49.22,39002,22,False,LOW
RD-22324,MCH-005,Quality Test Bench,QA,2017,7,2023-06-22,114.45,46.86,6.845,37.27,22431,42,False,MEDIUM
RD-22325,MCH-006,Packaging Unit B,Logistics,2016,8,2023-02-12,81.02,61.82,5.999,36.97,102339,49,False,MEDIUM
RD-22326,MCH-007,Hydraulic Press #2,Production,2014,10,2023-10-29,147.77,87.37,1.454,47.45,49808,38,False,LOW
RD-22327,MCH-008,Welding Station Alpha,Production,2021,3,2023-05-10,131.98,100.18,4.376,49.19,33608,30,False,LOW
RD-22328,MCH-009,Cooling Circuit Pump,Utilities,2013,11,2023-06-18,100.31,40.69,5.837,45.78,119356,42,False,MEDIUM
RD-22329,MCH-010,Conveyor System Main,Logistics,2016,8,2024-03-23,115.73,95.18,3.502,46.24,60534,44,False,MEDIUM
RD-22330,MCH-001,Pipe Bending Line A,Production,2018,6,2023-06-21,133.12,53.91,1.245,38.24,19830,24,False,LOW
RD-22331,MCH-002,Hydraulic Press #1,Production,2015,9,2024-08-27,109.26,54.64,6.812,50.42,179464,50,False,MEDIUM
RD-22332,MCH-003,CNC Lathe Station 3,Machining,2019,5,2023-02-08,114.48,62.29,5.589,36.08,26140,24,False,LOW
RD-22333,MCH-004,Valve Assembly Robot,Assembly,2020,4,2023-10-05,108.03,81.67,3.419,45.79,30454,16,False,LOW
RD-22334,MCH-005,Quality Test Bench,QA,2017,7,2024-08-10,146.47,41.61,6.453,49.39,35538,39,False,LOW
RD-22335,MCH-006,Packaging Unit B,Logistics,2016,8,2024-12-28,147.22,89.98,2.675,43.04,26766,37,False,LOW
RD-22336,MCH-007,Hydraulic Press #2,Production,2014,10,2024-08-16,127.23,73.91,2.277,34.05,35016,36,False,LOW
RD-22337,MCH-008,Welding Station Alpha,Production,2021,3,2023-09-27,129.79,53.63,0.842,47.91,79472,12,False,LOW
RD-22338,MCH-009,Cooling Circuit Pump,Utilities,2013,11,2023-08-24,100.56,91.3,4.608,35.8,117836,43,True,MEDIUM
RD-22339,MCH-010,Conveyor System Main,Logistics,2016,8,2024-03-09,122.24,80.14,3.843,52.42,146544,32,True,LOW
RD-22340,MCH-001,Pipe Bending Line A,Production,2018,6,2023-06-06,76.48,72.71,4.742,48.09,83616,35,True,LOW
RD-22341,MCH-002,Hydraulic Press #1,Production,2015,9,2023-11-06,121.19,89.68,5.229,48.79,184056,43,True,MEDIUM
RD-22342,MCH-003,CNC Lathe Station 3,Machining,2019,5,2024-07-11,125.76,96.24,10.079,38.48,70572,74,False,HIGH
RD-22343,MCH-004,Valve Assembly Robot,Assembly,2020,4,2023-04-02,102.12,87.79,6.484,51.38,18470,31,False,LOW
RD-22344,MCH-005,Quality Test Bench,QA,2017,7,2023-09-23,84.96,58.85,3.853,49.75,17727,35,False,LOW
RD-22345,MCH-006,Packaging Unit B,Logistics,2016,8,2023-04-29,100.85,44.62,0.27,50.89,120066,32,False,LOW
RD-22346,MCH-007,Hydraulic Press #2,Production,2014,10,2024-08-02,159.71,89.8,4.779,51.64,20516,41,False,MEDIUM
RD-22347,MCH-008,Welding Station Alpha,Production,2021,3,2024-11-02,125.46,68.07,4.974,38.16,60828,12,False,LOW
RD-22348,MCH-009,Cooling Circuit Pump,Utilities,2013,11,2024-09-20,147.52,22.86,2.859,52.39,149124,36,False,LOW
RD-22349,MCH-010,Conveyor System Main,Logistics,2016,8,2024-06-26,130.77,79.01,2.499,51.29,128796,32,True,LOW
RD-22350,MCH-001,Pipe Bending Line A,Production,2018,6,2023-07-08,114.89,85.45,5.704,45.05,132702,30,False,LOW
RD-22351,MCH-002,Hydraulic Press #1,Production,2015,9,2023-08-18,101.33,53.13,5.554,43.9,51804,40,False,MEDIUM
RD-22352,MCH-003,CNC Lathe Station 3,Machining,2019,5,2023-02-13,114.34,74.86,1.586,56.87,62600,20,False,LOW
RD-22353,MCH-004,Valve Assembly Robot,Assembly,2020,4,2024-04-19,132.98,74.55,6.729,41.51,35532,29,False,LOW
RD-22354,MCH-005,Quality Test Bench,QA,2017,7,2024-01-22,82.28,79.29,3.162,53.18,122445,36,False,LOW
RD-22355,MCH-006,Packaging Unit B,Logistics,2016,8,2023-02-24,115.25,74.92,1.649,41.15,141573,32,True,LOW
RD-22356,MCH-007,Hydraulic Press #2,Production,2014,10,2024-07-25,108.21,61.8,2.3,46.03,149660,36,False,LOW
RD-22357,MCH-008,Welding Station Alpha,Production,2021,3,2024-05-13,164.98,81.51,1.699,42.61,36924,12,False,LOW
RD-22358,MCH-009,Cooling Circuit Pump,Utilities,2013,11,2023-02-23,73.53,77.05,6.655,46.27,21772,62,True,MEDIUM
RD-22359,MCH-010,Conveyor System Main,Logistics,2016,8,2023-05-18,134.59,51.73,6.088,35.33,135969,40,False,MEDIUM
RD-22360,MCH-001,Pipe Bending Line A,Production,2018,6,2024-07-14,136.83,77.21,2.904,38.3,38835,24,False,LOW
RD-22361,MCH-002,Hydraulic Press #1,Production,2015,9,2024-09-15,100.75,83.05,2.492,46.45,66320,36,False,LOW
RD-22362,MCH-003,CNC Lathe Station 3,Machining,2019,5,2024-10-09,159.06,91.69,5.809,39.42,58660,34,False,LOW
RD-22363,MCH-004,Valve Assembly Robot,Assembly,2020,4,2023-05-10,121.74,85.56,5.166,49.26,38742,17,False,LOW
RD-22364,MCH-005,Quality Test Bench,QA,2017,7,2023-04-28,72.98,69.43,0.044,46.2,143514,41,False,MEDIUM
RD-22365,MCH-006,Packaging Unit B,Logistics,2016,8,2023-04-27,71.53,77.36,2.651,28.65,62352,46,False,MEDIUM
RD-22366,MCH-007,Hydraulic Press #2,Production,2014,10,2023-07-24,121.58,82.54,0.107,35.97,68104,36,True,LOW
RD-22367,MCH-008,Welding Station Alpha,Production,2021,3,2024-08-31,158.99,73.02,1.969,51.34,41240,12,False,LOW
RD-22368,MCH-009,Cooling Circuit Pump,Utilities,2013,11,2023-12-07,143.79,57.03,0.179,45.63,48856,36,False,LOW
RD-22369,MCH-010,Conveyor System Main,Logistics,2016,8,2023-12-14,107.61,67.81,7.466,45.98,75174,51,False,MEDIUM
RD-22370,MCH-001,Pipe Bending Line A,Production,2018,6,2024-06-16,98.98,62.09,0.899,40.21,111657,24,False,LOW
RD-22371,MCH-002,Hydraulic Press #1,Production,2015,9,2024-10-13,107.84,71.12,2.859,50.96,22640,36,False,LOW
RD-22372,MCH-003,CNC Lathe Station 3,Machining,2019,5,2023-11-14,171.3,81.18,3.388,39.56,63254,20,False,LOW
RD-22373,MCH-004,Valve Assembly Robot,Assembly,2020,4,2023-12-28,126.82,47.07,7.096,57.31,56502,32,False,LOW
RD-22374,MCH-005,Quality Test Bench,QA,2017,7,2023-07-21,113.55,75.17,1.73,52.39,147264,28,False,LOW
RD-22375,MCH-006,Packaging Unit B,Logistics,2016,8,2023-08-18,157.22,69.89,6.067,57.15,61239,40,False,MEDIUM
RD-22376,MCH-007,Hydraulic Press #2,Production,2014,10,2023-06-06,84.21,76.15,0.062,46.53,52268,43,False,MEDIUM
RD-22377,MCH-008,Welding Station Alpha,Production,2021,3,2024-08-15,112.64,87.41,3.398,51.16,80662,14,False,LOW
RD-22378,MCH-009,Cooling Circuit Pump,Utilities,2013,11,2023-09-03,130.58,67.31,3.083,57.33,69444,36,True,LOW
RD-22379,MCH-010,Conveyor System Main,Logistics,2016,8,2023-01-26,116.97,66.53,2.652,46.09,147048,32,False,LOW
RD-22380,MCH-001,Pipe Bending Line A,Production,2018,6,2024-07-03,109.67,86.61,3.27,49.9,85569,25,True,LOW
RD-22381,MCH-002,Hydraulic Press #1,Production,2015,9,2023-03-01,121.98,41.38,1.858,28.79,140920,36,False,LOW
RD-22382,MCH-003,CNC Lathe Station 3,Machining,2019,5,2023-06-14,116.6,43.24,3.501,51.85,23480,20,False,LOW
RD-22383,MCH-004,Valve Assembly Robot,Assembly,2020,4,2024-09-27,135.89,82.25,1.55,40.67,82210,16,False,LOW
RD-22384,MCH-005,Quality Test Bench,QA,2017,7,2024-04-26,87.14,92.73,0.469,57.88,88809,43,False,MEDIUM
RD-22385,MCH-006,Packaging Unit B,Logistics,2016,8,2024-05-12,185.13,66.34,0.8,43.22,44646,32,True,LOW
RD-22386,MCH-007,Hydraulic Press #2,Production,2014,10,2023-05-20,121.73,94.08,5.029,47.25,35532,47,False,MEDIUM
RD-22387,MCH-008,Welding Station Alpha,Production,2021,3,2024-02-19,112.55,61.97,5.157,49.18,24814,13,False,LOW
RD-22388,MCH-009,Cooling Circuit Pump,Utilities,2013,11,2024-04-05,110.86,73.61,6.519,51.94,82268,48,False,MEDIUM
RD-22389,MCH-010,Conveyor System Main,Logistics,2016,8,2024-02-06,79.21,98.77,2.248,58.75,52077,58,False,MEDIUM
RD-22390,MCH-001,Pipe Bending Line A,Production,2018,6,2023-08-09,132.73,50.94,2.025,44.75,149076,24,False,LOW
RD-22391,MCH-002,Hydraulic Press #1,Production,2015,9,2024-05-04,112.91,60.78,3.837,44.95,57180,36,False,LOW
RD-22392,MCH-003,CNC Lathe Station 3,Machining,2019,5,2024-07-29,115.05,71.67,3.918,64.38,62580,20,False,LOW
RD-22393,MCH-004,Valve Assembly Robot,Assembly,2020,4,2024-12-29,123.24,71.64,6.787,43.52,65006,30,False,LOW
RD-22394,MCH-005,Quality Test Bench,QA,2017,7,2023-10-06,106.81,59.11,6.662,49.34,81969,41,False,MEDIUM
RD-22395,MCH-006,Packaging Unit B,Logistics,2016,8,2024-05-01,152.4,66.3,1.594,46.72,75534,32,False,LOW
RD-22396,MCH-007,Hydraulic Press #2,Production,2014,10,2023-04-12,153.4,83.15,0.275,28.99,137844,36,False,LOW
RD-22397,MCH-008,Welding Station Alpha,Production,2021,3,2023-08-23,97.14,74.51,4.709,45.44,91854,13,False,LOW
RD-22398,MCH-009,Cooling Circuit Pump,Utilities,2013,11,2024-08-09,127.76,75.96,5.168,45.43,60148,37,False,LOW
RD-22399,MCH-010,Conveyor System Main,Logistics,2016,8,2023-04-28,107.13,71.01,3.599,47.75,124146,32,False,LOW
RD-22400,MCH-001,Pipe Bending Line A,Production,2018,6,2024-01-23,109.07,95.86,6.422,52.66,138819,48,True,MEDIUM
RD-22401,MCH-002,Hydraulic Press #1,Production,2015,9,2024-07-28,114.38,83.38,0.887,53.05,32252,36,False,LOW
RD-22402,MCH-003,CNC Lathe Station 3,Machining,2019,5,2023-05-20,105.04,79.24,5.235,28.15,82326,21,False,LOW
RD-22403,MCH-004,Valve Assembly Robot,Assembly,2020,4,2024-04-13,79.48,73.71,2.378,49.68,27392,26,True,LOW
RD-22404,MCH-005,Quality Test Bench,QA,2017,7,2024-01-15,153.27,61.39,2.175,40.52,73167,28,False,LOW
RD-22405,MCH-006,Packaging Unit B,Logistics,2016,8,2024-10-11,130.62,89.2,3.537,31.49,91644,37,False,LOW
RD-22406,MCH-007,Hydraulic Press #2,Production,2014,10,2024-02-11,95.19,90.05,2.988,49.39,181164,44,False,MEDIUM
RD-22407,MCH-008,Welding Station Alpha,Production,2021,3,2023-01-06,148.86,100.73,0.303,50.29,76642,30,True,LOW
RD-22408,MCH-009,Cooling Circuit Pump,Utilities,2013,11,2023-08-05,140.37,55.03,3.791,47.37,93612,36,False,LOW
RD-22409,MCH-010,Conveyor System Main,Logistics,2016,8,2024-07-19,76.28,61.15,4.54,42.61,91368,43,False,MEDIUM
RD-22410,MCH-001,Pipe Bending Line A,Production,2018,6,2023-09-27,107.09,55.38,4.462,43.46,57570,24,False,LOW
RD-22411,MCH-002,Hydraulic Press #1,Production,2015,9,2024-01-19,130.97,47.14,4.124,44.08,55980,36,True,LOW
RD-22412,MCH-003,CNC Lathe Station 3,Machining,2019,5,2023-08-28,139.89,62.78,0.782,43.55,80928,20,False,LOW
RD-22413,MCH-004,Valve Assembly Robot,Assembly,2020,4,2024-11-07,135.59,73.59,5.388,37.68,55494,19,False,LOW
RD-22414,MCH-005,Quality Test Bench,QA,2017,7,2024-03-28,130.09,50.26,8.759,48.09,137694,58,True,MEDIUM
RD-22415,MCH-006,Packaging Unit B,Logistics,2016,8,2024-06-22,109.75,61.93,1.174,58.82,45342,32,False,LOW
RD-22416,MCH-007,Hydraulic Press #2,Production,2014,10,2024-06-08,155.99,78.4,2.865,50.56,153272,36,False,LOW
RD-22417,MCH-008,Welding Station Alpha,Production,2021,3,2023-08-27,157.22,77.82,4.809,51.95,87718,12,False,LOW
RD-22418,MCH-009,Cooling Circuit Pump,Utilities,2013,11,2024-03-05,86.48,78.78,3.668,38.64,44788,42,False,MEDIUM
RD-22419,MCH-010,Conveyor System Main,Logistics,2016,8,2024-09-03,120.32,62.13,8.534,50.73,135129,60,True,MEDIUM
RD-22420,MCH-001,Pipe Bending Line A,Production,2018,6,2024-05-20,90.93,61.56,3.153,48.62,89691,28,True,LOW
RD-22421,MCH-002,Hydraulic Press #1,Production,2015,9,2023-03-12,153.62,83.36,4.952,49.98,25136,36,False,LOW
RD-22422,MCH-003,CNC Lathe Station 3,Machining,2019,5,2023-05-11,124.73,57.01,5.449,31.74,41942,23,False,LOW
RD-22423,MCH-004,Valve Assembly Robot,Assembly,2020,4,2024-04-12,103.75,84.39,4.752,59.5,88650,16,False,LOW
RD-22424,MCH-005,Quality Test Bench,QA,2017,7,2023-08-28,100.12,79.84,7.282,40.49,94659,46,False,MEDIUM
RD-22425,MCH-006,Packaging Unit B,Logistics,2016,8,2023-02-09,105.47,90.54,4.647,55.64,79266,38,False,LOW
RD-22426,MCH-007,Hydraulic Press #2,Production,2014,10,2023-10-05,129.46,69.8,4.397,56.92,47988,36,False,LOW
RD-22427,MCH-008,Welding Station Alpha,Production,2021,3,2024-02-10,138.79,70.97,3.652,53.83,47112,12,False,LOW
RD-22428,MCH-009,Cooling Circuit Pump,Utilities,2013,11,2024-04-16,88.59,74.02,4.169,41.94,165924,41,False,MEDIUM
RD-22429,MCH-010,Conveyor System Main,Logistics,2016,8,2024-11-04,141.31,67.56,4.684,58.31,118755,32,False,LOW
RD-22430,MCH-001,Pipe Bending Line A,Production,2018,6,2023-09-09,106.95,89.27,2.923,48.68,37827,29,False,LOW
RD-22431,MCH-002,Hydraulic Press #1,Production,2015,9,2023-09-25,123.61,102.42,7.675,45.24,199444,78,True,HIGH
RD-22432,MCH-003,CNC Lathe Station 3,Machining,2019,5,2023-07-09,148.1,90.12,3.064,48.01,30174,26,False,LOW
RD-22433,MCH-004,Valve Assembly Robot,Assembly,2020,4,2024-11-03,144.56,94.23,4.87,42.52,48326,27,True,LOW
RD-22434,MCH-005,Quality Test Bench,QA,2017,7,2023-11-13,99.7,64.5,3.897,40.14,130950,28,False,LOW
RD-22435,MCH-006,Packaging Unit B,Logistics,2016,8,2023-04-10,123.71,61.12,9.568,54.12,126789,68,True,MEDIUM
RD-22436,MCH-007,Hydraulic Press #2,Production,2014,10,2024-05-08,165.71,122.77,0.296,29.63,96860,81,False,HIGH
RD-22437,MCH-008,Welding Station Alpha,Production,2021,3,2024-04-08,140.25,68.07,4.541,41.05,59770,12,True,LOW
RD-22438,MCH-009,Cooling Circuit Pump,Utilities,2013,11,2024-05-23,101.38,94.87,3.502,48.92,141972,47,True,MEDIUM
RD-22439,MCH-010,Conveyor System Main,Logistics,2016,8,2023-01-14,104.42,77.2,2.03,38.01,105657,32,False,LOW
RD-22440,MCH-001,Pipe Bending Line A,Production,2018,6,2023-12-27,125.98,39.34,5.532,37.4,127344,28,False,LOW
RD-22441,MCH-002,Hydraulic Press #1,Production,2015,9,2024-04-15,163.39,87.64,3.758,40.08,64280,39,True,LOW
RD-22442,MCH-003,CNC Lathe Station 3,Machining,2019,5,2023-01-24,124.3,52.22,4.372,43.33,58746,20,False,LOW
RD-22443,MCH-004,Valve Assembly Robot,Assembly,2020,4,2023-12-06,143.26,66.1,2.439,47.52,84822,16,False,LOW
RD-22444,MCH-005,Quality Test Bench,QA,2017,7,2024-09-24,140.85,102.81,5.424,54.37,140712,52,True,MEDIUM
RD-22445,MCH-006,Packaging Unit B,Logistics,2016,8,2024-07-31,122.36,94.83,3.952,39.71,68763,43,False,MEDIUM
RD-22446,MCH-007,Hydraulic Press #2,Production,2014,10,2023-08-02,151.13,48.96,1.532,48.51,65144,36,False,LOW
RD-22447,MCH-008,Welding Station Alpha,Production,2021,3,2023-03-20,148.44,69.12,3.223,42.51,16606,12,False,LOW
RD-22448,MCH-009,Cooling Circuit Pump,Utilities,2013,11,2023-01-24,157.7,130.97,1.212,55.27,85904,91,True,HIGH
RD-22449,MCH-010,Conveyor System Main,Logistics,2016,8,2023-03-26,86.28,114.16,6.306,44.15,15690,84,True,HIGH
RD-22450,MCH-001,Pipe Bending Line A,Production,2018,6,2024-07-16,133.06,44.61,3.273,40.36,30729,24,False,LOW
RD-22451,MCH-002,Hydraulic Press #1,Production,2015,9,2024-10-09,141.37,93.19,1.55,52.17,154596,45,False,MEDIUM
RD-22452,MCH-003,CNC Lathe Station 3,Machining,2019,5,2023-07-17,117.89,83.48,4.816,37.2,57778,20,False,LOW
RD-22453,MCH-004,Valve Assembly Robot,Assembly,2020,4,2023-10-27,103.35,84.3,1.474,58.83,82430,16,False,LOW
RD-22454,MCH-005,Quality Test Bench,QA,2017,7,2024-08-11,109.01,68.13,2.931,37.69,54828,28,False,LOW
RD-22455,MCH-006,Packaging Unit B,Logistics,2016,8,2024-12-05,129.14,79.43,6.974,29.43,61083,47,False,MEDIUM
RD-22456,MCH-007,Hydraulic Press #2,Production,2014,10,2023-08-13,118.15,59.25,7.043,42.75,23928,52,False,MEDIUM
RD-22457,MCH-008,Welding Station Alpha,Production,2021,3,2023-07-31,111.36,48.46,5.81,40.33,87588,18,False,LOW
RD-22458,MCH-009,Cooling Circuit Pump,Utilities,2013,11,2023-01-21,115.6,81.83,0.932,49.65,24612,36,False,LOW
RD-22459,MCH-010,Conveyor System Main,Logistics,2016,8,2023-10-04,111.75,66.6,7.724,48.91,145101,53,False,MEDIUM
RD-22460,MCH-001,Pipe Bending Line A,Production,2018,6,2023-11-03,121.9,98.17,0.705,49.99,104592,39,False,LOW
RD-22461,MCH-002,Hydraulic Press #1,Production,2015,9,2023-03-11,161.44,104.63,2.038,44.03,178260,59,False,MEDIUM
RD-22462,MCH-003,CNC Lathe Station 3,Machining,2019,5,2024-09-29,157.09,95.58,2.913,48.82,81756,32,False,LOW
RD-22463,MCH-004,Valve Assembly Robot,Assembly,2020,4,2023-12-16,117.95,65.15,0.19,47.31,76688,16,False,LOW
RD-22464,MCH-005,Quality Test Bench,QA,2017,7,2023-03-29,113.87,95.05,5.423,30.15,95184,43,False,MEDIUM
RD-22465,MCH-006,Packaging Unit B,Logistics,2016,8,2023-04-06,111.7,44.14,4.246,49.37,142095,32,False,LOW
RD-22466,MCH-007,Hydraulic Press #2,Production,2014,10,2024-10-21,161.13,91.34,1.989,30.75,88768,43,False,MEDIUM
RD-22467,MCH-008,Welding Station Alpha,Production,2021,3,2024-09-24,130.26,70.24,3.012,37.56,88586,12,False,LOW
RD-22468,MCH-009,Cooling Circuit Pump,Utilities,2013,11,2023-04-19,161.87,59.24,1.672,49.24,160780,36,False,LOW
RD-22469,MCH-010,Conveyor System Main,Logistics,2016,8,2024-04-30,120.17,73.61,1.029,39.33,101004,32,False,LOW
RD-22470,MCH-001,Pipe Bending Line A,Production,2018,6,2023-02-18,116.31,105.46,2.549,45.32,53772,48,False,MEDIUM
RD-22471,MCH-002,Hydraulic Press #1,Production,2015,9,2023-11-12,78.45,69.4,2.863,45.06,86656,46,True,MEDIUM
RD-22472,MCH-003,CNC Lathe Station 3,Machining,2019,5,2024-04-23,148.01,78.52,5.275,51.22,26718,22,False,LOW
RD-22473,MCH-004,Valve Assembly Robot,Assembly,2020,4,2023-06-22,115.02,57.78,4.419,57.33,72938,16,True,LOW
RD-22474,MCH-005,Quality Test Bench,QA,2017,7,2023-07-01,92.59,76.26,2.653,41.28,35874,31,False,LOW
RD-22475,MCH-006,Packaging Unit B,Logistics,2016,8,2024-11-03,144.04,77.4,6.58,49.96,58734,44,False,MEDIUM
RD-22476,MCH-007,Hydraulic Press #2,Production,2014,10,2023-09-11,101.55,59.1,6.166,51.74,34656,45,False,MEDIUM
RD-22477,MCH-008,Welding Station Alpha,Production,2021,3,2024-05-01,140.21,72.46,4.544,54.01,53256,12,False,LOW
RD-22478,MCH-009,Cooling Circuit Pump,Utilities,2013,11,2023-09-17,125.05,76.01,4.139,45.25,138812,36,False,LOW
RD-22479,MCH-010,Conveyor System Main,Logistics,2016,8,2023-08-10,145.98,83.72,3.922,40.28,18564,32,True,LOW
RD-22480,MCH-001,Pipe Bending Line A,Production,2018,6,2023-11-16,132.52,43.03,2.728,34.66,125817,24,False,LOW
RD-22481,MCH-002,Hydraulic Press #1,Production,2015,9,2024-05-05,102.19,36.15,2.797,38.86,76272,36,False,LOW
RD-22482,MCH-003,CNC Lathe Station 3,Machining,2019,5,2024-11-10,127.37,63.94,0.891,51.56,43710,20,False,LOW
RD-22483,MCH-004,Valve Assembly Robot,Assembly,2020,4,2024-05-16,115.51,65.63,3.735,37.01,32854,16,False,LOW
RD-22484,MCH-005,Quality Test Bench,QA,2017,7,2023-01-01,93.61,100.1,8.926,39.87,27168,80,True,HIGH
RD-22485,MCH-006,Packaging Unit B,Logistics,2016,8,2024-04-02,110.02,68.51,1.341,55.23,101565,32,False,LOW
RD-22486,MCH-007,Hydraulic Press #2,Production,2014,10,2024-08-14,95.85,43.9,8.474,43.12,129420,65,False,MEDIUM
RD-22487,MCH-008,Welding Station Alpha,Production,2021,3,2023-09-21,144.17,77.56,2.404,32.18,74544,12,False,LOW
RD-22488,MCH-009,Cooling Circuit Pump,Utilities,2013,11,2024-03-26,156.1,78.3,0.821,62.1,90076,36,False,LOW
RD-22489,MCH-010,Conveyor System Main,Logistics,2016,8,2023-12-15,106.06,54.4,5.185,35.33,112803,33,True,LOW
RD-22490,MCH-001,Pipe Bending Line A,Production,2018,6,2024-09-17,125.28,80.32,4.136,36.47,125916,24,False,LOW
RD-22491,MCH-002,Hydraulic Press #1,Production,2015,9,2024-11-05,115.33,101.37,2.894,36.1,94960,55,True,MEDIUM
RD-22492,MCH-003,CNC Lathe Station 3,Machining,2019,5,2024-10-27,76.37,72.18,3.72,50.89,80964,31,False,LOW
RD-22493,MCH-004,Valve Assembly Robot,Assembly,2020,4,2024-05-09,129.7,45.77,2.269,61.72,90252,16,False,LOW
RD-22494,MCH-005,Quality Test Bench,QA,2017,7,2023-01-01,125.23,110.95,0.968,40.71,28698,59,False,MEDIUM
RD-22495,MCH-006,Packaging Unit B,Logistics,2016,8,2023-05-24,123.54,78.35,1.954,50.98,149142,32,False,LOW
RD-22496,MCH-007,Hydraulic Press #2,Production,2014,10,2024-08-04,100.29,53.86,1.842,48.0,123772,36,False,LOW
RD-22497,MCH-008,Welding Station Alpha,Production,2021,3,2024-02-20,136.94,91.06,0.171,49.91,88460,19,False,LOW
RD-22498,MCH-009,Cooling Circuit Pump,Utilities,2013,11,2024-06-09,117.03,64.43,5.084,37.57,105592,36,False,LOW
RD-22499,MCH-010,Conveyor System Main,Logistics,2016,8,2024-10-11,92.78,53.29,6.522,40.69,147153,47,True,MEDIUM
RD-22500,MCH-001,Pipe Bending Line A,Production,2018,6,2024-04-22,102.95,74.68,2.2,51.61,65919,24,False,LOW
RD-22501,MCH-002,Hydraulic Press #1,Production,2015,9,2024-01-21,123.63,77.95,6.534,50.29,72416,48,False,MEDIUM
RD-22502,MCH-003,CNC Lathe Station 3,Machining,2019,5,2023-08-20,140.53,63.45,1.711,34.05,11110,20,False,LOW
RD-22503,MCH-004,Valve Assembly Robot,Assembly,2020,4,2023-09-07,115.56,89.85,5.184,29.38,59174,23,False,LOW
RD-22504,MCH-005,Quality Test Bench,QA,2017,7,2024-05-02,110.18,72.51,6.734,44.96,110409,41,False,MEDIUM
RD-22505,MCH-006,Packaging Unit B,Logistics,2016,8,2024-08-10,68.19,65.98,5.277,46.71,101742,50,False,MEDIUM
RD-22506,MCH-007,Hydraulic Press #2,Production,2014,10,2023-09-14,80.52,62.51,6.512,46.9,71692,57,False,MEDIUM
RD-22507,MCH-008,Welding Station Alpha,Production,2021,3,2023-02-09,105.75,64.47,2.065,37.76,37572,12,False,LOW
RD-22508,MCH-009,Cooling Circuit Pump,Utilities,2013,11,2024-10-21,116.21,55.32,3.573,40.61,185748,36,False,LOW
RD-22509,MCH-010,Conveyor System Main,Logistics,2016,8,2023-11-29,149.76,75.66,5.2,41.9,148521,33,False,LOW
RD-22510,MCH-001,Pipe Bending Line A,Production,2018,6,2023-11-13,113.79,81.44,5.995,38.33,45207,31,False,LOW
RD-22511,MCH-002,Hydraulic Press #1,Production,2015,9,2024-06-19,107.81,54.14,3.849,36.89,42600,36,False,LOW
RD-22512,MCH-003,CNC Lathe Station 3,Machining,2019,5,2023-08-09,117.94,64.25,3.298,44.49,51758,20,False,LOW
RD-22513,MCH-004,Valve Assembly Robot,Assembly,2020,4,2024-06-04,114.34,72.96,0.579,45.17,13984,16,False,LOW
RD-22514,MCH-005,Quality Test Bench,QA,2017,7,2024-12-23,131.69,37.9,2.246,48.42,55623,28,False,LOW
RD-22515,MCH-006,Packaging Unit B,Logistics,2016,8,2023-03-25,105.38,116.02,7.793,52.36,135048,91,False,HIGH
RD-22516,MCH-007,Hydraulic Press #2,Production,2014,10,2023-07-25,109.71,66.34,8.64,46.19,179220,65,False,MEDIUM
RD-22517,MCH-008,Welding Station Alpha,Production,2021,3,2023-01-08,144.14,59.08,4.1,42.75,10602,12,False,LOW
RD-22518,MCH-009,Cooling Circuit Pump,Utilities,2013,11,2023-08-22,118.46,89.87,3.438,41.69,49984,41,False,MEDIUM
RD-22519,MCH-010,Conveyor System Main,Logistics,2016,8,2024-12-10,136.5,56.74,1.728,53.74,35568,32,False,LOW
RD-22520,MCH-001,Pipe Bending Line A,Production,2018,6,2023-09-01,61.47,71.66,3.578,44.28,46911,43,False,MEDIUM
RD-22521,MCH-002,Hydraulic Press #1,Production,2015,9,2024-03-13,140.13,52.6,7.211,59.33,103288,53,True,MEDIUM
RD-22522,MCH-003,CNC Lathe Station 3,Machining,2019,5,2023-06-12,143.85,81.63,6.521,37.13,10936,32,False,LOW
RD-22523,MCH-004,Valve Assembly Robot,Assembly,2020,4,2024-08-18,128.18,86.32,2.144,40.29,40750,17,True,LOW
RD-22524,MCH-005,Quality Test Bench,QA,2017,7,2024-08-11,75.47,80.89,4.492,31.99,136230,40,False,MEDIUM
RD-22525,MCH-006,Packaging Unit B,Logistics,2016,8,2024-01-15,127.55,70.43,4.413,46.96,28398,32,False,LOW
RD-22526,MCH-007,Hydraulic Press #2,Production,2014,10,2024-10-23,141.07,75.04,5.762,58.25,40700,42,False,MEDIUM
RD-22527,MCH-008,Welding Station Alpha,Production,2021,3,2023-06-16,158.97,76.55,2.7,47.85,96446,12,False,LOW
RD-22528,MCH-009,Cooling Circuit Pump,Utilities,2013,11,2023-07-05,110.42,105.75,0.871,42.75,189256,60,False,MEDIUM
RD-22529,MCH-010,Conveyor System Main,Logistics,2016,8,2023-12-24,108.71,53.6,4.747,51.42,19353,32,False,LOW
RD-22530,MCH-001,Pipe Bending Line A,Production,2018,6,2023-03-31,141.88,103.01,6.743,53.84,122595,59,False,MEDIUM
RD-22531,MCH-002,Hydraulic Press #1,Production,2015,9,2024-03-17,135.2,77.19,7.29,52.94,159820,54,False,MEDIUM
RD-22532,MCH-003,CNC Lathe Station 3,Machining,2019,5,2024-01-04,78.53,63.19,4.174,43.91,23288,30,False,LOW
RD-22533,MCH-004,Valve Assembly Robot,Assembly,2020,4,2024-06-27,138.21,78.73,0.97,45.84,78110,16,False,LOW
RD-22534,MCH-005,Quality Test Bench,QA,2017,7,2024-03-25,100.33,81.16,4.54,52.83,148896,28,False,LOW
RD-22535,MCH-006,Packaging Unit B,Logistics,2016,8,2024-07-29,170.39,101.96,8.197,44.25,106941,77,False,HIGH
RD-22536,MCH-007,Hydraulic Press #2,Production,2014,10,2024-08-29,93.32,52.98,3.313,34.04,92912,39,False,LOW
RD-22537,MCH-008,Welding Station Alpha,Production,2021,3,2023-01-28,106.58,75.33,4.548,46.08,26952,12,False,LOW
RD-22538,MCH-009,Cooling Circuit Pump,Utilities,2013,11,2024-12-15,76.01,77.48,3.275,45.94,95324,47,False,MEDIUM
RD-22539,MCH-010,Conveyor System Main,Logistics,2016,8,2023-07-17,96.89,91.33,6.623,43.18,87126,54,True,MEDIUM
RD-22540,MCH-001,Pipe Bending Line A,Production,2018,6,2023-05-26,131.1,59.76,0.772,47.52,87585,24,True,LOW
RD-22541,MCH-002,Hydraulic Press #1,Production,2015,9,2024-07-28,81.23,58.54,6.587,51.96,101712,58,False,MEDIUM
RD-22542,MCH-003,CNC Lathe Station 3,Machining,2019,5,2023-04-09,151.91,120.7,0.551,50.46,27794,62,False,MEDIUM
RD-22543,MCH-004,Valve Assembly Robot,Assembly,2020,4,2023-12-25,81.61,51.23,5.823,50.69,80420,31,False,LOW
RD-22544,MCH-005,Quality Test Bench,QA,2017,7,2023-01-18,110.07,74.53,3.229,46.53,124380,28,False,LOW
RD-22545,MCH-006,Packaging Unit B,Logistics,2016,8,2023-10-31,112.97,74.41,5.242,53.63,55131,33,False,LOW
RD-22546,MCH-007,Hydraulic Press #2,Production,2014,10,2023-11-15,95.3,66.7,8.853,47.27,169892,69,True,MEDIUM
RD-22547,MCH-008,Welding Station Alpha,Production,2021,3,2024-01-23,104.09,81.31,5.916,45.86,80708,19,False,LOW
RD-22548,MCH-009,Cooling Circuit Pump,Utilities,2013,11,2024-09-21,97.13,90.89,4.223,33.45,126172,44,True,MEDIUM
RD-22549,MCH-010,Conveyor System Main,Logistics,2016,8,2023-02-18,120.25,44.64,2.149,38.09,97860,32,False,LOW
RD-22550,MCH-001,Pipe Bending Line A,Production,2018,6,2024-08-18,82.39,60.74,3.408,38.8,60774,32,False,LOW
RD-22551,MCH-002,Hydraulic Press #1,Production,2015,9,2024-04-02,99.74,101.7,2.591,61.75,149532,56,False,MEDIUM
RD-22552,MCH-003,CNC Lathe Station 3,Machining,2019,5,2023-11-01,144.56,58.34,6.003,46.84,33482,28,False,LOW
RD-22553,MCH-004,Valve Assembly Robot,Assembly,2020,4,2023-10-30,85.07,76.67,4.094,53.13,69004,23,True,LOW
RD-22554,MCH-005,Quality Test Bench,QA,2017,7,2024-06-12,114.95,66.02,3.724,62.03,16944,28,False,LOW
RD-22555,MCH-006,Packaging Unit B,Logistics,2016,8,2023-09-08,112.5,114.81,4.821,40.5,94776,67,False,MEDIUM
RD-22556,MCH-007,Hydraulic Press #2,Production,2014,10,2023-11-22,119.63,84.96,5.093,51.48,94732,36,False,LOW
RD-22557,MCH-008,Welding Station Alpha,Production,2021,3,2023-12-26,133.01,66.94,5.617,43.15,14944,16,False,LOW
RD-22558,MCH-009,Cooling Circuit Pump,Utilities,2013,11,2023-04-21,127.36,68.46,4.983,34.1,195976,36,False,LOW
RD-22559,MCH-010,Conveyor System Main,Logistics,2016,8,2023-03-09,149.86,71.63,5.638,53.87,51276,37,False,LOW
RD-22560,MCH-001,Pipe Bending Line A,Production,2018,6,2024-01-16,95.69,89.82,0.08,35.86,46281,31,True,LOW
RD-22561,MCH-002,Hydraulic Press #1,Production,2015,9,2023-09-12,145.21,22.55,3.506,48.63,111852,36,False,LOW
RD-22562,MCH-003,CNC Lathe Station 3,Machining,2019,5,2024-08-30,100.23,54.04,3.779,45.75,72004,20,True,LOW
RD-22563,MCH-004,Valve Assembly Robot,Assembly,2020,4,2024-11-17,132.92,77.95,7.274,52.83,94002,34,False,LOW
RD-22564,MCH-005,Quality Test Bench,QA,2017,7,2024-08-23,116.57,53.57,1.138,51.77,18147,28,True,LOW
RD-22565,MCH-006,Packaging Unit B,Logistics,2016,8,2023-09-06,100.63,56.33,5.678,52.55,141390,37,False,LOW
RD-22566,MCH-007,Hydraulic Press #2,Production,2014,10,2023-05-04,147.84,71.88,5.138,44.16,46580,37,False,LOW
RD-22567,MCH-008,Welding Station Alpha,Production,2021,3,2024-11-27,102.17,93.89,1.334,40.5,37220,22,False,LOW
RD-22568,MCH-009,Cooling Circuit Pump,Utilities,2013,11,2024-08-06,64.43,94.06,8.928,60.86,98068,96,False,HIGH
RD-22569,MCH-010,Conveyor System Main,Logistics,2016,8,2024-09-22,105.22,91.18,6.871,51.45,40389,54,False,MEDIUM
RD-22570,MCH-001,Pipe Bending Line A,Production,2018,6,2024-02-01,109.96,61.93,0.646,49.2,22383,24,True,LOW
RD-22571,MCH-002,Hydraulic Press #1,Production,2015,9,2024-07-07,109.19,87.07,2.348,44.6,36624,38,False,LOW
RD-22572,MCH-003,CNC Lathe Station 3,Machining,2019,5,2023-06-15,117.2,83.99,1.326,59.37,82154,20,False,LOW
RD-22573,MCH-004,Valve Assembly Robot,Assembly,2020,4,2023-03-31,126.07,82.36,6.512,37.4,67054,28,False,LOW
RD-22574,MCH-005,Quality Test Bench,QA,2017,7,2024-09-13,107.62,89.77,3.905,32.58,72159,33,False,LOW
RD-22575,MCH-006,Packaging Unit B,Logistics,2016,8,2023-04-17,122.06,89.71,3.101,40.7,30276,37,False,LOW
RD-22576,MCH-007,Hydraulic Press #2,Production,2014,10,2024-08-03,83.79,79.88,4.729,37.57,105224,44,False,MEDIUM
RD-22577,MCH-008,Welding Station Alpha,Production,2021,3,2024-05-24,136.22,55.55,2.457,51.98,61100,12,False,LOW
RD-22578,MCH-009,Cooling Circuit Pump,Utilities,2013,11,2024-07-07,146.78,95.6,4.623,38.79,192736,48,True,MEDIUM
RD-22579,MCH-010,Conveyor System Main,Logistics,2016,8,2023-05-19,49.49,75.43,3.178,46.62,68163,57,False,MEDIUM
RD-22580,MCH-001,Pipe Bending Line A,Production,2018,6,2023-09-04,143.9,69.45,5.745,45.69,45711,29,False,LOW
RD-22581,MCH-002,Hydraulic Press #1,Production,2015,9,2024-03-05,118.94,40.82,4.252,50.27,161532,36,False,LOW
RD-22582,MCH-003,CNC Lathe Station 3,Machining,2019,5,2023-08-25,143.97,86.78,2.418,42.72,21016,22,False,LOW
RD-22583,MCH-004,Valve Assembly Robot,Assembly,2020,4,2023-06-18,108.53,76.3,3.962,47.86,10852,16,False,LOW
RD-22584,MCH-005,Quality Test Bench,QA,2017,7,2023-04-08,121.48,64.27,1.208,43.07,68355,28,False,LOW
RD-22585,MCH-006,Packaging Unit B,Logistics,2016,8,2023-01-20,86.28,77.03,5.092,62.16,34089,39,True,LOW
RD-22586,MCH-007,Hydraulic Press #2,Production,2014,10,2023-01-14,144.78,81.51,2.811,53.12,47416,36,False,LOW
RD-22587,MCH-008,Welding Station Alpha,Production,2021,3,2024-07-09,145.36,81.59,2.151,40.63,98648,12,False,LOW
RD-22588,MCH-009,Cooling Circuit Pump,Utilities,2013,11,2024-01-06,167.01,65.54,5.759,49.24,161944,42,False,MEDIUM
RD-22589,MCH-010,Conveyor System Main,Logistics,2016,8,2023-04-04,103.22,85.73,3.396,26.75,60519,32,False,LOW
RD-22590,MCH-001,Pipe Bending Line A,Production,2018,6,2023-01-01,144.28,62.4,0.114,47.25,144072,24,False,LOW
RD-22591,MCH-002,Hydraulic Press #1,Production,2015,9,2023-07-29,120.5,54.48,3.083,43.0,48296,36,False,LOW
RD-22592,MCH-003,CNC Lathe Station 3,Machining,2019,5,2024-03-05,95.46,72.56,4.833,58.08,33418,22,False,LOW
RD-22593,MCH-004,Valve Assembly Robot,Assembly,2020,4,2024-07-08,128.9,48.03,3.631,55.37,93534,16,False,LOW
RD-22594,MCH-005,Quality Test Bench,QA,2017,7,2023-04-16,115.44,87.06,6.653,47.34,29094,43,False,MEDIUM
RD-22595,MCH-006,Packaging Unit B,Logistics,2016,8,2023-06-17,102.19,67.89,2.158,39.51,52515,32,False,LOW
RD-22596,MCH-007,Hydraulic Press #2,Production,2014,10,2023-08-24,118.02,78.85,4.993,39.33,177212,36,False,LOW
RD-22597,MCH-008,Welding Station Alpha,Production,2021,3,2023-04-03,106.09,72.12,5.297,49.25,20702,14,False,LOW
RD-22598,MCH-009,Cooling Circuit Pump,Utilities,2013,11,2024-12-17,103.3,43.87,8.973,38.8,115284,67,False,MEDIUM
RD-22599,MCH-010,Conveyor System Main,Logistics,2016,8,2023-06-12,117.45,72.53,5.129,30.94,21273,33,False,LOW
RD-22600,MCH-001,Pipe Bending Line A,Production,2018,6,2024-05-30,149.69,65.87,2.73,51.63,128364,24,False,LOW
RD-22601,MCH-002,Hydraulic Press #1,Production,2015,9,2023-09-21,130.28,60.84,5.91,44.62,178560,43,False,MEDIUM
RD-22602,MCH-003,CNC Lathe Station 3,Machining,2019,5,2024-12-09,112.48,62.46,2.973,45.66,55034,20,False,LOW
RD-22603,MCH-004,Valve Assembly Robot,Assembly,2020,4,2023-08-16,120.47,73.45,2.581,44.13,34438,16,True,LOW
RD-22604,MCH-005,Quality Test Bench,QA,2017,7,2024-01-25,165.21,59.6,4.524,46.35,99150,28,False,LOW
RD-22605,MCH-006,Packaging Unit B,Logistics,2016,8,2024-10-31,124.72,74.27,2.284,39.73,41016,32,False,LOW
RD-22606,MCH-007,Hydraulic Press #2,Production,2014,10,2024-07-20,122.36,92.14,7.909,44.48,72612,67,False,MEDIUM
RD-22607,MCH-008,Welding Station Alpha,Production,2021,3,2024-01-25,105.37,61.28,5.018,47.29,72610,12,False,LOW
RD-22608,MCH-009,Cooling Circuit Pump,Utilities,2013,11,2023-07-26,102.45,91.13,2.585,56.46,108728,43,True,MEDIUM
RD-22609,MCH-010,Conveyor System Main,Logistics,2016,8,2024-02-08,161.61,36.56,3.863,47.27,71586,32,False,LOW
RD-22610,MCH-001,Pipe Bending Line A,Production,2018,6,2023-11-01,109.97,80.84,0.47,49.88,102042,24,False,LOW
RD-22611,MCH-002,Hydraulic Press #1,Production,2015,9,2024-11-16,126.17,78.67,1.295,50.73,197412,36,False,LOW
RD-22612,MCH-003,CNC Lathe Station 3,Machining,2019,5,2023-05-25,111.85,68.26,3.528,42.6,16554,20,False,LOW
RD-22613,MCH-004,Valve Assembly Robot,Assembly,2020,4,2023-12-08,102.67,41.38,4.809,53.37,27098,16,False,LOW
RD-22614,MCH-005,Quality Test Bench,QA,2017,7,2024-08-09,117.01,66.05,6.977,39.41,32490,43,False,MEDIUM
RD-22615,MCH-006,Packaging Unit B,Logistics,2016,8,2023-05-27,116.39,50.15,2.722,46.62,59757,32,False,LOW
RD-22616,MCH-007,Hydraulic Press #2,Production,2014,10,2023-04-29,120.65,71.12,2.012,47.23,77076,36,False,LOW
RD-22617,MCH-008,Welding Station Alpha,Production,2021,3,2023-01-22,116.92,71.53,5.595,44.41,95312,16,False,LOW
RD-22618,MCH-009,Cooling Circuit Pump,Utilities,2013,11,2023-03-04,136.64,72.05,6.051,41.88,65800,44,False,MEDIUM
RD-22619,MCH-010,Conveyor System Main,Logistics,2016,8,2024-01-14,112.21,41.46,4.84,54.82,43605,32,False,LOW
RD-22620,MCH-001,Pipe Bending Line A,Production,2018,6,2023-01-04,84.56,70.95,7.141,44.67,66807,48,True,MEDIUM
RD-22621,MCH-002,Hydraulic Press #1,Production,2015,9,2023-10-14,114.73,60.97,8.729,51.06,189772,65,True,MEDIUM
RD-22622,MCH-003,CNC Lathe Station 3,Machining,2019,5,2023-11-29,124.38,61.2,1.326,49.51,73686,20,False,LOW
RD-22623,MCH-004,Valve Assembly Robot,Assembly,2020,4,2024-04-01,131.64,95.9,5.464,53.52,48090,32,False,LOW
RD-22624,MCH-005,Quality Test Bench,QA,2017,7,2024-10-02,106.86,49.2,3.957,49.46,67440,28,True,LOW
RD-22625,MCH-006,Packaging Unit B,Logistics,2016,8,2023-06-18,76.09,43.2,6.599,52.04,57750,56,False,MEDIUM
RD-22626,MCH-007,Hydraulic Press #2,Production,2014,10,2024-06-28,116.21,69.19,0.387,49.89,169204,36,True,LOW
RD-22627,MCH-008,Welding Station Alpha,Production,2021,3,2024-12-02,104.87,73.98,0.2,46.9,45336,12,False,LOW
RD-22628,MCH-009,Cooling Circuit Pump,Utilities,2013,11,2024-09-02,132.71,87.9,0.018,56.46,103200,39,False,LOW
RD-22629,MCH-010,Conveyor System Main,Logistics,2016,8,2023-07-22,125.91,74.63,2.061,46.04,54042,32,True,LOW
RD-22630,MCH-001,Pipe Bending Line A,Production,2018,6,2023-08-31,125.79,97.92,3.921,43.07,70005,39,True,LOW
RD-22631,MCH-002,Hydraulic Press #1,Production,2015,9,2024-04-24,139.71,48.41,2.42,37.57,139860,36,False,LOW
RD-22632,MCH-003,CNC Lathe Station 3,Machining,2019,5,2023-04-16,132.82,45.11,2.139,35.51,90074,20,False,LOW
RD-22633,MCH-004,Valve Assembly Robot,Assembly,2020,4,2023-06-29,121.44,76.89,3.912,26.91,74070,16,False,LOW
RD-22634,MCH-005,Quality Test Bench,QA,2017,7,2023-11-24,136.02,74.87,3.875,54.68,32112,28,False,LOW
RD-22635,MCH-006,Packaging Unit B,Logistics,2016,8,2024-09-30,92.89,79.49,2.504,25.04,22491,35,False,LOW
RD-22636,MCH-007,Hydraulic Press #2,Production,2014,10,2023-06-19,159.99,96.98,3.552,59.41,130664,50,True,MEDIUM
RD-22637,MCH-008,Welding Station Alpha,Production,2021,3,2023-05-19,104.82,71.75,2.634,39.55,34584,12,False,LOW
RD-22638,MCH-009,Cooling Circuit Pump,Utilities,2013,11,2024-07-21,133.49,87.83,6.272,41.31,50704,49,False,MEDIUM
RD-22639,MCH-010,Conveyor System Main,Logistics,2016,8,2024-09-05,132.13,70.54,4.784,43.9,125826,32,False,LOW
RD-22640,MCH-001,Pipe Bending Line A,Production,2018,6,2024-01-18,96.65,66.72,1.552,36.02,39504,25,False,LOW
RD-22641,MCH-002,Hydraulic Press #1,Production,2015,9,2024-01-20,131.87,82.85,8.881,60.26,34716,67,True,MEDIUM
RD-22642,MCH-003,CNC Lathe Station 3,Machining,2019,5,2024-01-12,116.49,48.26,4.963,42.31,89086,20,True,LOW
RD-22643,MCH-004,Valve Assembly Robot,Assembly,2020,4,2024-08-16,124.66,57.45,4.103,48.17,32426,16,False,LOW
RD-22644,MCH-005,Quality Test Bench,QA,2017,7,2024-05-13,119.85,87.43,0.748,32.0,123819,30,False,LOW
RD-22645,MCH-006,Packaging Unit B,Logistics,2016,8,2024-06-15,144.67,112.34,0.954,45.31,49860,64,True,MEDIUM
RD-22646,MCH-007,Hydraulic Press #2,Production,2014,10,2023-02-28,165.71,63.7,1.747,58.48,54180,36,False,LOW
RD-22647,MCH-008,Welding Station Alpha,Production,2021,3,2024-09-11,141.32,66.18,7.545,37.87,25476,32,False,LOW
RD-22648,MCH-009,Cooling Circuit Pump,Utilities,2013,11,2024-07-21,116.58,91.28,4.211,52.78,155280,43,False,MEDIUM
RD-22649,MCH-010,Conveyor System Main,Logistics,2016,8,2023-12-17,141.72,82.88,4.905,37.72,60669,32,False,LOW
RD-22650,MCH-001,Pipe Bending Line A,Production,2018,6,2023-08-30,149.9,42.4,2.137,46.17,127968,24,False,LOW
RD-22651,MCH-002,Hydraulic Press #1,Production,2015,9,2023-12-06,160.43,48.32,9.895,52.54,195632,75,False,HIGH
RD-22652,MCH-003,CNC Lathe Station 3,Machining,2019,5,2024-03-26,119.67,57.61,2.977,44.99,73334,20,False,LOW
RD-22653,MCH-004,Valve Assembly Robot,Assembly,2020,4,2024-11-08,100.42,123.07,3.484,44.55,36764,61,False,MEDIUM
RD-22654,MCH-005,Quality Test Bench,QA,2017,7,2023-06-06,113.11,85.32,4.533,38.24,110985,28,False,LOW
RD-22655,MCH-006,Packaging Unit B,Logistics,2016,8,2023-09-19,116.33,63.66,4.024,45.03,128838,32,False,LOW
RD-22656,MCH-007,Hydraulic Press #2,Production,2014,10,2024-10-21,114.55,73.04,0.025,52.16,108600,36,False,LOW
RD-22657,MCH-008,Welding Station Alpha,Production,2021,3,2023-09-29,104.42,58.88,2.831,45.82,42752,12,False,LOW
RD-22658,MCH-009,Cooling Circuit Pump,Utilities,2013,11,2024-06-03,81.79,70.0,7.161,37.31,96628,62,True,MEDIUM
RD-22659,MCH-010,Conveyor System Main,Logistics,2016,8,2024-05-25,107.0,88.16,5.881,42.14,146409,42,False,MEDIUM
RD-22660,MCH-001,Pipe Bending Line A,Production,2018,6,2024-01-04,91.91,47.24,6.424,43.24,95166,39,True,LOW
RD-22661,MCH-002,Hydraulic Press #1,Production,2015,9,2023-03-16,110.5,82.77,1.407,36.94,46448,36,False,LOW
RD-22662,MCH-003,CNC Lathe Station 3,Machining,2019,5,2023-12-25,123.46,55.8,2.633,53.46,10598,20,False,LOW
RD-22663,MCH-004,Valve Assembly Robot,Assembly,2020,4,2023-06-10,128.13,63.15,5.545,42.02,26266,20,False,LOW
RD-22664,MCH-005,Quality Test Bench,QA,2017,7,2024-06-09,151.31,67.8,6.447,51.25,120204,39,False,LOW
RD-22665,MCH-006,Packaging Unit B,Logistics,2016,8,2024-05-28,126.77,72.7,3.242,50.09,146853,32,False,LOW
RD-22666,MCH-007,Hydraulic Press #2,Production,2014,10,2023-07-10,123.98,102.48,1.173,55.45,126404,56,False,MEDIUM
RD-22667,MCH-008,Welding Station Alpha,Production,2021,3,2024-09-05,154.99,79.48,4.71,38.77,81258,12,False,LOW
RD-22668,MCH-009,Cooling Circuit Pump,Utilities,2013,11,2024-08-28,95.53,74.13,2.635,28.17,122180,38,True,LOW
RD-22669,MCH-010,Conveyor System Main,Logistics,2016,8,2023-10-10,111.1,55.31,3.199,44.85,122688,32,False,LOW
RD-22670,MCH-001,Pipe Bending Line A,Production,2018,6,2024-03-04,128.16,81.07,6.004,44.33,25320,32,False,LOW
RD-22671,MCH-002,Hydraulic Press #1,Production,2015,9,2024-07-10,135.48,62.76,0.402,44.32,79056,36,False,LOW
RD-22672,MCH-003,CNC Lathe Station 3,Machining,2019,5,2023-05-06,92.75,60.0,4.801,42.4,91442,23,False,LOW
RD-22673,MCH-004,Valve Assembly Robot,Assembly,2020,4,2024-07-23,133.5,79.55,7.202,49.46,73472,33,False,LOW
RD-22674,MCH-005,Quality Test Bench,QA,2017,7,2023-12-27,136.13,112.14,4.657,49.49,59106,60,True,MEDIUM
RD-22675,MCH-006,Packaging Unit B,Logistics,2016,8,2023-04-13,131.93,49.34,1.214,51.02,18612,32,False,LOW
RD-22676,MCH-007,Hydraulic Press #2,Production,2014,10,2023-06-01,128.49,57.47,5.217,51.14,60640,37,False,LOW
RD-22677,MCH-008,Welding Station Alpha,Production,2021,3,2023-03-20,114.71,71.95,5.586,48.57,10402,16,False,LOW
RD-22678,MCH-009,Cooling Circuit Pump,Utilities,2013,11,2023-02-10,111.98,77.93,4.12,43.55,45384,36,True,LOW
RD-22679,MCH-010,Conveyor System Main,Logistics,2016,8,2023-06-26,112.99,88.05,4.298,38.65,41529,35,False,LOW
RD-22680,MCH-001,Pipe Bending Line A,Production,2018,6,2023-12-30,136.6,74.76,5.43,53.01,51060,27,False,LOW
RD-22681,MCH-002,Hydraulic Press #1,Production,2015,9,2023-02-26,163.86,72.28,0.092,47.57,127132,36,False,LOW
RD-22682,MCH-003,CNC Lathe Station 3,Machining,2019,5,2024-12-12,121.7,77.53,0.896,47.89,12486,20,True,LOW
RD-22683,MCH-004,Valve Assembly Robot,Assembly,2020,4,2024-06-16,137.47,87.74,2.921,44.69,14608,19,False,LOW
RD-22684,MCH-005,Quality Test Bench,QA,2017,7,2023-08-23,77.52,83.57,1.386,42.96,52527,39,False,LOW
RD-22685,MCH-006,Packaging Unit B,Logistics,2016,8,2023-02-23,120.04,84.38,4.915,38.46,30246,32,False,LOW
RD-22686,MCH-007,Hydraulic Press #2,Production,2014,10,2023-05-14,126.53,80.55,11.262,35.89,160700,86,False,HIGH
RD-22687,MCH-008,Welding Station Alpha,Production,2021,3,2023-10-23,128.87,65.64,6.496,32.41,30012,23,False,LOW
RD-22688,MCH-009,Cooling Circuit Pump,Utilities,2013,11,2023-09-30,132.57,89.11,1.353,53.25,67568,40,False,MEDIUM
RD-22689,MCH-010,Conveyor System Main,Logistics,2016,8,2023-08-15,142.12,47.66,0.605,52.25,56682,32,False,LOW
RD-22690,MCH-001,Pipe Bending Line A,Production,2018,6,2024-01-20,127.97,52.07,6.135,56.63,38064,33,False,LOW
RD-22691,MCH-002,Hydraulic Press #1,Production,2015,9,2023-11-08,99.38,81.07,4.616,43.78,128272,36,False,LOW
RD-22692,MCH-003,CNC Lathe Station 3,Machining,2019,5,2023-12-17,100.59,51.15,1.014,48.66,91422,20,False,LOW
RD-22693,MCH-004,Valve Assembly Robot,Assembly,2020,4,2024-11-13,107.87,74.56,3.47,42.85,16246,16,True,LOW
RD-22694,MCH-005,Quality Test Bench,QA,2017,7,2024-11-28,139.06,80.76,6.026,42.07,53136,36,False,LOW
RD-22695,MCH-006,Packaging Unit B,Logistics,2016,8,2024-10-06,90.66,57.69,3.061,57.34,62055,36,True,LOW
RD-22696,MCH-007,Hydraulic Press #2,Production,2014,10,2024-10-09,117.31,52.5,3.718,44.3,98712,36,True,LOW
RD-22697,MCH-008,Welding Station Alpha,Production,2021,3,2024-12-04,144.28,71.4,2.431,35.08,60940,12,False,LOW
RD-22698,MCH-009,Cooling Circuit Pump,Utilities,2013,11,2024-03-02,156.32,85.93,5.888,54.27,188516,44,True,MEDIUM
RD-22699,MCH-010,Conveyor System Main,Logistics,2016,8,2024-01-03,142.36,73.27,2.24,41.82,116673,32,False,LOW
RD-22700,MCH-001,Pipe Bending Line A,Production,2018,6,2024-06-09,144.2,111.14,7.117,50.92,139065,72,False,HIGH
RD-22701,MCH-002,Hydraulic Press #1,Production,2015,9,2023-04-18,119.45,102.18,5.416,49.25,80416,59,True,MEDIUM
RD-22702,MCH-003,CNC Lathe Station 3,Machining,2019,5,2023-05-05,119.59,97.06,6.185,48.11,27588,43,False,MEDIUM
RD-22703,MCH-004,Valve Assembly Robot,Assembly,2020,4,2023-05-20,136.49,74.45,2.383,54.02,30490,16,False,LOW
RD-22704,MCH-005,Quality Test Bench,QA,2017,7,2024-03-07,132.0,88.34,6.123,51.89,120093,40,False,MEDIUM
RD-22705,MCH-006,Packaging Unit B,Logistics,2016,8,2023-07-29,125.86,70.35,4.843,46.17,117807,32,False,LOW
RD-22706,MCH-007,Hydraulic Press #2,Production,2014,10,2023-09-07,128.35,78.31,2.751,64.31,67412,36,False,LOW
RD-22707,MCH-008,Welding Station Alpha,Production,2021,3,2023-11-15,152.5,67.76,1.954,47.89,48364,12,False,LOW
RD-22708,MCH-009,Cooling Circuit Pump,Utilities,2013,11,2024-09-22,139.21,87.5,8.605,55.35,149048,67,False,MEDIUM
RD-22709,MCH-010,Conveyor System Main,Logistics,2016,8,2024-10-01,149.25,81.3,1.777,50.36,128829,32,False,LOW
RD-22710,MCH-001,Pipe Bending Line A,Production,2018,6,2023-08-26,79.82,97.94,1.041,37.5,116979,49,False,MEDIUM
RD-22711,MCH-002,Hydraulic Press #1,Production,2015,9,2024-10-15,135.46,56.45,5.004,53.95,177628,36,False,LOW
RD-22712,MCH-003,CNC Lathe Station 3,Machining,2019,5,2024-08-23,109.01,63.52,1.735,38.42,81674,20,False,LOW
RD-22713,MCH-004,Valve Assembly Robot,Assembly,2020,4,2024-02-06,93.72,65.24,3.816,46.23,11660,19,False,LOW
RD-22714,MCH-005,Quality Test Bench,QA,2017,7,2024-03-06,147.25,64.92,1.011,40.04,118836,28,False,LOW
RD-22715,MCH-006,Packaging Unit B,Logistics,2016,8,2024-11-30,95.17,45.77,3.737,35.92,26088,34,False,LOW
RD-22716,MCH-007,Hydraulic Press #2,Production,2014,10,2024-08-28,148.22,65.47,3.753,38.64,103724,36,True,LOW
RD-22717,MCH-008,Welding Station Alpha,Production,2021,3,2023-07-29,111.38,79.94,3.311,55.61,62822,12,False,LOW
RD-22718,MCH-009,Cooling Circuit Pump,Utilities,2013,11,2024-01-25,133.01,65.27,3.851,49.97,125304,36,False,LOW
RD-22719,MCH-010,Conveyor System Main,Logistics,2016,8,2023-12-06,111.13,48.59,5.256,50.4,115620,34,True,LOW
RD-22720,MCH-001,Pipe Bending Line A,Production,2018,6,2023-02-03,88.49,79.45,3.968,43.36,66558,29,False,LOW
RD-22721,MCH-002,Hydraulic Press #1,Production,2015,9,2023-10-22,149.54,91.86,0.23,38.37,49592,44,False,MEDIUM
RD-22722,MCH-003,CNC Lathe Station 3,Machining,2019,5,2023-11-07,116.83,75.22,5.222,38.3,35030,21,False,LOW
RD-22723,MCH-004,Valve Assembly Robot,Assembly,2020,4,2024-09-28,156.24,55.96,3.58,40.15,28638,16,False,LOW
RD-22724,MCH-005,Quality Test Bench,QA,2017,7,2024-11-07,99.03,46.03,5.091,47.51,29421,29,False,LOW
RD-22725,MCH-006,Packaging Unit B,Logistics,2016,8,2024-01-16,162.97,76.51,4.688,51.12,46551,32,True,LOW
RD-22726,MCH-007,Hydraulic Press #2,Production,2014,10,2023-10-09,122.46,100.07,1.91,54.79,27680,54,True,MEDIUM
RD-22727,MCH-008,Welding Station Alpha,Production,2021,3,2023-10-03,114.91,61.93,5.02,50.19,36068,12,False,LOW
RD-22728,MCH-009,Cooling Circuit Pump,Utilities,2013,11,2024-11-12,72.26,88.1,1.607,50.22,185284,53,False,MEDIUM
RD-22729,MCH-010,Conveyor System Main,Logistics,2016,8,2024-07-16,118.2,86.3,3.469,35.77,109095,33,False,LOW
RD-22730,MCH-001,Pipe Bending Line A,Production,2018,6,2023-03-22,111.23,55.9,4.452,50.71,23964,24,False,LOW
RD-22731,MCH-002,Hydraulic Press #1,Production,2015,9,2024-10-18,124.57,98.76,6.169,42.5,26876,61,True,MEDIUM
RD-22732,MCH-003,CNC Lathe Station 3,Machining,2019,5,2023-08-22,130.81,58.21,1.844,44.88,13578,20,False,LOW
RD-22733,MCH-004,Valve Assembly Robot,Assembly,2020,4,2023-08-28,174.48,80.76,3.794,48.84,53804,16,False,LOW
RD-22734,MCH-005,Quality Test Bench,QA,2017,7,2024-05-30,143.09,65.21,2.348,51.38,39273,28,False,LOW
RD-22735,MCH-006,Packaging Unit B,Logistics,2016,8,2023-06-27,125.55,68.04,5.053,32.54,44106,32,False,LOW
RD-22736,MCH-007,Hydraulic Press #2,Production,2014,10,2023-09-21,130.06,56.69,0.652,31.69,181240,36,False,LOW
RD-22737,MCH-008,Welding Station Alpha,Production,2021,3,2023-01-22,154.59,69.25,2.458,45.66,62044,12,False,LOW
RD-22738,MCH-009,Cooling Circuit Pump,Utilities,2013,11,2023-10-18,92.0,96.9,0.898,42.81,32024,54,False,MEDIUM
RD-22739,MCH-010,Conveyor System Main,Logistics,2016,8,2023-10-12,102.49,94.73,1.054,40.17,140781,43,False,MEDIUM
RD-22740,MCH-001,Pipe Bending Line A,Production,2018,6,2024-11-02,89.73,83.77,2.235,52.01,123111,29,False,LOW
RD-22741,MCH-002,Hydraulic Press #1,Production,2015,9,2024-08-24,126.85,94.22,8.391,36.06,185240,74,False,HIGH
RD-22742,MCH-003,CNC Lathe Station 3,Machining,2019,5,2024-12-07,110.41,73.61,5.094,52.51,45170,20,False,LOW
RD-22743,MCH-004,Valve Assembly Robot,Assembly,2020,4,2024-02-29,106.0,75.89,2.968,34.95,95098,16,False,LOW
RD-22744,MCH-005,Quality Test Bench,QA,2017,7,2024-06-15,109.08,80.04,6.325,58.48,53955,38,False,LOW
RD-22745,MCH-006,Packaging Unit B,Logistics,2016,8,2023-12-17,141.9,30.94,0.468,42.15,101346,32,False,LOW
RD-22746,MCH-007,Hydraulic Press #2,Production,2014,10,2023-07-07,157.36,77.91,5.791,56.53,43300,42,False,MEDIUM
RD-22747,MCH-008,Welding Station Alpha,Production,2021,3,2024-01-23,162.69,80.75,3.389,31.58,92618,12,True,LOW
RD-22748,MCH-009,Cooling Circuit Pump,Utilities,2013,11,2023-04-30,117.58,74.95,2.608,50.78,63856,36,False,LOW
RD-22749,MCH-010,Conveyor System Main,Logistics,2016,8,2023-07-06,100.39,39.21,4.18,46.08,135753,32,True,LOW
RD-22750,MCH-001,Pipe Bending Line A,Production,2018,6,2024-04-19,90.47,81.24,3.435,47.2,52353,28,False,LOW
RD-22751,MCH-002,Hydraulic Press #1,Production,2015,9,2023-10-22,124.27,86.81,8.957,54.31,147160,69,False,MEDIUM
RD-22752,MCH-003,CNC Lathe Station 3,Machining,2019,5,2024-07-20,108.5,85.76,1.396,43.27,72790,20,False,LOW
RD-22753,MCH-004,Valve Assembly Robot,Assembly,2020,4,2023-06-07,113.26,49.79,4.402,40.18,25012,16,False,LOW
RD-22754,MCH-005,Quality Test Bench,QA,2017,7,2024-03-08,104.6,98.19,1.797,62.58,136632,43,True,MEDIUM
RD-22755,MCH-006,Packaging Unit B,Logistics,2016,8,2024-06-07,130.33,80.69,9.043,49.81,29133,64,False,MEDIUM
RD-22756,MCH-007,Hydraulic Press #2,Production,2014,10,2023-01-10,139.45,71.66,1.994,40.23,103720,36,False,LOW
RD-22757,MCH-008,Welding Station Alpha,Production,2021,3,2024-02-02,108.03,94.37,2.008,37.93,73116,23,False,LOW
RD-22758,MCH-009,Cooling Circuit Pump,Utilities,2013,11,2023-04-05,62.25,86.99,3.664,28.06,25092,57,True,MEDIUM
RD-22759,MCH-010,Conveyor System Main,Logistics,2016,8,2023-02-26,84.96,88.45,7.752,61.78,120096,65,False,MEDIUM
RD-22760,MCH-001,Pipe Bending Line A,Production,2018,6,2024-08-09,129.43,84.19,2.801,50.6,101163,24,True,LOW
RD-22761,MCH-002,Hydraulic Press #1,Production,2015,9,2023-12-09,94.37,111.27,7.812,26.82,23388,92,True,HIGH
RD-22762,MCH-003,CNC Lathe Station 3,Machining,2019,5,2023-06-21,148.65,91.14,1.108,50.03,26836,27,False,LOW
RD-22763,MCH-004,Valve Assembly Robot,Assembly,2020,4,2023-08-01,120.87,63.91,0.826,47.52,57496,16,False,LOW
RD-22764,MCH-005,Quality Test Bench,QA,2017,7,2024-06-13,102.97,66.5,0.65,51.74,88980,28,False,LOW
RD-22765,MCH-006,Packaging Unit B,Logistics,2016,8,2024-03-02,129.98,64.04,0.855,51.12,99810,32,False,LOW
RD-22766,MCH-007,Hydraulic Press #2,Production,2014,10,2024-02-29,104.73,74.89,4.336,58.37,56792,36,False,LOW
RD-22767,MCH-008,Welding Station Alpha,Production,2021,3,2023-01-08,128.13,75.57,3.208,57.34,72970,12,False,LOW
RD-22768,MCH-009,Cooling Circuit Pump,Utilities,2013,11,2023-01-31,123.43,53.92,5.15,40.36,69424,37,False,LOW
RD-22769,MCH-010,Conveyor System Main,Logistics,2016,8,2023-01-23,81.78,63.82,4.905,56.28,149259,41,False,MEDIUM
RD-22770,MCH-001,Pipe Bending Line A,Production,2018,6,2024-08-28,149.98,49.6,2.961,41.48,28602,24,False,LOW
RD-22771,MCH-002,Hydraulic Press #1,Production,2015,9,2024-01-29,123.87,91.66,10.134,32.54,114156,85,False,HIGH
RD-22772,MCH-003,CNC Lathe Station 3,Machining,2019,5,2023-08-11,125.33,91.78,2.656,47.44,35664,28,False,LOW
RD-22773,MCH-004,Valve Assembly Robot,Assembly,2020,4,2024-09-12,86.13,76.1,5.88,56.5,58546,29,True,LOW
RD-22774,MCH-005,Quality Test Bench,QA,2017,7,2024-06-07,129.8,102.05,1.558,59.08,17682,48,False,MEDIUM
RD-22775,MCH-006,Packaging Unit B,Logistics,2016,8,2023-08-29,98.26,55.26,3.426,58.7,98373,32,False,LOW
RD-22776,MCH-007,Hydraulic Press #2,Production,2014,10,2024-05-23,127.31,60.51,3.445,41.76,103944,36,False,LOW
RD-22777,MCH-008,Welding Station Alpha,Production,2021,3,2023-04-05,133.57,73.75,1.916,47.21,81594,12,False,LOW
RD-22778,MCH-009,Cooling Circuit Pump,Utilities,2013,11,2023-09-02,122.39,70.09,6.757,54.47,188844,50,True,MEDIUM
RD-22779,MCH-010,Conveyor System Main,Logistics,2016,8,2023-06-12,136.67,104.55,6.634,41.79,49539,68,False,MEDIUM
RD-22780,MCH-001,Pipe Bending Line A,Production,2018,6,2023-04-15,113.03,48.63,6.586,38.77,123207,36,False,LOW
RD-22781,MCH-002,Hydraulic Press #1,Production,2015,9,2023-08-20,123.47,82.0,1.771,35.17,154912,36,False,LOW
RD-22782,MCH-003,CNC Lathe Station 3,Machining,2019,5,2023-08-07,130.41,60.73,3.171,58.01,59264,20,False,LOW
RD-22783,MCH-004,Valve Assembly Robot,Assembly,2020,4,2023-03-27,129.48,72.84,1.923,46.16,24748,16,False,LOW
RD-22784,MCH-005,Quality Test Bench,QA,2017,7,2024-02-15,116.0,53.65,5.409,49.73,49164,31,False,LOW
RD-22785,MCH-006,Packaging Unit B,Logistics,2016,8,2024-12-20,156.17,80.89,0.399,55.32,78144,32,False,LOW
RD-22786,MCH-007,Hydraulic Press #2,Production,2014,10,2024-07-09,97.86,76.53,3.98,44.64,172520,37,False,LOW
RD-22787,MCH-008,Welding Station Alpha,Production,2021,3,2023-05-26,100.69,69.94,2.736,36.77,85964,12,False,LOW
RD-22788,MCH-009,Cooling Circuit Pump,Utilities,2013,11,2023-05-31,133.48,90.48,0.235,45.19,45096,42,True,MEDIUM
RD-22789,MCH-010,Conveyor System Main,Logistics,2016,8,2024-09-09,133.73,92.53,3.589,41.71,59511,41,False,MEDIUM
RD-22790,MCH-001,Pipe Bending Line A,Production,2018,6,2023-04-01,107.03,75.87,3.015,47.64,23691,24,True,LOW
RD-22791,MCH-002,Hydraulic Press #1,Production,2015,9,2024-05-04,149.93,95.61,5.193,62.47,140468,50,False,MEDIUM
RD-22792,MCH-003,CNC Lathe Station 3,Machining,2019,5,2024-03-13,88.05,69.88,3.742,39.58,94348,25,False,LOW
RD-22793,MCH-004,Valve Assembly Robot,Assembly,2020,4,2023-03-20,147.17,64.07,4.34,38.8,12542,16,False,LOW
RD-22794,MCH-005,Quality Test Bench,QA,2017,7,2024-03-10,117.67,73.24,7.1,50.82,51351,44,False,MEDIUM
RD-22795,MCH-006,Packaging Unit B,Logistics,2016,8,2023-03-03,136.75,88.64,1.764,47.86,44829,36,False,LOW
RD-22796,MCH-007,Hydraulic Press #2,Production,2014,10,2023-02-13,137.14,116.92,5.748,48.61,103364,80,False,HIGH
RD-22797,MCH-008,Welding Station Alpha,Production,2021,3,2023-08-19,132.38,83.36,2.421,54.12,99358,12,False,LOW
RD-22798,MCH-009,Cooling Circuit Pump,Utilities,2013,11,2023-12-14,126.73,62.7,1.074,48.99,162204,36,False,LOW
RD-22799,MCH-010,Conveyor System Main,Logistics,2016,8,2023-06-30,116.58,72.31,0.263,43.81,52827,32,False,LOW
RD-22800,MCH-001,Pipe Bending Line A,Production,2018,6,2024-09-10,106.98,71.81,1.222,47.67,149178,24,False,LOW
RD-22801,MCH-002,Hydraulic Press #1,Production,2015,9,2024-02-08,91.92,77.82,1.468,54.7,122240,40,False,MEDIUM
RD-22802,MCH-003,CNC Lathe Station 3,Machining,2019,5,2023-09-09,131.2,70.53,1.447,50.19,16916,20,False,LOW
RD-22803,MCH-004,Valve Assembly Robot,Assembly,2020,4,2024-05-21,96.75,60.78,5.291,52.92,24142,19,True,LOW
RD-22804,MCH-005,Quality Test Bench,QA,2017,7,2023-12-18,135.31,81.21,0.774,37.66,52047,28,False,LOW
RD-22805,MCH-006,Packaging Unit B,Logistics,2016,8,2023-02-28,121.69,90.98,6.308,40.05,63123,49,False,MEDIUM
RD-22806,MCH-007,Hydraulic Press #2,Production,2014,10,2023-01-28,112.13,64.73,7.054,46.45,87844,52,True,MEDIUM
RD-22807,MCH-008,Welding Station Alpha,Production,2021,3,2023-08-01,86.93,94.37,2.971,42.2,13824,29,False,LOW
RD-22808,MCH-009,Cooling Circuit Pump,Utilities,2013,11,2023-11-14,115.47,91.39,3.423,46.76,79348,43,False,MEDIUM
RD-22809,MCH-010,Conveyor System Main,Logistics,2016,8,2024-07-31,156.1,89.14,3.308,51.06,48066,36,False,LOW
RD-22810,MCH-001,Pipe Bending Line A,Production,2018,6,2023-01-04,140.03,85.42,1.411,44.77,138717,24,False,LOW
RD-22811,MCH-002,Hydraulic Press #1,Production,2015,9,2023-01-28,141.46,64.59,2.584,56.39,62132,36,False,LOW
RD-22812,MCH-003,CNC Lathe Station 3,Machining,2019,5,2023-12-10,110.65,84.66,0.051,36.58,85132,20,False,LOW
RD-22813,MCH-004,Valve Assembly Robot,Assembly,2020,4,2024-07-06,144.83,71.7,5.622,46.48,67080,20,False,LOW
RD-22814,MCH-005,Quality Test Bench,QA,2017,7,2023-03-23,119.44,52.51,0.399,45.84,32649,28,False,LOW
RD-22815,MCH-006,Packaging Unit B,Logistics,2016,8,2024-11-29,123.0,75.97,0.192,41.88,129240,32,False,LOW
RD-22816,MCH-007,Hydraulic Press #2,Production,2014,10,2024-04-03,143.87,74.97,0.683,44.77,109380,36,False,LOW
RD-22817,MCH-008,Welding Station Alpha,Production,2021,3,2023-11-29,115.93,84.21,3.325,42.82,40190,12,False,LOW
RD-22818,MCH-009,Cooling Circuit Pump,Utilities,2013,11,2024-07-09,121.42,106.2,0.631,40.45,131580,61,False,MEDIUM
RD-22819,MCH-010,Conveyor System Main,Logistics,2016,8,2023-03-01,103.57,72.64,4.063,54.24,29103,32,False,LOW
RD-22820,MCH-001,Pipe Bending Line A,Production,2018,6,2023-09-11,110.63,82.63,6.493,37.8,147405,35,False,LOW
RD-22821,MCH-002,Hydraulic Press #1,Production,2015,9,2024-08-19,122.51,82.39,5.43,59.53,191652,39,False,LOW
RD-22822,MCH-003,CNC Lathe Station 3,Machining,2019,5,2023-10-29,117.9,74.08,4.628,54.84,94870,20,True,LOW
RD-22823,MCH-004,Valve Assembly Robot,Assembly,2020,4,2024-06-08,106.15,52.62,5.086,50.78,85814,16,False,LOW
RD-22824,MCH-005,Quality Test Bench,QA,2017,7,2023-06-29,93.14,42.47,3.781,41.3,65529,31,False,LOW
RD-22825,MCH-006,Packaging Unit B,Logistics,2016,8,2023-10-27,125.56,95.65,1.943,30.76,108930,44,False,MEDIUM
RD-22826,MCH-007,Hydraulic Press #2,Production,2014,10,2024-02-07,177.78,54.22,1.359,60.14,61640,36,False,LOW
RD-22827,MCH-008,Welding Station Alpha,Production,2021,3,2024-11-06,94.79,69.18,4.926,35.46,71558,14,False,LOW
RD-22828,MCH-009,Cooling Circuit Pump,Utilities,2013,11,2024-11-20,174.32,93.35,4.925,46.24,116804,46,False,MEDIUM
RD-22829,MCH-010,Conveyor System Main,Logistics,2016,8,2023-01-18,72.35,78.93,3.905,27.52,93750,45,False,MEDIUM
RD-22830,MCH-001,Pipe Bending Line A,Production,2018,6,2023-02-08,125.66,63.03,5.0,28.84,136788,24,False,LOW
RD-22831,MCH-002,Hydraulic Press #1,Production,2015,9,2023-06-21,119.36,80.88,3.839,47.84,188516,36,True,LOW
RD-22832,MCH-003,CNC Lathe Station 3,Machining,2019,5,2024-02-28,94.15,80.68,2.149,47.91,41574,22,False,LOW
RD-22833,MCH-004,Valve Assembly Robot,Assembly,2020,4,2023-09-15,157.23,78.8,4.848,52.58,97564,16,False,LOW
RD-22834,MCH-005,Quality Test Bench,QA,2017,7,2024-11-20,116.08,86.93,3.838,32.99,46491,30,False,LOW
RD-22835,MCH-006,Packaging Unit B,Logistics,2016,8,2023-10-10,127.55,79.31,7.767,46.1,33198,54,False,MEDIUM
RD-22836,MCH-007,Hydraulic Press #2,Production,2014,10,2024-07-18,116.26,118.65,4.526,41.18,167488,76,False,HIGH
RD-22837,MCH-008,Welding Station Alpha,Production,2021,3,2024-11-16,109.68,71.01,5.401,41.44,56376,15,False,LOW
RD-22838,MCH-009,Cooling Circuit Pump,Utilities,2013,11,2024-09-29,84.43,47.96,1.687,34.83,39300,43,True,MEDIUM
RD-22839,MCH-010,Conveyor System Main,Logistics,2016,8,2024-10-18,105.98,73.52,0.208,49.02,21057,32,False,LOW
RD-22840,MCH-001,Pipe Bending Line A,Production,2018,6,2024-05-31,122.74,85.43,0.331,54.09,118641,24,False,LOW
RD-22841,MCH-002,Hydraulic Press #1,Production,2015,9,2024-03-17,135.85,93.74,2.958,48.0,107952,46,False,MEDIUM
RD-22842,MCH-003,CNC Lathe Station 3,Machining,2019,5,2024-04-22,128.71,62.89,3.827,45.22,21298,20,True,LOW
RD-22843,MCH-004,Valve Assembly Robot,Assembly,2020,4,2024-08-10,113.63,55.03,5.478,54.88,85570,19,False,LOW
RD-22844,MCH-005,Quality Test Bench,QA,2017,7,2023-12-02,120.44,85.53,3.342,45.52,37044,28,True,LOW
RD-22845,MCH-006,Packaging Unit B,Logistics,2016,8,2023-06-16,137.92,97.81,4.516,48.01,134487,47,False,MEDIUM
RD-22846,MCH-007,Hydraulic Press #2,Production,2014,10,2023-04-09,104.84,60.43,2.028,35.79,178008,36,False,LOW
RD-22847,MCH-008,Welding Station Alpha,Production,2021,3,2023-11-18,128.84,73.18,4.256,40.81,43834,12,False,LOW
RD-22848,MCH-009,Cooling Circuit Pump,Utilities,2013,11,2024-09-09,106.44,99.71,5.678,36.74,122252,59,True,MEDIUM
RD-22849,MCH-010,Conveyor System Main,Logistics,2016,8,2023-11-01,133.12,67.84,6.623,39.26,85791,44,False,MEDIUM
RD-22850,MCH-001,Pipe Bending Line A,Production,2018,6,2023-06-19,157.13,60.56,6.266,29.56,63483,34,True,LOW
RD-22851,MCH-002,Hydraulic Press #1,Production,2015,9,2024-07-30,130.5,86.56,2.041,36.4,74916,37,False,LOW
RD-22852,MCH-003,CNC Lathe Station 3,Machining,2019,5,2024-08-24,138.29,87.35,3.935,51.88,25980,22,False,LOW
RD-22853,MCH-004,Valve Assembly Robot,Assembly,2020,4,2024-09-22,135.03,80.89,2.634,48.03,88010,16,False,LOW
RD-22854,MCH-005,Quality Test Bench,QA,2017,7,2024-04-04,105.79,96.83,5.125,42.66,38172,43,False,MEDIUM
RD-22855,MCH-006,Packaging Unit B,Logistics,2016,8,2024-03-12,119.06,56.72,3.501,38.01,47829,32,False,LOW
RD-22856,MCH-007,Hydraulic Press #2,Production,2014,10,2024-03-14,116.74,101.2,3.819,47.41,158968,55,False,MEDIUM
RD-22857,MCH-008,Welding Station Alpha,Production,2021,3,2023-04-09,119.4,73.79,4.773,40.16,47438,12,False,LOW
RD-22858,MCH-009,Cooling Circuit Pump,Utilities,2013,11,2023-09-09,117.77,101.09,7.12,47.36,26220,72,True,HIGH
RD-22859,MCH-010,Conveyor System Main,Logistics,2016,8,2024-09-02,179.6,88.04,1.262,46.68,84555,35,True,LOW
RD-22860,MCH-001,Pipe Bending Line A,Production,2018,6,2023-01-20,142.74,101.34,0.463,50.51,118377,43,True,MEDIUM
RD-22861,MCH-002,Hydraulic Press #1,Production,2015,9,2023-09-03,137.81,82.22,6.776,26.85,160428,50,True,MEDIUM
RD-22862,MCH-003,CNC Lathe Station 3,Machining,2019,5,2023-12-14,125.82,88.03,5.803,51.64,89832,30,False,LOW
RD-22863,MCH-004,Valve Assembly Robot,Assembly,2020,4,2023-04-12,134.17,75.29,3.572,57.64,47128,16,False,LOW
RD-22864,MCH-005,Quality Test Bench,QA,2017,7,2024-04-16,101.3,71.01,1.283,32.34,123162,28,False,LOW
RD-22865,MCH-006,Packaging Unit B,Logistics,2016,8,2024-07-11,175.31,86.01,6.164,45.34,63435,42,False,MEDIUM
RD-22866,MCH-007,Hydraulic Press #2,Production,2014,10,2023-01-02,144.92,59.26,1.906,50.34,153664,36,False,LOW
RD-22867,MCH-008,Welding Station Alpha,Production,2021,3,2024-12-01,125.47,50.77,4.03,43.6,58574,12,False,LOW
RD-22868,MCH-009,Cooling Circuit Pump,Utilities,2013,11,2023-09-02,118.28,74.2,3.768,45.72,99616,36,False,LOW
RD-22869,MCH-010,Conveyor System Main,Logistics,2016,8,2024-08-05,104.26,43.04,3.625,38.3,58560,32,False,LOW
RD-22870,MCH-001,Pipe Bending Line A,Production,2018,6,2023-07-28,110.03,71.27,3.227,46.86,105408,24,False,LOW
RD-22871,MCH-002,Hydraulic Press #1,Production,2015,9,2024-12-24,107.91,87.39,2.713,50.92,92300,38,False,LOW
RD-22872,MCH-003,CNC Lathe Station 3,Machining,2019,5,2024-03-07,115.64,46.14,1.175,34.8,28752,20,False,LOW
RD-22873,MCH-004,Valve Assembly Robot,Assembly,2020,4,2023-08-18,103.32,74.42,3.326,55.33,66578,16,False,LOW
RD-22874,MCH-005,Quality Test Bench,QA,2017,7,2024-09-19,111.1,79.72,3.567,42.33,137595,28,False,LOW
RD-22875,MCH-006,Packaging Unit B,Logistics,2016,8,2024-05-22,107.65,78.39,0.478,33.92,84606,32,True,LOW
RD-22876,MCH-007,Hydraulic Press #2,Production,2014,10,2024-02-11,80.83,88.49,5.028,38.13,95964,49,False,MEDIUM
RD-22877,MCH-008,Welding Station Alpha,Production,2021,3,2023-09-22,129.54,86.15,4.157,40.91,31430,13,False,LOW
RD-22878,MCH-009,Cooling Circuit Pump,Utilities,2013,11,2024-10-18,94.31,64.87,3.319,51.92,117460,38,True,LOW
RD-22879,MCH-010,Conveyor System Main,Logistics,2016,8,2024-11-20,110.74,73.47,0.144,44.22,58209,32,False,LOW
RD-22880,MCH-001,Pipe Bending Line A,Production,2018,6,2023-01-07,117.52,65.91,4.689,39.45,75465,24,False,LOW
RD-22881,MCH-002,Hydraulic Press #1,Production,2015,9,2024-12-06,122.75,47.78,9.389,40.57,170016,71,False,HIGH
RD-22882,MCH-003,CNC Lathe Station 3,Machining,2019,5,2024-07-29,128.13,74.28,4.281,48.29,64574,20,False,LOW
RD-22883,MCH-004,Valve Assembly Robot,Assembly,2020,4,2023-02-24,117.95,67.26,3.168,43.48,29692,16,False,LOW
RD-22884,MCH-005,Quality Test Bench,QA,2017,7,2023-03-02,121.59,101.69,2.356,49.42,72132,48,False,MEDIUM
RD-22885,MCH-006,Packaging Unit B,Logistics,2016,8,2024-09-26,124.48,64.71,11.468,47.01,86634,83,False,HIGH
RD-22886,MCH-007,Hydraulic Press #2,Production,2014,10,2024-01-04,102.84,52.74,5.085,39.52,97276,36,False,LOW
RD-22887,MCH-008,Welding Station Alpha,Production,2021,3,2024-02-25,121.21,75.81,6.844,42.68,60084,26,False,LOW
RD-22888,MCH-009,Cooling Circuit Pump,Utilities,2013,11,2023-05-11,121.92,100.43,7.821,36.95,102892,77,False,HIGH
RD-22889,MCH-010,Conveyor System Main,Logistics,2016,8,2024-09-24,121.27,86.97,0.935,35.01,119190,34,True,LOW
RD-22890,MCH-001,Pipe Bending Line A,Production,2018,6,2023-06-14,83.42,79.97,6.634,38.76,122733,45,False,MEDIUM
RD-22891,MCH-002,Hydraulic Press #1,Production,2015,9,2024-09-03,125.78,65.43,2.609,46.78,25820,36,False,LOW
RD-22892,MCH-003,CNC Lathe Station 3,Machining,2019,5,2024-01-17,111.92,69.07,7.773,53.09,77814,42,False,MEDIUM
RD-22893,MCH-004,Valve Assembly Robot,Assembly,2020,4,2024-09-10,128.0,73.84,1.089,57.99,60964,16,False,LOW
RD-22894,MCH-005,Quality Test Bench,QA,2017,7,2023-10-28,138.52,52.83,0.894,43.65,126690,28,False,LOW
RD-22895,MCH-006,Packaging Unit B,Logistics,2016,8,2023-03-27,110.77,79.69,7.643,40.09,51711,53,True,MEDIUM
RD-22896,MCH-007,Hydraulic Press #2,Production,2014,10,2023-09-16,89.11,90.01,0.715,43.28,148244,47,False,MEDIUM
RD-22897,MCH-008,Welding Station Alpha,Production,2021,3,2024-04-14,126.71,78.3,1.771,44.78,97036,12,False,LOW
RD-22898,MCH-009,Cooling Circuit Pump,Utilities,2013,11,2024-01-07,127.38,56.15,0.975,67.95,196168,36,False,LOW
RD-22899,MCH-010,Conveyor System Main,Logistics,2016,8,2024-05-29,69.64,89.43,4.966,50.53,107073,52,True,MEDIUM
RD-22900,MCH-001,Pipe Bending Line A,Production,2018,6,2023-04-17,159.17,57.8,4.888,41.14,131820,24,False,LOW
RD-22901,MCH-002,Hydraulic Press #1,Production,2015,9,2023-05-23,148.96,75.79,6.484,64.16,41040,47,False,MEDIUM
RD-22902,MCH-003,CNC Lathe Station 3,Machining,2019,5,2023-04-06,143.15,84.0,2.162,40.08,25094,20,False,LOW
RD-22903,MCH-004,Valve Assembly Robot,Assembly,2020,4,2023-12-27,106.28,72.1,0.048,41.68,33392,16,True,LOW
RD-22904,MCH-005,Quality Test Bench,QA,2017,7,2024-01-28,136.52,67.58,1.506,26.98,142245,28,True,LOW
RD-22905,MCH-006,Packaging Unit B,Logistics,2016,8,2024-01-10,95.97,84.01,3.27,33.15,35280,34,False,LOW
RD-22906,MCH-007,Hydraulic Press #2,Production,2014,10,2024-04-19,81.88,39.12,6.887,45.16,120648,60,True,MEDIUM
RD-22907,MCH-008,Welding Station Alpha,Production,2021,3,2024-05-28,107.11,61.85,3.225,45.63,34334,12,False,LOW
RD-22908,MCH-009,Cooling Circuit Pump,Utilities,2013,11,2023-08-24,123.31,56.68,9.372,43.03,115744,70,True,HIGH
RD-22909,MCH-010,Conveyor System Main,Logistics,2016,8,2023-10-16,106.09,90.64,5.433,50.24,40782,42,False,MEDIUM
RD-22910,MCH-001,Pipe Bending Line A,Production,2018,6,2024-07-29,134.1,63.6,4.968,39.02,23010,24,False,LOW
RD-22911,MCH-002,Hydraulic Press #1,Production,2015,9,2024-05-15,131.55,74.5,0.653,42.27,120252,36,False,LOW
RD-22912,MCH-003,CNC Lathe Station 3,Machining,2019,5,2024-10-27,166.01,51.9,5.152,28.26,50626,21,False,LOW
RD-22913,MCH-004,Valve Assembly Robot,Assembly,2020,4,2023-12-30,125.08,65.06,0.49,55.57,88340,16,True,LOW
RD-22914,MCH-005,Quality Test Bench,QA,2017,7,2023-10-21,166.29,97.68,1.381,43.16,122367,43,False,MEDIUM
RD-22915,MCH-006,Packaging Unit B,Logistics,2016,8,2024-10-05,131.29,57.35,1.313,27.15,143931,32,False,LOW
RD-22916,MCH-007,Hydraulic Press #2,Production,2014,10,2024-12-02,112.28,100.86,0.607,52.69,138304,55,True,MEDIUM
RD-22917,MCH-008,Welding Station Alpha,Production,2021,3,2023-10-28,125.35,64.8,3.469,47.27,52844,12,False,LOW
RD-22918,MCH-009,Cooling Circuit Pump,Utilities,2013,11,2023-08-23,174.68,51.91,4.878,47.8,48376,36,False,LOW
RD-22919,MCH-010,Conveyor System Main,Logistics,2016,8,2024-02-22,132.51,49.61,12.97,48.38,20424,95,True,HIGH
RD-22920,MCH-001,Pipe Bending Line A,Production,2018,6,2024-02-14,86.79,52.59,1.98,47.97,92433,30,False,LOW
RD-22921,MCH-002,Hydraulic Press #1,Production,2015,9,2024-05-11,115.66,70.35,7.962,51.9,189488,59,False,MEDIUM
RD-22922,MCH-003,CNC Lathe Station 3,Machining,2019,5,2024-12-10,129.83,59.5,4.064,49.75,23268,20,False,LOW
RD-22923,MCH-004,Valve Assembly Robot,Assembly,2020,4,2024-07-04,121.64,69.52,6.458,50.89,95546,27,False,LOW
RD-22924,MCH-005,Quality Test Bench,QA,2017,7,2023-09-15,105.9,82.5,6.795,35.13,121968,42,True,MEDIUM
RD-22925,MCH-006,Packaging Unit B,Logistics,2016,8,2023-03-04,136.63,56.61,4.047,40.39,105180,32,False,LOW
RD-22926,MCH-007,Hydraulic Press #2,Production,2014,10,2023-01-17,56.31,66.39,1.498,43.9,125248,57,False,MEDIUM
RD-22927,MCH-008,Welding Station Alpha,Production,2021,3,2024-06-26,126.51,73.05,3.037,57.21,11212,12,False,LOW
RD-22928,MCH-009,Cooling Circuit Pump,Utilities,2013,11,2024-10-22,153.66,76.58,0.457,52.97,21564,36,False,LOW
RD-22929,MCH-010,Conveyor System Main,Logistics,2016,8,2023-04-19,90.1,71.36,1.448,38.41,30954,36,False,LOW
RD-22930,MCH-001,Pipe Bending Line A,Production,2018,6,2023-07-05,108.41,59.05,5.319,60.73,23802,26,False,LOW
RD-22931,MCH-002,Hydraulic Press #1,Production,2015,9,2023-08-26,102.21,67.15,2.589,19.59,150868,36,False,LOW
RD-22932,MCH-003,CNC Lathe Station 3,Machining,2019,5,2023-01-12,145.14,62.88,3.305,46.87,90102,20,True,LOW
RD-22933,MCH-004,Valve Assembly Robot,Assembly,2020,4,2024-05-12,139.0,79.03,3.771,53.17,85010,16,False,LOW
RD-22934,MCH-005,Quality Test Bench,QA,2017,7,2024-01-02,126.67,80.83,0.321,44.78,55836,28,True,LOW
RD-22935,MCH-006,Packaging Unit B,Logistics,2016,8,2023-07-24,98.74,51.65,2.843,62.13,23079,32,False,LOW
RD-22936,MCH-007,Hydraulic Press #2,Production,2014,10,2023-10-10,129.69,51.42,5.074,54.11,133988,36,False,LOW
RD-22937,MCH-008,Welding Station Alpha,Production,2021,3,2023-04-11,113.34,60.39,2.036,45.45,61750,12,False,LOW
RD-22938,MCH-009,Cooling Circuit Pump,Utilities,2013,11,2023-03-24,119.09,44.06,0.528,47.88,191560,36,False,LOW
RD-22939,MCH-010,Conveyor System Main,Logistics,2016,8,2023-12-06,113.32,72.3,3.978,50.61,84390,32,False,LOW
RD-22940,MCH-001,Pipe Bending Line A,Production,2018,6,2024-02-20,89.17,101.36,4.406,52.69,64500,49,False,MEDIUM
RD-22941,MCH-002,Hydraulic Press #1,Production,2015,9,2023-02-26,132.08,57.2,6.227,41.76,62236,45,False,MEDIUM
RD-22942,MCH-003,CNC Lathe Station 3,Machining,2019,5,2024-04-09,123.46,81.61,4.33,51.81,95730,20,False,LOW
RD-22943,MCH-004,Valve Assembly Robot,Assembly,2020,4,2024-04-30,147.45,92.2,4.98,42.21,41218,24,False,LOW
RD-22944,MCH-005,Quality Test Bench,QA,2017,7,2023-01-15,90.47,54.16,0.341,36.69,138510,32,False,LOW
RD-22945,MCH-006,Packaging Unit B,Logistics,2016,8,2024-01-24,121.89,91.24,0.364,33.36,41073,39,False,LOW
RD-22946,MCH-007,Hydraulic Press #2,Production,2014,10,2024-11-27,99.63,50.17,4.199,48.43,107552,36,False,LOW
RD-22947,MCH-008,Welding Station Alpha,Production,2021,3,2023-01-27,111.08,83.83,7.114,46.88,41162,28,False,LOW
RD-22948,MCH-009,Cooling Circuit Pump,Utilities,2013,11,2023-06-01,99.31,53.13,1.753,47.97,79044,36,False,LOW
RD-22949,MCH-010,Conveyor System Main,Logistics,2016,8,2024-07-21,103.44,50.93,5.336,41.48,83103,34,False,LOW
RD-22950,MCH-001,Pipe Bending Line A,Production,2018,6,2023-09-20,87.36,102.63,1.919,31.46,64368,51,True,MEDIUM
RD-22951,MCH-002,Hydraulic Press #1,Production,2015,9,2024-12-18,75.05,96.9,5.487,53.25,182892,66,False,MEDIUM
RD-22952,MCH-003,CNC Lathe Station 3,Machining,2019,5,2024-04-03,118.76,67.31,2.07,57.45,41856,20,False,LOW
RD-22953,MCH-004,Valve Assembly Robot,Assembly,2020,4,2023-06-07,101.17,67.96,3.575,48.6,18554,16,True,LOW
RD-22954,MCH-005,Quality Test Bench,QA,2017,7,2024-09-30,126.4,53.8,4.996,61.1,148776,28,True,LOW
RD-22955,MCH-006,Packaging Unit B,Logistics,2016,8,2023-05-25,110.17,89.78,0.449,43.17,74175,37,True,LOW
RD-22956,MCH-007,Hydraulic Press #2,Production,2014,10,2023-05-08,116.65,96.68,1.959,52.29,178072,50,True,MEDIUM
RD-22957,MCH-008,Welding Station Alpha,Production,2021,3,2023-05-12,79.89,77.11,2.268,47.71,70666,22,True,LOW
RD-22958,MCH-009,Cooling Circuit Pump,Utilities,2013,11,2024-03-20,157.64,70.4,2.488,45.52,178368,36,False,LOW
RD-22959,MCH-010,Conveyor System Main,Logistics,2016,8,2023-03-25,103.61,57.57,2.913,54.17,70257,32,False,LOW
RD-22960,MCH-001,Pipe Bending Line A,Production,2018,6,2023-06-19,107.89,86.72,2.983,45.33,139773,26,True,LOW
RD-22961,MCH-002,Hydraulic Press #1,Production,2015,9,2024-09-28,102.87,79.7,4.094,45.86,39952,36,False,LOW
RD-22962,MCH-003,CNC Lathe Station 3,Machining,2019,5,2023-02-15,123.42,79.12,4.987,49.36,34192,20,False,LOW
RD-22963,MCH-004,Valve Assembly Robot,Assembly,2020,4,2024-06-11,120.5,88.91,1.28,51.3,96380,20,False,LOW
RD-22964,MCH-005,Quality Test Bench,QA,2017,7,2024-05-04,90.09,53.51,0.131,60.65,50424,32,False,LOW
RD-22965,MCH-006,Packaging Unit B,Logistics,2016,8,2024-03-09,97.92,59.25,1.794,56.79,124956,33,False,LOW
RD-22966,MCH-007,Hydraulic Press #2,Production,2014,10,2023-07-15,119.28,47.21,10.431,36.19,52816,79,False,HIGH
RD-22967,MCH-008,Welding Station Alpha,Production,2021,3,2023-03-22,128.62,42.06,1.538,45.63,58262,12,False,LOW
RD-22968,MCH-009,Cooling Circuit Pump,Utilities,2013,11,2023-11-05,119.52,85.28,7.37,47.79,28708,55,True,MEDIUM
RD-22969,MCH-010,Conveyor System Main,Logistics,2016,8,2023-12-17,109.61,50.69,1.194,49.17,97221,32,False,LOW
RD-22970,MCH-001,Pipe Bending Line A,Production,2018,6,2023-03-13,125.96,68.64,4.589,52.86,117678,24,False,LOW
RD-22971,MCH-002,Hydraulic Press #1,Production,2015,9,2023-12-05,113.86,84.56,1.782,53.34,182256,36,False,LOW
RD-22972,MCH-003,CNC Lathe Station 3,Machining,2019,5,2023-12-11,107.71,83.05,3.043,35.69,86856,20,False,LOW
RD-22973,MCH-004,Valve Assembly Robot,Assembly,2020,4,2023-02-25,96.81,79.25,3.61,43.57,52770,17,False,LOW
RD-22974,MCH-005,Quality Test Bench,QA,2017,7,2023-07-03,136.62,80.01,2.898,45.85,104349,28,True,LOW
RD-22975,MCH-006,Packaging Unit B,Logistics,2016,8,2023-03-04,164.9,79.08,1.045,42.39,52116,32,False,LOW
RD-22976,MCH-007,Hydraulic Press #2,Production,2014,10,2024-12-22,105.94,16.34,10.891,41.09,92900,83,False,HIGH
RD-22977,MCH-008,Welding Station Alpha,Production,2021,3,2024-11-04,96.42,70.44,3.926,42.43,10406,13,False,LOW
RD-22978,MCH-009,Cooling Circuit Pump,Utilities,2013,11,2023-07-12,158.77,86.32,1.173,33.46,30652,37,True,LOW
RD-22979,MCH-010,Conveyor System Main,Logistics,2016,8,2024-11-26,150.71,99.15,3.084,48.67,83034,48,True,MEDIUM
RD-22980,MCH-001,Pipe Bending Line A,Production,2018,6,2024-02-23,155.84,83.38,3.867,53.3,80316,24,False,LOW
RD-22981,MCH-002,Hydraulic Press #1,Production,2015,9,2024-05-12,100.67,33.8,3.698,50.75,92332,36,False,LOW
RD-22982,MCH-003,CNC Lathe Station 3,Machining,2019,5,2023-07-09,137.35,97.91,2.52,45.45,39160,35,True,LOW
RD-22983,MCH-004,Valve Assembly Robot,Assembly,2020,4,2024-08-20,120.86,77.07,0.094,49.12,24842,16,False,LOW
RD-22984,MCH-005,Quality Test Bench,QA,2017,7,2024-05-27,155.61,73.7,4.086,45.68,22059,28,False,LOW
RD-22985,MCH-006,Packaging Unit B,Logistics,2016,8,2024-11-01,123.76,120.64,1.368,45.91,15894,74,True,HIGH
RD-22986,MCH-007,Hydraulic Press #2,Production,2014,10,2024-04-24,159.71,103.84,5.76,36.41,100356,64,False,MEDIUM
RD-22987,MCH-008,Welding Station Alpha,Production,2021,3,2023-06-03,131.79,81.42,0.787,38.57,65798,12,False,LOW
RD-22988,MCH-009,Cooling Circuit Pump,Utilities,2013,11,2023-05-26,120.8,46.6,2.476,46.17,126476,36,False,LOW
RD-22989,MCH-010,Conveyor System Main,Logistics,2016,8,2024-10-04,105.06,74.78,1.196,46.21,102405,32,False,LOW
RD-22990,MCH-001,Pipe Bending Line A,Production,2018,6,2024-08-02,109.8,44.03,6.532,45.27,83946,36,False,LOW
RD-22991,MCH-002,Hydraulic Press #1,Production,2015,9,2023-02-28,116.05,76.91,1.536,30.15,88464,36,True,LOW
RD-22992,MCH-003,CNC Lathe Station 3,Machining,2019,5,2024-07-31,119.06,69.93,4.806,45.17,88042,20,False,LOW
RD-22993,MCH-004,Valve Assembly Robot,Assembly,2020,4,2024-11-09,121.23,57.48,6.328,41.99,20472,26,False,LOW
RD-22994,MCH-005,Quality Test Bench,QA,2017,7,2023-06-19,140.0,70.27,6.527,43.43,132180,40,True,MEDIUM
RD-22995,MCH-006,Packaging Unit B,Logistics,2016,8,2023-03-02,104.22,86.93,2.217,36.32,92919,34,False,LOW
RD-22996,MCH-007,Hydraulic Press #2,Production,2014,10,2023-02-05,104.48,31.3,0.726,33.55,53508,36,False,LOW
RD-22997,MCH-008,Welding Station Alpha,Production,2021,3,2023-08-23,153.69,82.88,2.085,34.5,61182,12,False,LOW
RD-22998,MCH-009,Cooling Circuit Pump,Utilities,2013,11,2023-06-11,97.45,55.69,2.498,35.02,123060,37,True,LOW
RD-22999,MCH-010,Conveyor System Main,Logistics,2016,8,2023-05-04,120.46,66.06,0.372,50.07,118953,32,False,LOW
